{"workflows": [{"id": 11, "tasks": [{"id": 0, "workflow_id": 11, "length": 55240, "req_memory_mb": 88064, "req_cpu_cores": 3, "child_ids": [1]}, {"id": 1, "workflow_id": 11, "length": 58727, "req_memory_mb": 62464, "req_cpu_cores": 7, "child_ids": [2, 3, 4, 5, 6, 7, 8, 9, 11, 12, 13, 14, 15, 16, 17]}, {"id": 2, "workflow_id": 11, "length": 27041, "req_memory_mb": 72704, "req_cpu_cores": 8, "child_ids": [11, 12, 13, 14, 16]}, {"id": 3, "workflow_id": 11, "length": 10045, "req_memory_mb": 24576, "req_cpu_cores": 9, "child_ids": [14, 15, 16]}, {"id": 4, "workflow_id": 11, "length": 44252, "req_memory_mb": 92160, "req_cpu_cores": 11, "child_ids": [5, 6, 7, 8, 11, 12, 13, 14, 16, 17]}, {"id": 5, "workflow_id": 11, "length": 49132, "req_memory_mb": 99328, "req_cpu_cores": 14, "child_ids": [6, 7, 8, 9, 10, 11, 12, 13, 16, 17]}, {"id": 6, "workflow_id": 11, "length": 26622, "req_memory_mb": 106496, "req_cpu_cores": 5, "child_ids": [8, 9, 10, 12, 13, 15, 16, 17]}, {"id": 7, "workflow_id": 11, "length": 58615, "req_memory_mb": 72704, "req_cpu_cores": 10, "child_ids": [8, 11, 12, 13, 14, 15, 16]}, {"id": 8, "workflow_id": 11, "length": 72751, "req_memory_mb": 15360, "req_cpu_cores": 6, "child_ids": [9, 11, 12, 13, 14, 15, 17]}, {"id": 9, "workflow_id": 11, "length": 48092, "req_memory_mb": 79872, "req_cpu_cores": 7, "child_ids": [10, 11, 12, 14, 16, 17]}, {"id": 10, "workflow_id": 11, "length": 50390, "req_memory_mb": 31744, "req_cpu_cores": 3, "child_ids": [11, 12, 13, 15]}, {"id": 11, "workflow_id": 11, "length": 35266, "req_memory_mb": 109568, "req_cpu_cores": 2, "child_ids": [12, 13, 14, 17]}, {"id": 12, "workflow_id": 11, "length": 77079, "req_memory_mb": 100352, "req_cpu_cores": 5, "child_ids": [13, 14, 15, 16, 17]}, {"id": 13, "workflow_id": 11, "length": 40806, "req_memory_mb": 47104, "req_cpu_cores": 14, "child_ids": []}, {"id": 14, "workflow_id": 11, "length": 73037, "req_memory_mb": 51200, "req_cpu_cores": 7, "child_ids": [15, 16, 17]}, {"id": 15, "workflow_id": 11, "length": 47547, "req_memory_mb": 31744, "req_cpu_cores": 11, "child_ids": []}, {"id": 16, "workflow_id": 11, "length": 31732, "req_memory_mb": 45056, "req_cpu_cores": 5, "child_ids": []}, {"id": 17, "workflow_id": 11, "length": 41726, "req_memory_mb": 40960, "req_cpu_cores": 12, "child_ids": []}], "arrival_time": 0}, {"id": 14, "tasks": [{"id": 0, "workflow_id": 14, "length": 38453, "req_memory_mb": 61440, "req_cpu_cores": 12, "child_ids": [1, 2]}, {"id": 1, "workflow_id": 14, "length": 37169, "req_memory_mb": 29696, "req_cpu_cores": 5, "child_ids": [19, 20, 21]}, {"id": 2, "workflow_id": 14, "length": 58443, "req_memory_mb": 62464, "req_cpu_cores": 8, "child_ids": [3, 4, 5, 6, 7, 8, 9, 12, 13, 15, 17, 19, 21]}, {"id": 3, "workflow_id": 14, "length": 56762, "req_memory_mb": 106496, "req_cpu_cores": 13, "child_ids": []}, {"id": 4, "workflow_id": 14, "length": 45955, "req_memory_mb": 33792, "req_cpu_cores": 13, "child_ids": [5, 6, 7, 8, 9, 10, 11, 12, 13, 14, 15, 17, 18, 19, 20, 21]}, {"id": 5, "workflow_id": 14, "length": 49945, "req_memory_mb": 103424, "req_cpu_cores": 13, "child_ids": [6, 8, 9, 10, 11, 12, 14, 15, 16, 17, 18, 19, 20, 21]}, {"id": 6, "workflow_id": 14, "length": 38320, "req_memory_mb": 91136, "req_cpu_cores": 9, "child_ids": [7, 8, 9, 12, 14, 16, 18, 19, 21]}, {"id": 7, "workflow_id": 14, "length": 35339, "req_memory_mb": 67584, "req_cpu_cores": 6, "child_ids": [8, 9, 10, 11, 13, 14, 15, 16, 17, 19, 20, 21]}, {"id": 8, "workflow_id": 14, "length": 55339, "req_memory_mb": 87040, "req_cpu_cores": 3, "child_ids": [9, 10, 12, 13, 14, 17, 18]}, {"id": 9, "workflow_id": 14, "length": 46258, "req_memory_mb": 29696, "req_cpu_cores": 2, "child_ids": [10, 11, 12, 13, 14, 20, 21]}, {"id": 10, "workflow_id": 14, "length": 48850, "req_memory_mb": 105472, "req_cpu_cores": 4, "child_ids": [11, 12, 13, 14, 15, 16, 17, 18, 19, 20, 21]}, {"id": 11, "workflow_id": 14, "length": 35917, "req_memory_mb": 16384, "req_cpu_cores": 2, "child_ids": [13, 14, 15, 16, 17, 18, 19, 21]}, {"id": 12, "workflow_id": 14, "length": 64165, "req_memory_mb": 87040, "req_cpu_cores": 6, "child_ids": [13, 14, 15, 16, 19, 20, 21]}, {"id": 13, "workflow_id": 14, "length": 71459, "req_memory_mb": 86016, "req_cpu_cores": 7, "child_ids": [14, 15, 16, 18, 20, 21]}, {"id": 14, "workflow_id": 14, "length": 27446, "req_memory_mb": 62464, "req_cpu_cores": 9, "child_ids": [15, 16, 19, 20]}, {"id": 15, "workflow_id": 14, "length": 83071, "req_memory_mb": 59392, "req_cpu_cores": 10, "child_ids": [20, 21]}, {"id": 16, "workflow_id": 14, "length": 39718, "req_memory_mb": 15360, "req_cpu_cores": 9, "child_ids": [17, 18, 19, 20]}, {"id": 17, "workflow_id": 14, "length": 70739, "req_memory_mb": 93184, "req_cpu_cores": 4, "child_ids": []}, {"id": 18, "workflow_id": 14, "length": 54308, "req_memory_mb": 12288, "req_cpu_cores": 2, "child_ids": [19, 20, 21]}, {"id": 19, "workflow_id": 14, "length": 54373, "req_memory_mb": 27648, "req_cpu_cores": 8, "child_ids": [20, 21]}, {"id": 20, "workflow_id": 14, "length": 60674, "req_memory_mb": 40960, "req_cpu_cores": 12, "child_ids": []}, {"id": 21, "workflow_id": 14, "length": 57812, "req_memory_mb": 102400, "req_cpu_cores": 11, "child_ids": []}], "arrival_time": 0}, {"id": 2, "tasks": [{"id": 0, "workflow_id": 2, "length": 80633, "req_memory_mb": 56320, "req_cpu_cores": 11, "child_ids": [1, 3, 4]}, {"id": 1, "workflow_id": 2, "length": 13572, "req_memory_mb": 38912, "req_cpu_cores": 3, "child_ids": [2, 7, 8, 9, 10, 11, 15]}, {"id": 2, "workflow_id": 2, "length": 68306, "req_memory_mb": 89088, "req_cpu_cores": 4, "child_ids": [6, 9]}, {"id": 3, "workflow_id": 2, "length": 39976, "req_memory_mb": 21504, "req_cpu_cores": 8, "child_ids": [5, 6, 7, 8, 9, 10, 11, 12, 13, 14, 15]}, {"id": 4, "workflow_id": 2, "length": 51509, "req_memory_mb": 93184, "req_cpu_cores": 8, "child_ids": [7, 8, 10, 11, 12, 14]}, {"id": 5, "workflow_id": 2, "length": 61906, "req_memory_mb": 24576, "req_cpu_cores": 4, "child_ids": [6, 7, 8, 9, 10, 11, 12, 13, 14]}, {"id": 6, "workflow_id": 2, "length": 39660, "req_memory_mb": 22528, "req_cpu_cores": 13, "child_ids": [7, 8, 9, 10, 11, 12, 14, 15]}, {"id": 7, "workflow_id": 2, "length": 56469, "req_memory_mb": 82944, "req_cpu_cores": 12, "child_ids": [10, 11, 12, 15]}, {"id": 8, "workflow_id": 2, "length": 77486, "req_memory_mb": 24576, "req_cpu_cores": 5, "child_ids": [9, 10, 11, 13, 14]}, {"id": 9, "workflow_id": 2, "length": 65458, "req_memory_mb": 51200, "req_cpu_cores": 3, "child_ids": [10, 11, 12, 13, 15]}, {"id": 10, "workflow_id": 2, "length": 56958, "req_memory_mb": 33792, "req_cpu_cores": 8, "child_ids": [11, 13, 14, 15]}, {"id": 11, "workflow_id": 2, "length": 33614, "req_memory_mb": 12288, "req_cpu_cores": 2, "child_ids": [12, 13, 14, 15]}, {"id": 12, "workflow_id": 2, "length": 28256, "req_memory_mb": 63488, "req_cpu_cores": 5, "child_ids": []}, {"id": 13, "workflow_id": 2, "length": 34431, "req_memory_mb": 59392, "req_cpu_cores": 8, "child_ids": []}, {"id": 14, "workflow_id": 2, "length": 54305, "req_memory_mb": 72704, "req_cpu_cores": 7, "child_ids": [15]}, {"id": 15, "workflow_id": 2, "length": 54210, "req_memory_mb": 105472, "req_cpu_cores": 6, "child_ids": []}], "arrival_time": 0}, {"id": 8, "tasks": [{"id": 0, "workflow_id": 8, "length": 46594, "req_memory_mb": 28672, "req_cpu_cores": 5, "child_ids": [1, 4]}, {"id": 1, "workflow_id": 8, "length": 53436, "req_memory_mb": 93184, "req_cpu_cores": 3, "child_ids": [2, 8, 9, 12]}, {"id": 2, "workflow_id": 8, "length": 26986, "req_memory_mb": 77824, "req_cpu_cores": 10, "child_ids": [3, 9, 11]}, {"id": 3, "workflow_id": 8, "length": 21947, "req_memory_mb": 78848, "req_cpu_cores": 2, "child_ids": [5, 6, 7, 9, 10, 11, 13]}, {"id": 4, "workflow_id": 8, "length": 41997, "req_memory_mb": 57344, "req_cpu_cores": 4, "child_ids": [5, 6, 7, 8, 9, 10, 12, 13]}, {"id": 5, "workflow_id": 8, "length": 25760, "req_memory_mb": 67584, "req_cpu_cores": 13, "child_ids": [6, 7, 8, 9, 11, 12]}, {"id": 6, "workflow_id": 8, "length": 62797, "req_memory_mb": 11264, "req_cpu_cores": 12, "child_ids": [7, 8, 9, 10, 11, 13]}, {"id": 7, "workflow_id": 8, "length": 51749, "req_memory_mb": 51200, "req_cpu_cores": 2, "child_ids": [8, 10, 11, 12]}, {"id": 8, "workflow_id": 8, "length": 59904, "req_memory_mb": 95232, "req_cpu_cores": 7, "child_ids": [11, 12]}, {"id": 9, "workflow_id": 8, "length": 58515, "req_memory_mb": 16384, "req_cpu_cores": 3, "child_ids": [10, 11, 12, 13]}, {"id": 10, "workflow_id": 8, "length": 72798, "req_memory_mb": 49152, "req_cpu_cores": 9, "child_ids": [11, 12, 13]}, {"id": 11, "workflow_id": 8, "length": 74810, "req_memory_mb": 26624, "req_cpu_cores": 2, "child_ids": [12, 13]}, {"id": 12, "workflow_id": 8, "length": 46387, "req_memory_mb": 80896, "req_cpu_cores": 9, "child_ids": []}, {"id": 13, "workflow_id": 8, "length": 38289, "req_memory_mb": 93184, "req_cpu_cores": 1, "child_ids": []}], "arrival_time": 0}, {"id": 1, "tasks": [{"id": 0, "workflow_id": 1, "length": 64485, "req_memory_mb": 16384, "req_cpu_cores": 4, "child_ids": [1, 2, 3, 4, 5, 6, 7, 8, 10, 12, 13, 14, 15, 17, 18, 19, 21, 22, 24, 25]}, {"id": 1, "workflow_id": 1, "length": 40452, "req_memory_mb": 16384, "req_cpu_cores": 8, "child_ids": [20]}, {"id": 2, "workflow_id": 1, "length": 28394, "req_memory_mb": 51200, "req_cpu_cores": 7, "child_ids": [11]}, {"id": 3, "workflow_id": 1, "length": 48792, "req_memory_mb": 91136, "req_cpu_cores": 8, "child_ids": [4, 15, 17, 21, 24, 25, 27]}, {"id": 4, "workflow_id": 1, "length": 82523, "req_memory_mb": 25600, "req_cpu_cores": 5, "child_ids": [14, 24, 25]}, {"id": 5, "workflow_id": 1, "length": 19847, "req_memory_mb": 22528, "req_cpu_cores": 2, "child_ids": [26]}, {"id": 6, "workflow_id": 1, "length": 46360, "req_memory_mb": 31744, "req_cpu_cores": 13, "child_ids": [16, 17]}, {"id": 7, "workflow_id": 1, "length": 65739, "req_memory_mb": 33792, "req_cpu_cores": 3, "child_ids": [9]}, {"id": 8, "workflow_id": 1, "length": 68160, "req_memory_mb": 7168, "req_cpu_cores": 5, "child_ids": [23]}, {"id": 9, "workflow_id": 1, "length": 58199, "req_memory_mb": 28672, "req_cpu_cores": 7, "child_ids": []}, {"id": 10, "workflow_id": 1, "length": 40084, "req_memory_mb": 82944, "req_cpu_cores": 8, "child_ids": []}, {"id": 11, "workflow_id": 1, "length": 77052, "req_memory_mb": 82944, "req_cpu_cores": 10, "child_ids": []}, {"id": 12, "workflow_id": 1, "length": 53853, "req_memory_mb": 77824, "req_cpu_cores": 7, "child_ids": [20, 26]}, {"id": 13, "workflow_id": 1, "length": 56291, "req_memory_mb": 77824, "req_cpu_cores": 4, "child_ids": []}, {"id": 14, "workflow_id": 1, "length": 64043, "req_memory_mb": 37888, "req_cpu_cores": 3, "child_ids": [15, 23, 25, 26, 27]}, {"id": 15, "workflow_id": 1, "length": 21210, "req_memory_mb": 73728, "req_cpu_cores": 6, "child_ids": [26]}, {"id": 16, "workflow_id": 1, "length": 45774, "req_memory_mb": 23552, "req_cpu_cores": 7, "child_ids": []}, {"id": 17, "workflow_id": 1, "length": 57872, "req_memory_mb": 37888, "req_cpu_cores": 9, "child_ids": [27]}, {"id": 18, "workflow_id": 1, "length": 42057, "req_memory_mb": 35840, "req_cpu_cores": 13, "child_ids": []}, {"id": 19, "workflow_id": 1, "length": 52511, "req_memory_mb": 101376, "req_cpu_cores": 7, "child_ids": []}, {"id": 20, "workflow_id": 1, "length": 77819, "req_memory_mb": 34816, "req_cpu_cores": 12, "child_ids": []}, {"id": 21, "workflow_id": 1, "length": 56085, "req_memory_mb": 91136, "req_cpu_cores": 13, "child_ids": [27]}, {"id": 22, "workflow_id": 1, "length": 6660, "req_memory_mb": 49152, "req_cpu_cores": 3, "child_ids": [23, 25, 26, 27]}, {"id": 23, "workflow_id": 1, "length": 73877, "req_memory_mb": 87040, "req_cpu_cores": 5, "child_ids": [24, 25, 27]}, {"id": 24, "workflow_id": 1, "length": 51123, "req_memory_mb": 63488, "req_cpu_cores": 7, "child_ids": []}, {"id": 25, "workflow_id": 1, "length": 37493, "req_memory_mb": 7168, "req_cpu_cores": 2, "child_ids": []}, {"id": 26, "workflow_id": 1, "length": 52887, "req_memory_mb": 101376, "req_cpu_cores": 6, "child_ids": []}, {"id": 27, "workflow_id": 1, "length": 32663, "req_memory_mb": 38912, "req_cpu_cores": 5, "child_ids": []}], "arrival_time": 0}, {"id": 3, "tasks": [{"id": 0, "workflow_id": 3, "length": 42407, "req_memory_mb": 11264, "req_cpu_cores": 5, "child_ids": [1, 2, 3, 4, 6, 7, 9, 10, 11, 13, 14, 16, 17, 19, 23, 26]}, {"id": 1, "workflow_id": 3, "length": 46883, "req_memory_mb": 39936, "req_cpu_cores": 12, "child_ids": []}, {"id": 2, "workflow_id": 3, "length": 40499, "req_memory_mb": 100352, "req_cpu_cores": 7, "child_ids": [7, 8, 10, 12, 14, 16, 18, 19, 21, 27]}, {"id": 3, "workflow_id": 3, "length": 63912, "req_memory_mb": 92160, "req_cpu_cores": 3, "child_ids": []}, {"id": 4, "workflow_id": 3, "length": 59233, "req_memory_mb": 94208, "req_cpu_cores": 2, "child_ids": [5, 12, 24]}, {"id": 5, "workflow_id": 3, "length": 38644, "req_memory_mb": 80896, "req_cpu_cores": 5, "child_ids": [21, 22]}, {"id": 6, "workflow_id": 3, "length": 75017, "req_memory_mb": 88064, "req_cpu_cores": 9, "child_ids": []}, {"id": 7, "workflow_id": 3, "length": 58509, "req_memory_mb": 102400, "req_cpu_cores": 13, "child_ids": [8]}, {"id": 8, "workflow_id": 3, "length": 51844, "req_memory_mb": 55296, "req_cpu_cores": 10, "child_ids": []}, {"id": 9, "workflow_id": 3, "length": 74263, "req_memory_mb": 111616, "req_cpu_cores": 11, "child_ids": []}, {"id": 10, "workflow_id": 3, "length": 38792, "req_memory_mb": 13312, "req_cpu_cores": 9, "child_ids": [27]}, {"id": 11, "workflow_id": 3, "length": 62305, "req_memory_mb": 62464, "req_cpu_cores": 3, "child_ids": []}, {"id": 12, "workflow_id": 3, "length": 49046, "req_memory_mb": 19456, "req_cpu_cores": 11, "child_ids": [15]}, {"id": 13, "workflow_id": 3, "length": 82038, "req_memory_mb": 30720, "req_cpu_cores": 12, "child_ids": []}, {"id": 14, "workflow_id": 3, "length": 44305, "req_memory_mb": 44032, "req_cpu_cores": 11, "child_ids": [20, 27]}, {"id": 15, "workflow_id": 3, "length": 64216, "req_memory_mb": 38912, "req_cpu_cores": 9, "child_ids": [24]}, {"id": 16, "workflow_id": 3, "length": 50727, "req_memory_mb": 6144, "req_cpu_cores": 9, "child_ids": []}, {"id": 17, "workflow_id": 3, "length": 52731, "req_memory_mb": 22528, "req_cpu_cores": 4, "child_ids": [18]}, {"id": 18, "workflow_id": 3, "length": 52771, "req_memory_mb": 79872, "req_cpu_cores": 9, "child_ids": [27]}, {"id": 19, "workflow_id": 3, "length": 28301, "req_memory_mb": 35840, "req_cpu_cores": 11, "child_ids": []}, {"id": 20, "workflow_id": 3, "length": 37739, "req_memory_mb": 108544, "req_cpu_cores": 10, "child_ids": []}, {"id": 21, "workflow_id": 3, "length": 51581, "req_memory_mb": 4096, "req_cpu_cores": 9, "child_ids": []}, {"id": 22, "workflow_id": 3, "length": 28661, "req_memory_mb": 15360, "req_cpu_cores": 8, "child_ids": [25]}, {"id": 23, "workflow_id": 3, "length": 81615, "req_memory_mb": 38912, "req_cpu_cores": 13, "child_ids": []}, {"id": 24, "workflow_id": 3, "length": 68525, "req_memory_mb": 105472, "req_cpu_cores": 6, "child_ids": []}, {"id": 25, "workflow_id": 3, "length": 58603, "req_memory_mb": 10240, "req_cpu_cores": 6, "child_ids": []}, {"id": 26, "workflow_id": 3, "length": 25789, "req_memory_mb": 32768, "req_cpu_cores": 3, "child_ids": []}, {"id": 27, "workflow_id": 3, "length": 51589, "req_memory_mb": 89088, "req_cpu_cores": 7, "child_ids": []}], "arrival_time": 0}]}