{"workflows": [{"id": 12, "tasks": [{"id": 0, "workflow_id": 12, "length": 49253, "req_memory_mb": 108544, "req_cpu_cores": 4, "child_ids": [1, 2, 3, 4, 5, 7, 8, 9, 10, 11, 14, 16, 17, 19, 22, 23, 24, 26]}, {"id": 1, "workflow_id": 12, "length": 42539, "req_memory_mb": 38912, "req_cpu_cores": 13, "child_ids": [6]}, {"id": 2, "workflow_id": 12, "length": 69365, "req_memory_mb": 82944, "req_cpu_cores": 6, "child_ids": []}, {"id": 3, "workflow_id": 12, "length": 38267, "req_memory_mb": 101376, "req_cpu_cores": 13, "child_ids": []}, {"id": 4, "workflow_id": 12, "length": 49541, "req_memory_mb": 87040, "req_cpu_cores": 4, "child_ids": [12, 13, 17, 25]}, {"id": 5, "workflow_id": 12, "length": 51887, "req_memory_mb": 43008, "req_cpu_cores": 1, "child_ids": []}, {"id": 6, "workflow_id": 12, "length": 39638, "req_memory_mb": 90112, "req_cpu_cores": 8, "child_ids": [9, 10, 14, 18, 22, 26]}, {"id": 7, "workflow_id": 12, "length": 65848, "req_memory_mb": 44032, "req_cpu_cores": 13, "child_ids": [25]}, {"id": 8, "workflow_id": 12, "length": 61152, "req_memory_mb": 59392, "req_cpu_cores": 7, "child_ids": [9, 11, 13, 14, 16, 17, 21, 24, 26]}, {"id": 9, "workflow_id": 12, "length": 55277, "req_memory_mb": 31744, "req_cpu_cores": 8, "child_ids": [18]}, {"id": 10, "workflow_id": 12, "length": 54165, "req_memory_mb": 7168, "req_cpu_cores": 2, "child_ids": []}, {"id": 11, "workflow_id": 12, "length": 86529, "req_memory_mb": 62464, "req_cpu_cores": 9, "child_ids": []}, {"id": 12, "workflow_id": 12, "length": 37207, "req_memory_mb": 34816, "req_cpu_cores": 6, "child_ids": [13, 14, 16, 17, 19, 21, 22, 24]}, {"id": 13, "workflow_id": 12, "length": 50930, "req_memory_mb": 31744, "req_cpu_cores": 12, "child_ids": [15]}, {"id": 14, "workflow_id": 12, "length": 36352, "req_memory_mb": 65536, "req_cpu_cores": 6, "child_ids": [16, 17, 19, 20, 22]}, {"id": 15, "workflow_id": 12, "length": 63329, "req_memory_mb": 87040, "req_cpu_cores": 6, "child_ids": [17, 18]}, {"id": 16, "workflow_id": 12, "length": 69783, "req_memory_mb": 102400, "req_cpu_cores": 2, "child_ids": [21]}, {"id": 17, "workflow_id": 12, "length": 71899, "req_memory_mb": 86016, "req_cpu_cores": 7, "child_ids": [21]}, {"id": 18, "workflow_id": 12, "length": 28880, "req_memory_mb": 75776, "req_cpu_cores": 9, "child_ids": [22]}, {"id": 19, "workflow_id": 12, "length": 35379, "req_memory_mb": 16384, "req_cpu_cores": 1, "child_ids": [22]}, {"id": 20, "workflow_id": 12, "length": 29529, "req_memory_mb": 33792, "req_cpu_cores": 9, "child_ids": []}, {"id": 21, "workflow_id": 12, "length": 55801, "req_memory_mb": 104448, "req_cpu_cores": 13, "child_ids": [22, 26]}, {"id": 22, "workflow_id": 12, "length": 45484, "req_memory_mb": 8192, "req_cpu_cores": 8, "child_ids": []}, {"id": 23, "workflow_id": 12, "length": 38949, "req_memory_mb": 72704, "req_cpu_cores": 12, "child_ids": []}, {"id": 24, "workflow_id": 12, "length": 56924, "req_memory_mb": 107520, "req_cpu_cores": 13, "child_ids": [26]}, {"id": 25, "workflow_id": 12, "length": 39312, "req_memory_mb": 13312, "req_cpu_cores": 3, "child_ids": []}, {"id": 26, "workflow_id": 12, "length": 64236, "req_memory_mb": 102400, "req_cpu_cores": 10, "child_ids": []}], "arrival_time": 0}]}