{"workflows": [{"id": 1, "tasks": [{"id": 0, "workflow_id": 1, "length": 64485, "req_memory_mb": 16384, "req_cpu_cores": 4, "child_ids": [1, 2, 3, 4, 5, 6, 7, 8, 10, 12, 13, 14, 15, 17, 18, 19, 21, 22, 24, 25]}, {"id": 1, "workflow_id": 1, "length": 40452, "req_memory_mb": 16384, "req_cpu_cores": 8, "child_ids": [20]}, {"id": 2, "workflow_id": 1, "length": 28394, "req_memory_mb": 51200, "req_cpu_cores": 7, "child_ids": [11]}, {"id": 3, "workflow_id": 1, "length": 48792, "req_memory_mb": 91136, "req_cpu_cores": 8, "child_ids": [4, 15, 17, 21, 24, 25, 27]}, {"id": 4, "workflow_id": 1, "length": 82523, "req_memory_mb": 25600, "req_cpu_cores": 5, "child_ids": [14, 24, 25]}, {"id": 5, "workflow_id": 1, "length": 19847, "req_memory_mb": 22528, "req_cpu_cores": 2, "child_ids": [26]}, {"id": 6, "workflow_id": 1, "length": 46360, "req_memory_mb": 31744, "req_cpu_cores": 13, "child_ids": [16, 17]}, {"id": 7, "workflow_id": 1, "length": 65739, "req_memory_mb": 33792, "req_cpu_cores": 3, "child_ids": [9]}, {"id": 8, "workflow_id": 1, "length": 68160, "req_memory_mb": 7168, "req_cpu_cores": 5, "child_ids": [23]}, {"id": 9, "workflow_id": 1, "length": 58199, "req_memory_mb": 28672, "req_cpu_cores": 7, "child_ids": []}, {"id": 10, "workflow_id": 1, "length": 40084, "req_memory_mb": 82944, "req_cpu_cores": 8, "child_ids": []}, {"id": 11, "workflow_id": 1, "length": 77052, "req_memory_mb": 82944, "req_cpu_cores": 10, "child_ids": []}, {"id": 12, "workflow_id": 1, "length": 53853, "req_memory_mb": 77824, "req_cpu_cores": 7, "child_ids": [20, 26]}, {"id": 13, "workflow_id": 1, "length": 56291, "req_memory_mb": 77824, "req_cpu_cores": 4, "child_ids": []}, {"id": 14, "workflow_id": 1, "length": 64043, "req_memory_mb": 37888, "req_cpu_cores": 3, "child_ids": [15, 23, 25, 26, 27]}, {"id": 15, "workflow_id": 1, "length": 21210, "req_memory_mb": 73728, "req_cpu_cores": 6, "child_ids": [26]}, {"id": 16, "workflow_id": 1, "length": 45774, "req_memory_mb": 23552, "req_cpu_cores": 7, "child_ids": []}, {"id": 17, "workflow_id": 1, "length": 57872, "req_memory_mb": 37888, "req_cpu_cores": 9, "child_ids": [27]}, {"id": 18, "workflow_id": 1, "length": 42057, "req_memory_mb": 35840, "req_cpu_cores": 13, "child_ids": []}, {"id": 19, "workflow_id": 1, "length": 52511, "req_memory_mb": 101376, "req_cpu_cores": 7, "child_ids": []}, {"id": 20, "workflow_id": 1, "length": 77819, "req_memory_mb": 34816, "req_cpu_cores": 12, "child_ids": []}, {"id": 21, "workflow_id": 1, "length": 56085, "req_memory_mb": 91136, "req_cpu_cores": 13, "child_ids": [27]}, {"id": 22, "workflow_id": 1, "length": 6660, "req_memory_mb": 49152, "req_cpu_cores": 3, "child_ids": [23, 25, 26, 27]}, {"id": 23, "workflow_id": 1, "length": 73877, "req_memory_mb": 87040, "req_cpu_cores": 5, "child_ids": [24, 25, 27]}, {"id": 24, "workflow_id": 1, "length": 51123, "req_memory_mb": 63488, "req_cpu_cores": 7, "child_ids": []}, {"id": 25, "workflow_id": 1, "length": 37493, "req_memory_mb": 7168, "req_cpu_cores": 2, "child_ids": []}, {"id": 26, "workflow_id": 1, "length": 52887, "req_memory_mb": 101376, "req_cpu_cores": 6, "child_ids": []}, {"id": 27, "workflow_id": 1, "length": 32663, "req_memory_mb": 38912, "req_cpu_cores": 5, "child_ids": []}], "arrival_time": 0}]}