{"workflows": [{"id": 6, "tasks": [{"id": 0, "workflow_id": 6, "length": 32229, "req_memory_mb": 86016, "req_cpu_cores": 14, "child_ids": [1, 2, 3, 4, 5, 6, 7, 8, 9, 10, 14, 25]}, {"id": 1, "workflow_id": 6, "length": 48256, "req_memory_mb": 27648, "req_cpu_cores": 6, "child_ids": []}, {"id": 2, "workflow_id": 6, "length": 50108, "req_memory_mb": 91136, "req_cpu_cores": 3, "child_ids": [13, 18, 21]}, {"id": 3, "workflow_id": 6, "length": 33539, "req_memory_mb": 84992, "req_cpu_cores": 2, "child_ids": [19]}, {"id": 4, "workflow_id": 6, "length": 47966, "req_memory_mb": 104448, "req_cpu_cores": 8, "child_ids": [20]}, {"id": 5, "workflow_id": 6, "length": 54927, "req_memory_mb": 94208, "req_cpu_cores": 3, "child_ids": []}, {"id": 6, "workflow_id": 6, "length": 57639, "req_memory_mb": 84992, "req_cpu_cores": 5, "child_ids": [17]}, {"id": 7, "workflow_id": 6, "length": 52735, "req_memory_mb": 39936, "req_cpu_cores": 3, "child_ids": [12]}, {"id": 8, "workflow_id": 6, "length": 44923, "req_memory_mb": 60416, "req_cpu_cores": 4, "child_ids": [11, 21]}, {"id": 9, "workflow_id": 6, "length": 61448, "req_memory_mb": 104448, "req_cpu_cores": 8, "child_ids": []}, {"id": 10, "workflow_id": 6, "length": 24336, "req_memory_mb": 79872, "req_cpu_cores": 12, "child_ids": []}, {"id": 11, "workflow_id": 6, "length": 83183, "req_memory_mb": 47104, "req_cpu_cores": 10, "child_ids": [24]}, {"id": 12, "workflow_id": 6, "length": 48710, "req_memory_mb": 26624, "req_cpu_cores": 3, "child_ids": []}, {"id": 13, "workflow_id": 6, "length": 35944, "req_memory_mb": 78848, "req_cpu_cores": 8, "child_ids": [15]}, {"id": 14, "workflow_id": 6, "length": 51423, "req_memory_mb": 60416, "req_cpu_cores": 1, "child_ids": [22]}, {"id": 15, "workflow_id": 6, "length": 74240, "req_memory_mb": 13312, "req_cpu_cores": 13, "child_ids": [16]}, {"id": 16, "workflow_id": 6, "length": 11676, "req_memory_mb": 79872, "req_cpu_cores": 3, "child_ids": [21, 22, 24, 25]}, {"id": 17, "workflow_id": 6, "length": 36528, "req_memory_mb": 70656, "req_cpu_cores": 1, "child_ids": []}, {"id": 18, "workflow_id": 6, "length": 49202, "req_memory_mb": 11264, "req_cpu_cores": 12, "child_ids": [19]}, {"id": 19, "workflow_id": 6, "length": 61495, "req_memory_mb": 21504, "req_cpu_cores": 3, "child_ids": [22]}, {"id": 20, "workflow_id": 6, "length": 17736, "req_memory_mb": 47104, "req_cpu_cores": 12, "child_ids": [21, 25]}, {"id": 21, "workflow_id": 6, "length": 55977, "req_memory_mb": 13312, "req_cpu_cores": 3, "child_ids": []}, {"id": 22, "workflow_id": 6, "length": 62189, "req_memory_mb": 44032, "req_cpu_cores": 6, "child_ids": [23]}, {"id": 23, "workflow_id": 6, "length": 40619, "req_memory_mb": 47104, "req_cpu_cores": 8, "child_ids": []}, {"id": 24, "workflow_id": 6, "length": 41286, "req_memory_mb": 98304, "req_cpu_cores": 1, "child_ids": []}, {"id": 25, "workflow_id": 6, "length": 88199, "req_memory_mb": 24576, "req_cpu_cores": 2, "child_ids": []}], "arrival_time": 0}]}