{"workflows": [{"id": 5, "tasks": [{"id": 0, "workflow_id": 5, "length": 26927, "req_memory_mb": 24576, "req_cpu_cores": 5, "child_ids": [1, 2]}, {"id": 1, "workflow_id": 5, "length": 39437, "req_memory_mb": 92160, "req_cpu_cores": 6, "child_ids": [3, 4, 5, 6, 7, 8, 9, 12, 13]}, {"id": 2, "workflow_id": 5, "length": 67584, "req_memory_mb": 90112, "req_cpu_cores": 5, "child_ids": [3, 4, 7]}, {"id": 3, "workflow_id": 5, "length": 44691, "req_memory_mb": 95232, "req_cpu_cores": 10, "child_ids": [4, 5, 7, 8, 10, 11, 12, 13, 14]}, {"id": 4, "workflow_id": 5, "length": 49195, "req_memory_mb": 19456, "req_cpu_cores": 11, "child_ids": [6, 7, 9, 11, 12, 14]}, {"id": 5, "workflow_id": 5, "length": 51875, "req_memory_mb": 4096, "req_cpu_cores": 8, "child_ids": [7, 9, 10, 11, 12, 13, 14]}, {"id": 6, "workflow_id": 5, "length": 45818, "req_memory_mb": 45056, "req_cpu_cores": 11, "child_ids": [8, 10, 11, 12, 13, 14]}, {"id": 7, "workflow_id": 5, "length": 74670, "req_memory_mb": 101376, "req_cpu_cores": 10, "child_ids": [9, 10, 11, 12, 13, 14]}, {"id": 8, "workflow_id": 5, "length": 45917, "req_memory_mb": 14336, "req_cpu_cores": 5, "child_ids": [9, 10, 11, 12, 13, 14]}, {"id": 9, "workflow_id": 5, "length": 32304, "req_memory_mb": 25600, "req_cpu_cores": 10, "child_ids": [11, 12, 13, 14]}, {"id": 10, "workflow_id": 5, "length": 63379, "req_memory_mb": 27648, "req_cpu_cores": 8, "child_ids": [12, 14]}, {"id": 11, "workflow_id": 5, "length": 52543, "req_memory_mb": 69632, "req_cpu_cores": 5, "child_ids": [13]}, {"id": 12, "workflow_id": 5, "length": 81972, "req_memory_mb": 34816, "req_cpu_cores": 13, "child_ids": [13]}, {"id": 13, "workflow_id": 5, "length": 55596, "req_memory_mb": 82944, "req_cpu_cores": 12, "child_ids": [14]}, {"id": 14, "workflow_id": 5, "length": 61243, "req_memory_mb": 93184, "req_cpu_cores": 3, "child_ids": []}], "arrival_time": 0}]}