{"workflows": [{"id": 0, "tasks": [{"id": 0, "workflow_id": 0, "length": 53230, "req_memory_mb": 162816, "req_cpu_cores": 3, "child_ids": [1, 2, 3, 4, 5, 6, 7, 8, 9, 10, 11, 15, 16, 20, 21, 24, 25]}, {"id": 1, "workflow_id": 0, "length": 56315, "req_memory_mb": 84992, "req_cpu_cores": 3, "child_ids": [14]}, {"id": 2, "workflow_id": 0, "length": 41597, "req_memory_mb": 94208, "req_cpu_cores": 6, "child_ids": [27]}, {"id": 3, "workflow_id": 0, "length": 36786, "req_memory_mb": 131072, "req_cpu_cores": 5, "child_ids": []}, {"id": 4, "workflow_id": 0, "length": 37747, "req_memory_mb": 164864, "req_cpu_cores": 8, "child_ids": []}, {"id": 5, "workflow_id": 0, "length": 82064, "req_memory_mb": 80896, "req_cpu_cores": 6, "child_ids": [13]}, {"id": 6, "workflow_id": 0, "length": 63007, "req_memory_mb": 34816, "req_cpu_cores": 1, "child_ids": [12]}, {"id": 7, "workflow_id": 0, "length": 27745, "req_memory_mb": 121856, "req_cpu_cores": 15, "child_ids": [22]}, {"id": 8, "workflow_id": 0, "length": 70388, "req_memory_mb": 35840, "req_cpu_cores": 5, "child_ids": [17, 14]}, {"id": 9, "workflow_id": 0, "length": 35755, "req_memory_mb": 39936, "req_cpu_cores": 7, "child_ids": [18]}, {"id": 10, "workflow_id": 0, "length": 49455, "req_memory_mb": 26624, "req_cpu_cores": 1, "child_ids": []}, {"id": 11, "workflow_id": 0, "length": 72899, "req_memory_mb": 117760, "req_cpu_cores": 14, "child_ids": []}, {"id": 12, "workflow_id": 0, "length": 40054, "req_memory_mb": 84992, "req_cpu_cores": 17, "child_ids": [14]}, {"id": 13, "workflow_id": 0, "length": 69922, "req_memory_mb": 66560, "req_cpu_cores": 12, "child_ids": [19]}, {"id": 14, "workflow_id": 0, "length": 46861, "req_memory_mb": 16384, "req_cpu_cores": 6, "child_ids": []}, {"id": 15, "workflow_id": 0, "length": 21234, "req_memory_mb": 138240, "req_cpu_cores": 15, "child_ids": []}, {"id": 16, "workflow_id": 0, "length": 27406, "req_memory_mb": 88064, "req_cpu_cores": 6, "child_ids": []}, {"id": 17, "workflow_id": 0, "length": 29786, "req_memory_mb": 135168, "req_cpu_cores": 1, "child_ids": []}, {"id": 18, "workflow_id": 0, "length": 54231, "req_memory_mb": 24576, "req_cpu_cores": 15, "child_ids": []}, {"id": 19, "workflow_id": 0, "length": 26536, "req_memory_mb": 17408, "req_cpu_cores": 6, "child_ids": []}, {"id": 20, "workflow_id": 0, "length": 69748, "req_memory_mb": 102400, "req_cpu_cores": 2, "child_ids": [23]}, {"id": 21, "workflow_id": 0, "length": 67656, "req_memory_mb": 119808, "req_cpu_cores": 6, "child_ids": [28]}, {"id": 22, "workflow_id": 0, "length": 37448, "req_memory_mb": 144384, "req_cpu_cores": 7, "child_ids": [26, 27]}, {"id": 23, "workflow_id": 0, "length": 26006, "req_memory_mb": 76800, "req_cpu_cores": 6, "child_ids": []}, {"id": 24, "workflow_id": 0, "length": 53458, "req_memory_mb": 141312, "req_cpu_cores": 2, "child_ids": []}, {"id": 25, "workflow_id": 0, "length": 70127, "req_memory_mb": 142336, "req_cpu_cores": 18, "child_ids": []}, {"id": 26, "workflow_id": 0, "length": 12461, "req_memory_mb": 115712, "req_cpu_cores": 5, "child_ids": []}, {"id": 27, "workflow_id": 0, "length": 14133, "req_memory_mb": 50176, "req_cpu_cores": 2, "child_ids": []}, {"id": 28, "workflow_id": 0, "length": 77203, "req_memory_mb": 119808, "req_cpu_cores": 10, "child_ids": []}], "arrival_time": 0}, {"id": 1, "tasks": [{"id": 0, "workflow_id": 1, "length": 78663, "req_memory_mb": 146432, "req_cpu_cores": 13, "child_ids": [1, 2, 3, 4, 5, 7, 8, 11, 13, 14, 15, 16, 17, 18, 19, 20, 24, 25]}, {"id": 1, "workflow_id": 1, "length": 86651, "req_memory_mb": 139264, "req_cpu_cores": 15, "child_ids": [12]}, {"id": 2, "workflow_id": 1, "length": 69821, "req_memory_mb": 15360, "req_cpu_cores": 2, "child_ids": [10, 12]}, {"id": 3, "workflow_id": 1, "length": 90914, "req_memory_mb": 19456, "req_cpu_cores": 11, "child_ids": [6]}, {"id": 4, "workflow_id": 1, "length": 48609, "req_memory_mb": 138240, "req_cpu_cores": 15, "child_ids": []}, {"id": 5, "workflow_id": 1, "length": 65024, "req_memory_mb": 21504, "req_cpu_cores": 11, "child_ids": []}, {"id": 6, "workflow_id": 1, "length": 57205, "req_memory_mb": 152576, "req_cpu_cores": 14, "child_ids": []}, {"id": 7, "workflow_id": 1, "length": 59706, "req_memory_mb": 124928, "req_cpu_cores": 12, "child_ids": []}, {"id": 8, "workflow_id": 1, "length": 74976, "req_memory_mb": 26624, "req_cpu_cores": 12, "child_ids": [9]}, {"id": 9, "workflow_id": 1, "length": 66799, "req_memory_mb": 62464, "req_cpu_cores": 2, "child_ids": []}, {"id": 10, "workflow_id": 1, "length": 77365, "req_memory_mb": 112640, "req_cpu_cores": 4, "child_ids": [21, 22]}, {"id": 11, "workflow_id": 1, "length": 85873, "req_memory_mb": 131072, "req_cpu_cores": 14, "child_ids": []}, {"id": 12, "workflow_id": 1, "length": 74635, "req_memory_mb": 40960, "req_cpu_cores": 18, "child_ids": []}, {"id": 13, "workflow_id": 1, "length": 73827, "req_memory_mb": 37888, "req_cpu_cores": 8, "child_ids": []}, {"id": 14, "workflow_id": 1, "length": 54875, "req_memory_mb": 7168, "req_cpu_cores": 5, "child_ids": []}, {"id": 15, "workflow_id": 1, "length": 20180, "req_memory_mb": 20480, "req_cpu_cores": 11, "child_ids": []}, {"id": 16, "workflow_id": 1, "length": 67106, "req_memory_mb": 132096, "req_cpu_cores": 5, "child_ids": []}, {"id": 17, "workflow_id": 1, "length": 46919, "req_memory_mb": 31744, "req_cpu_cores": 3, "child_ids": [23]}, {"id": 18, "workflow_id": 1, "length": 94577, "req_memory_mb": 60416, "req_cpu_cores": 15, "child_ids": []}, {"id": 19, "workflow_id": 1, "length": 79331, "req_memory_mb": 16384, "req_cpu_cores": 16, "child_ids": []}, {"id": 20, "workflow_id": 1, "length": 64283, "req_memory_mb": 129024, "req_cpu_cores": 10, "child_ids": []}, {"id": 21, "workflow_id": 1, "length": 58427, "req_memory_mb": 10240, "req_cpu_cores": 15, "child_ids": []}, {"id": 22, "workflow_id": 1, "length": 43680, "req_memory_mb": 6144, "req_cpu_cores": 12, "child_ids": []}, {"id": 23, "workflow_id": 1, "length": 53115, "req_memory_mb": 60416, "req_cpu_cores": 6, "child_ids": []}, {"id": 24, "workflow_id": 1, "length": 43346, "req_memory_mb": 161792, "req_cpu_cores": 1, "child_ids": []}, {"id": 25, "workflow_id": 1, "length": 55598, "req_memory_mb": 129024, "req_cpu_cores": 7, "child_ids": []}], "arrival_time": 0}, {"id": 2, "tasks": [{"id": 0, "workflow_id": 2, "length": 27536, "req_memory_mb": 12288, "req_cpu_cores": 17, "child_ids": [1, 2, 3, 4, 5, 6, 7, 9, 10, 11, 13, 14, 16, 17, 27, 28]}, {"id": 1, "workflow_id": 2, "length": 61206, "req_memory_mb": 72704, "req_cpu_cores": 16, "child_ids": [8, 18]}, {"id": 2, "workflow_id": 2, "length": 38618, "req_memory_mb": 111616, "req_cpu_cores": 15, "child_ids": [18, 20]}, {"id": 3, "workflow_id": 2, "length": 43127, "req_memory_mb": 38912, "req_cpu_cores": 13, "child_ids": [24]}, {"id": 4, "workflow_id": 2, "length": 68684, "req_memory_mb": 13312, "req_cpu_cores": 11, "child_ids": []}, {"id": 5, "workflow_id": 2, "length": 26959, "req_memory_mb": 160768, "req_cpu_cores": 11, "child_ids": []}, {"id": 6, "workflow_id": 2, "length": 33769, "req_memory_mb": 125952, "req_cpu_cores": 8, "child_ids": []}, {"id": 7, "workflow_id": 2, "length": 69779, "req_memory_mb": 65536, "req_cpu_cores": 6, "child_ids": [25]}, {"id": 8, "workflow_id": 2, "length": 25774, "req_memory_mb": 65536, "req_cpu_cores": 16, "child_ids": [12]}, {"id": 9, "workflow_id": 2, "length": 70362, "req_memory_mb": 159744, "req_cpu_cores": 6, "child_ids": [18]}, {"id": 10, "workflow_id": 2, "length": 46009, "req_memory_mb": 50176, "req_cpu_cores": 16, "child_ids": [19]}, {"id": 11, "workflow_id": 2, "length": 57583, "req_memory_mb": 109568, "req_cpu_cores": 2, "child_ids": []}, {"id": 12, "workflow_id": 2, "length": 57394, "req_memory_mb": 91136, "req_cpu_cores": 9, "child_ids": []}, {"id": 13, "workflow_id": 2, "length": 55920, "req_memory_mb": 35840, "req_cpu_cores": 8, "child_ids": [26, 15]}, {"id": 14, "workflow_id": 2, "length": 54880, "req_memory_mb": 79872, "req_cpu_cores": 7, "child_ids": [22]}, {"id": 15, "workflow_id": 2, "length": 34431, "req_memory_mb": 12288, "req_cpu_cores": 16, "child_ids": []}, {"id": 16, "workflow_id": 2, "length": 17638, "req_memory_mb": 87040, "req_cpu_cores": 10, "child_ids": [21]}, {"id": 17, "workflow_id": 2, "length": 34897, "req_memory_mb": 111616, "req_cpu_cores": 17, "child_ids": []}, {"id": 18, "workflow_id": 2, "length": 51925, "req_memory_mb": 159744, "req_cpu_cores": 7, "child_ids": [19]}, {"id": 19, "workflow_id": 2, "length": 50201, "req_memory_mb": 110592, "req_cpu_cores": 15, "child_ids": [29]}, {"id": 20, "workflow_id": 2, "length": 11595, "req_memory_mb": 156672, "req_cpu_cores": 7, "child_ids": [29]}, {"id": 21, "workflow_id": 2, "length": 31003, "req_memory_mb": 121856, "req_cpu_cores": 8, "child_ids": []}, {"id": 22, "workflow_id": 2, "length": 28077, "req_memory_mb": 151552, "req_cpu_cores": 1, "child_ids": [23]}, {"id": 23, "workflow_id": 2, "length": 51008, "req_memory_mb": 101376, "req_cpu_cores": 14, "child_ids": []}, {"id": 24, "workflow_id": 2, "length": 24054, "req_memory_mb": 96256, "req_cpu_cores": 18, "child_ids": []}, {"id": 25, "workflow_id": 2, "length": 34963, "req_memory_mb": 149504, "req_cpu_cores": 3, "child_ids": []}, {"id": 26, "workflow_id": 2, "length": 22462, "req_memory_mb": 67584, "req_cpu_cores": 11, "child_ids": []}, {"id": 27, "workflow_id": 2, "length": 29824, "req_memory_mb": 79872, "req_cpu_cores": 15, "child_ids": []}, {"id": 28, "workflow_id": 2, "length": 42529, "req_memory_mb": 35840, "req_cpu_cores": 14, "child_ids": []}, {"id": 29, "workflow_id": 2, "length": 44662, "req_memory_mb": 116736, "req_cpu_cores": 16, "child_ids": []}], "arrival_time": 0}, {"id": 3, "tasks": [{"id": 0, "workflow_id": 3, "length": 42714, "req_memory_mb": 158720, "req_cpu_cores": 1, "child_ids": [1, 2, 3, 4, 5, 7, 8, 9, 10, 12, 14, 15, 17, 20, 23]}, {"id": 1, "workflow_id": 3, "length": 41390, "req_memory_mb": 117760, "req_cpu_cores": 7, "child_ids": []}, {"id": 2, "workflow_id": 3, "length": 73861, "req_memory_mb": 105472, "req_cpu_cores": 5, "child_ids": []}, {"id": 3, "workflow_id": 3, "length": 25486, "req_memory_mb": 110592, "req_cpu_cores": 12, "child_ids": []}, {"id": 4, "workflow_id": 3, "length": 46516, "req_memory_mb": 155648, "req_cpu_cores": 17, "child_ids": [6]}, {"id": 5, "workflow_id": 3, "length": 48318, "req_memory_mb": 155648, "req_cpu_cores": 12, "child_ids": []}, {"id": 6, "workflow_id": 3, "length": 54907, "req_memory_mb": 30720, "req_cpu_cores": 17, "child_ids": []}, {"id": 7, "workflow_id": 3, "length": 57886, "req_memory_mb": 47104, "req_cpu_cores": 9, "child_ids": []}, {"id": 8, "workflow_id": 3, "length": 67759, "req_memory_mb": 116736, "req_cpu_cores": 18, "child_ids": [22]}, {"id": 9, "workflow_id": 3, "length": 54945, "req_memory_mb": 69632, "req_cpu_cores": 4, "child_ids": [18, 11, 13]}, {"id": 10, "workflow_id": 3, "length": 52837, "req_memory_mb": 35840, "req_cpu_cores": 17, "child_ids": [21]}, {"id": 11, "workflow_id": 3, "length": 73806, "req_memory_mb": 149504, "req_cpu_cores": 18, "child_ids": []}, {"id": 12, "workflow_id": 3, "length": 70433, "req_memory_mb": 120832, "req_cpu_cores": 6, "child_ids": [16]}, {"id": 13, "workflow_id": 3, "length": 46494, "req_memory_mb": 118784, "req_cpu_cores": 3, "child_ids": []}, {"id": 14, "workflow_id": 3, "length": 46900, "req_memory_mb": 145408, "req_cpu_cores": 2, "child_ids": [19]}, {"id": 15, "workflow_id": 3, "length": 65001, "req_memory_mb": 104448, "req_cpu_cores": 3, "child_ids": []}, {"id": 16, "workflow_id": 3, "length": 61446, "req_memory_mb": 105472, "req_cpu_cores": 12, "child_ids": []}, {"id": 17, "workflow_id": 3, "length": 46240, "req_memory_mb": 148480, "req_cpu_cores": 2, "child_ids": []}, {"id": 18, "workflow_id": 3, "length": 66793, "req_memory_mb": 154624, "req_cpu_cores": 5, "child_ids": []}, {"id": 19, "workflow_id": 3, "length": 50393, "req_memory_mb": 90112, "req_cpu_cores": 17, "child_ids": []}, {"id": 20, "workflow_id": 3, "length": 46572, "req_memory_mb": 141312, "req_cpu_cores": 2, "child_ids": []}, {"id": 21, "workflow_id": 3, "length": 56275, "req_memory_mb": 35840, "req_cpu_cores": 2, "child_ids": []}, {"id": 22, "workflow_id": 3, "length": 60147, "req_memory_mb": 164864, "req_cpu_cores": 16, "child_ids": []}, {"id": 23, "workflow_id": 3, "length": 46921, "req_memory_mb": 94208, "req_cpu_cores": 14, "child_ids": []}], "arrival_time": 0}, {"id": 4, "tasks": [{"id": 0, "workflow_id": 4, "length": 28858, "req_memory_mb": 125952, "req_cpu_cores": 3, "child_ids": [1, 2, 3, 4, 5, 6, 7, 8, 9, 10, 13, 15, 17, 23]}, {"id": 1, "workflow_id": 4, "length": 43312, "req_memory_mb": 73728, "req_cpu_cores": 14, "child_ids": [12, 14]}, {"id": 2, "workflow_id": 4, "length": 28749, "req_memory_mb": 16384, "req_cpu_cores": 10, "child_ids": [21]}, {"id": 3, "workflow_id": 4, "length": 59188, "req_memory_mb": 15360, "req_cpu_cores": 9, "child_ids": [19]}, {"id": 4, "workflow_id": 4, "length": 71755, "req_memory_mb": 2048, "req_cpu_cores": 18, "child_ids": [16, 11]}, {"id": 5, "workflow_id": 4, "length": 47175, "req_memory_mb": 91136, "req_cpu_cores": 13, "child_ids": []}, {"id": 6, "workflow_id": 4, "length": 16191, "req_memory_mb": 58368, "req_cpu_cores": 9, "child_ids": [12]}, {"id": 7, "workflow_id": 4, "length": 29489, "req_memory_mb": 116736, "req_cpu_cores": 1, "child_ids": []}, {"id": 8, "workflow_id": 4, "length": 47007, "req_memory_mb": 41984, "req_cpu_cores": 7, "child_ids": [11]}, {"id": 9, "workflow_id": 4, "length": 60103, "req_memory_mb": 72704, "req_cpu_cores": 14, "child_ids": [20]}, {"id": 10, "workflow_id": 4, "length": 17307, "req_memory_mb": 88064, "req_cpu_cores": 1, "child_ids": []}, {"id": 11, "workflow_id": 4, "length": 48600, "req_memory_mb": 10240, "req_cpu_cores": 3, "child_ids": [19]}, {"id": 12, "workflow_id": 4, "length": 56527, "req_memory_mb": 123904, "req_cpu_cores": 10, "child_ids": []}, {"id": 13, "workflow_id": 4, "length": 70880, "req_memory_mb": 162816, "req_cpu_cores": 2, "child_ids": [22]}, {"id": 14, "workflow_id": 4, "length": 53772, "req_memory_mb": 20480, "req_cpu_cores": 17, "child_ids": []}, {"id": 15, "workflow_id": 4, "length": 50656, "req_memory_mb": 1024, "req_cpu_cores": 7, "child_ids": [24, 18]}, {"id": 16, "workflow_id": 4, "length": 75343, "req_memory_mb": 94208, "req_cpu_cores": 2, "child_ids": []}, {"id": 17, "workflow_id": 4, "length": 75026, "req_memory_mb": 106496, "req_cpu_cores": 14, "child_ids": []}, {"id": 18, "workflow_id": 4, "length": 47623, "req_memory_mb": 21504, "req_cpu_cores": 11, "child_ids": []}, {"id": 19, "workflow_id": 4, "length": 71314, "req_memory_mb": 32768, "req_cpu_cores": 9, "child_ids": []}, {"id": 20, "workflow_id": 4, "length": 54487, "req_memory_mb": 98304, "req_cpu_cores": 17, "child_ids": []}, {"id": 21, "workflow_id": 4, "length": 21614, "req_memory_mb": 1024, "req_cpu_cores": 13, "child_ids": [24]}, {"id": 22, "workflow_id": 4, "length": 49830, "req_memory_mb": 7168, "req_cpu_cores": 4, "child_ids": []}, {"id": 23, "workflow_id": 4, "length": 65538, "req_memory_mb": 116736, "req_cpu_cores": 15, "child_ids": []}, {"id": 24, "workflow_id": 4, "length": 56508, "req_memory_mb": 106496, "req_cpu_cores": 13, "child_ids": []}], "arrival_time": 0}, {"id": 5, "tasks": [{"id": 0, "workflow_id": 5, "length": 64765, "req_memory_mb": 30720, "req_cpu_cores": 8, "child_ids": [1, 2]}, {"id": 1, "workflow_id": 5, "length": 89166, "req_memory_mb": 130048, "req_cpu_cores": 7, "child_ids": [3, 4, 6, 7, 9, 11, 12, 15]}, {"id": 2, "workflow_id": 5, "length": 63773, "req_memory_mb": 136192, "req_cpu_cores": 12, "child_ids": [3, 4, 5, 6, 7, 10, 11, 12, 13, 14]}, {"id": 3, "workflow_id": 5, "length": 28493, "req_memory_mb": 138240, "req_cpu_cores": 16, "child_ids": [4, 5, 6, 9, 10, 11, 12, 13, 15]}, {"id": 4, "workflow_id": 5, "length": 53597, "req_memory_mb": 102400, "req_cpu_cores": 5, "child_ids": [6, 9, 10, 11, 12, 13]}, {"id": 5, "workflow_id": 5, "length": 72979, "req_memory_mb": 36864, "req_cpu_cores": 15, "child_ids": [6, 7, 8, 9, 12, 13, 14]}, {"id": 6, "workflow_id": 5, "length": 38156, "req_memory_mb": 162816, "req_cpu_cores": 16, "child_ids": [8, 9, 10, 11, 13, 14, 15]}, {"id": 7, "workflow_id": 5, "length": 52738, "req_memory_mb": 100352, "req_cpu_cores": 4, "child_ids": [8, 11, 13, 14]}, {"id": 8, "workflow_id": 5, "length": 72652, "req_memory_mb": 122880, "req_cpu_cores": 15, "child_ids": [9, 10, 11, 12, 13, 14, 15]}, {"id": 9, "workflow_id": 5, "length": 47515, "req_memory_mb": 90112, "req_cpu_cores": 13, "child_ids": [10, 11, 12, 15]}, {"id": 10, "workflow_id": 5, "length": 75878, "req_memory_mb": 14336, "req_cpu_cores": 2, "child_ids": [11, 12, 13, 14, 15]}, {"id": 11, "workflow_id": 5, "length": 87200, "req_memory_mb": 161792, "req_cpu_cores": 4, "child_ids": [12, 13, 15]}, {"id": 12, "workflow_id": 5, "length": 56896, "req_memory_mb": 70656, "req_cpu_cores": 11, "child_ids": [13, 14]}, {"id": 13, "workflow_id": 5, "length": 65219, "req_memory_mb": 81920, "req_cpu_cores": 12, "child_ids": []}, {"id": 14, "workflow_id": 5, "length": 56767, "req_memory_mb": 7168, "req_cpu_cores": 16, "child_ids": [15]}, {"id": 15, "workflow_id": 5, "length": 68078, "req_memory_mb": 151552, "req_cpu_cores": 11, "child_ids": []}], "arrival_time": 0}, {"id": 6, "tasks": [{"id": 0, "workflow_id": 6, "length": 30095, "req_memory_mb": 68608, "req_cpu_cores": 10, "child_ids": [1]}, {"id": 1, "workflow_id": 6, "length": 68305, "req_memory_mb": 75776, "req_cpu_cores": 18, "child_ids": [2, 3, 4, 5, 7, 8, 9, 10, 11]}, {"id": 2, "workflow_id": 6, "length": 58128, "req_memory_mb": 73728, "req_cpu_cores": 14, "child_ids": [3, 4, 6, 7, 8, 9, 11]}, {"id": 3, "workflow_id": 6, "length": 27119, "req_memory_mb": 111616, "req_cpu_cores": 15, "child_ids": [4, 5, 7, 8, 9, 10, 11]}, {"id": 4, "workflow_id": 6, "length": 82290, "req_memory_mb": 16384, "req_cpu_cores": 13, "child_ids": [8, 10, 11, 6]}, {"id": 5, "workflow_id": 6, "length": 50412, "req_memory_mb": 80896, "req_cpu_cores": 15, "child_ids": [6, 7, 8, 9, 10, 11]}, {"id": 6, "workflow_id": 6, "length": 60028, "req_memory_mb": 149504, "req_cpu_cores": 16, "child_ids": [7, 8, 9, 10, 11]}, {"id": 7, "workflow_id": 6, "length": 31424, "req_memory_mb": 136192, "req_cpu_cores": 15, "child_ids": [9, 10, 11]}, {"id": 8, "workflow_id": 6, "length": 61216, "req_memory_mb": 139264, "req_cpu_cores": 13, "child_ids": [9, 10, 11]}, {"id": 9, "workflow_id": 6, "length": 64889, "req_memory_mb": 67584, "req_cpu_cores": 18, "child_ids": [10, 11]}, {"id": 10, "workflow_id": 6, "length": 38501, "req_memory_mb": 51200, "req_cpu_cores": 4, "child_ids": [11]}, {"id": 11, "workflow_id": 6, "length": 56644, "req_memory_mb": 71680, "req_cpu_cores": 12, "child_ids": []}], "arrival_time": 0}, {"id": 7, "tasks": [{"id": 0, "workflow_id": 7, "length": 50297, "req_memory_mb": 116736, "req_cpu_cores": 9, "child_ids": [1]}, {"id": 1, "workflow_id": 7, "length": 44620, "req_memory_mb": 78848, "req_cpu_cores": 11, "child_ids": [2, 3, 4, 5, 6, 8, 9, 10, 12, 13, 15, 16, 17, 18, 19, 20, 21, 22]}, {"id": 2, "workflow_id": 7, "length": 55646, "req_memory_mb": 47104, "req_cpu_cores": 12, "child_ids": [4, 5, 6, 8, 9, 10, 11, 12, 13, 15, 16, 17, 18, 20, 21, 22]}, {"id": 3, "workflow_id": 7, "length": 52965, "req_memory_mb": 32768, "req_cpu_cores": 7, "child_ids": [4, 5, 6, 8, 9, 11, 12, 14, 15, 16, 17, 19, 20, 22]}, {"id": 4, "workflow_id": 7, "length": 50065, "req_memory_mb": 139264, "req_cpu_cores": 6, "child_ids": [5, 7, 8, 9, 11, 14, 15, 17, 18, 19, 21]}, {"id": 5, "workflow_id": 7, "length": 71761, "req_memory_mb": 28672, "req_cpu_cores": 11, "child_ids": [6, 8, 9, 10, 11, 12, 14, 15, 16, 18, 19, 20, 21, 22]}, {"id": 6, "workflow_id": 7, "length": 44442, "req_memory_mb": 126976, "req_cpu_cores": 4, "child_ids": [7, 8, 10, 11, 13, 14, 15, 17, 18, 20, 21]}, {"id": 7, "workflow_id": 7, "length": 39959, "req_memory_mb": 115712, "req_cpu_cores": 5, "child_ids": [8, 9, 10, 11, 12, 13, 14, 16, 18, 19, 20, 21, 22]}, {"id": 8, "workflow_id": 7, "length": 2835, "req_memory_mb": 27648, "req_cpu_cores": 1, "child_ids": [9, 10, 11, 12, 14, 15, 16, 17, 18, 20, 21, 22]}, {"id": 9, "workflow_id": 7, "length": 58295, "req_memory_mb": 113664, "req_cpu_cores": 5, "child_ids": [10, 11, 12, 15, 19, 20, 22]}, {"id": 10, "workflow_id": 7, "length": 30943, "req_memory_mb": 67584, "req_cpu_cores": 6, "child_ids": [12, 13, 14, 15, 18, 19, 22]}, {"id": 11, "workflow_id": 7, "length": 28665, "req_memory_mb": 44032, "req_cpu_cores": 2, "child_ids": [12, 13, 14, 15, 17, 18, 19, 20, 21, 22]}, {"id": 12, "workflow_id": 7, "length": 92623, "req_memory_mb": 126976, "req_cpu_cores": 8, "child_ids": [13, 14, 16, 20, 21, 22]}, {"id": 13, "workflow_id": 7, "length": 12899, "req_memory_mb": 34816, "req_cpu_cores": 14, "child_ids": [14, 15, 16, 17, 18, 19, 20]}, {"id": 14, "workflow_id": 7, "length": 82885, "req_memory_mb": 139264, "req_cpu_cores": 8, "child_ids": [15, 16, 17, 18, 19, 21, 22]}, {"id": 15, "workflow_id": 7, "length": 27573, "req_memory_mb": 164864, "req_cpu_cores": 6, "child_ids": [16, 17, 18, 19, 21, 22]}, {"id": 16, "workflow_id": 7, "length": 62716, "req_memory_mb": 11264, "req_cpu_cores": 8, "child_ids": [17, 18, 19, 20]}, {"id": 17, "workflow_id": 7, "length": 73434, "req_memory_mb": 24576, "req_cpu_cores": 4, "child_ids": [18, 19, 20, 21]}, {"id": 18, "workflow_id": 7, "length": 27218, "req_memory_mb": 92160, "req_cpu_cores": 16, "child_ids": [19, 20, 21, 22]}, {"id": 19, "workflow_id": 7, "length": 31195, "req_memory_mb": 154624, "req_cpu_cores": 1, "child_ids": [20, 21, 22]}, {"id": 20, "workflow_id": 7, "length": 62802, "req_memory_mb": 80896, "req_cpu_cores": 3, "child_ids": [21]}, {"id": 21, "workflow_id": 7, "length": 84110, "req_memory_mb": 117760, "req_cpu_cores": 4, "child_ids": [22]}, {"id": 22, "workflow_id": 7, "length": 16959, "req_memory_mb": 3072, "req_cpu_cores": 1, "child_ids": []}], "arrival_time": 0}, {"id": 8, "tasks": [{"id": 0, "workflow_id": 8, "length": 40424, "req_memory_mb": 160768, "req_cpu_cores": 14, "child_ids": [1]}, {"id": 1, "workflow_id": 8, "length": 45004, "req_memory_mb": 152576, "req_cpu_cores": 4, "child_ids": [2, 3, 4, 5, 7, 8, 10, 11]}, {"id": 2, "workflow_id": 8, "length": 40305, "req_memory_mb": 67584, "req_cpu_cores": 17, "child_ids": [5, 6, 7, 8, 9, 10]}, {"id": 3, "workflow_id": 8, "length": 26425, "req_memory_mb": 138240, "req_cpu_cores": 3, "child_ids": [9, 4]}, {"id": 4, "workflow_id": 8, "length": 23650, "req_memory_mb": 30720, "req_cpu_cores": 11, "child_ids": [9, 10, 11, 7]}, {"id": 5, "workflow_id": 8, "length": 30623, "req_memory_mb": 14336, "req_cpu_cores": 5, "child_ids": [9, 10, 11, 6]}, {"id": 6, "workflow_id": 8, "length": 41841, "req_memory_mb": 112640, "req_cpu_cores": 7, "child_ids": [7, 8, 9, 10, 11]}, {"id": 7, "workflow_id": 8, "length": 25413, "req_memory_mb": 125952, "req_cpu_cores": 9, "child_ids": [8, 10, 11]}, {"id": 8, "workflow_id": 8, "length": 62393, "req_memory_mb": 82944, "req_cpu_cores": 14, "child_ids": [10]}, {"id": 9, "workflow_id": 8, "length": 47168, "req_memory_mb": 158720, "req_cpu_cores": 15, "child_ids": [10, 11]}, {"id": 10, "workflow_id": 8, "length": 54028, "req_memory_mb": 116736, "req_cpu_cores": 3, "child_ids": []}, {"id": 11, "workflow_id": 8, "length": 45490, "req_memory_mb": 122880, "req_cpu_cores": 16, "child_ids": []}], "arrival_time": 0}, {"id": 9, "tasks": [{"id": 0, "workflow_id": 9, "length": 47055, "req_memory_mb": 55296, "req_cpu_cores": 11, "child_ids": [1, 2, 3]}, {"id": 1, "workflow_id": 9, "length": 54973, "req_memory_mb": 68608, "req_cpu_cores": 10, "child_ids": [4, 5, 6, 7, 8, 10, 12, 13, 14, 15, 16, 17, 18, 20, 22]}, {"id": 2, "workflow_id": 9, "length": 46713, "req_memory_mb": 60416, "req_cpu_cores": 17, "child_ids": [4, 6, 7, 9, 11, 13, 14, 16, 17, 18, 20, 21, 22]}, {"id": 3, "workflow_id": 9, "length": 48546, "req_memory_mb": 8192, "req_cpu_cores": 5, "child_ids": [5, 8, 9, 10, 11, 12, 14, 15, 16, 18, 19, 20, 21, 22]}, {"id": 4, "workflow_id": 9, "length": 23295, "req_memory_mb": 57344, "req_cpu_cores": 18, "child_ids": [5, 6, 7, 8, 9, 10, 11, 12, 13, 15, 16, 18, 20, 21, 22]}, {"id": 5, "workflow_id": 9, "length": 63186, "req_memory_mb": 36864, "req_cpu_cores": 13, "child_ids": [7, 9, 10, 11, 12, 13, 14, 18, 19, 20, 21, 22]}, {"id": 6, "workflow_id": 9, "length": 50172, "req_memory_mb": 154624, "req_cpu_cores": 3, "child_ids": [7, 8, 11, 13, 14, 15, 16, 17, 18, 19, 21, 22]}, {"id": 7, "workflow_id": 9, "length": 45975, "req_memory_mb": 97280, "req_cpu_cores": 8, "child_ids": [8, 9, 10, 11, 13, 15, 16, 17, 18, 20]}, {"id": 8, "workflow_id": 9, "length": 34340, "req_memory_mb": 128000, "req_cpu_cores": 10, "child_ids": [9, 11, 12, 13, 14, 15, 16, 17, 18, 19, 20, 21]}, {"id": 9, "workflow_id": 9, "length": 76851, "req_memory_mb": 129024, "req_cpu_cores": 6, "child_ids": [10, 11, 12, 14, 16, 18, 19, 20, 21, 22]}, {"id": 10, "workflow_id": 9, "length": 53523, "req_memory_mb": 15360, "req_cpu_cores": 3, "child_ids": [11, 12, 14, 16, 17, 18, 19, 20, 21, 22]}, {"id": 11, "workflow_id": 9, "length": 35761, "req_memory_mb": 11264, "req_cpu_cores": 17, "child_ids": [14, 17, 18, 19, 20, 21]}, {"id": 12, "workflow_id": 9, "length": 48412, "req_memory_mb": 29696, "req_cpu_cores": 10, "child_ids": [13, 14, 18, 21, 22]}, {"id": 13, "workflow_id": 9, "length": 44595, "req_memory_mb": 15360, "req_cpu_cores": 12, "child_ids": [14, 15, 17, 20, 21, 22]}, {"id": 14, "workflow_id": 9, "length": 53603, "req_memory_mb": 71680, "req_cpu_cores": 8, "child_ids": [15, 16, 18, 19, 20, 21]}, {"id": 15, "workflow_id": 9, "length": 37502, "req_memory_mb": 130048, "req_cpu_cores": 4, "child_ids": [16, 17, 18, 19, 20, 21, 22]}, {"id": 16, "workflow_id": 9, "length": 48045, "req_memory_mb": 8192, "req_cpu_cores": 6, "child_ids": [17, 18, 22]}, {"id": 17, "workflow_id": 9, "length": 51783, "req_memory_mb": 5120, "req_cpu_cores": 14, "child_ids": [18, 19, 20, 21]}, {"id": 18, "workflow_id": 9, "length": 47203, "req_memory_mb": 16384, "req_cpu_cores": 8, "child_ids": [19, 20, 21, 22]}, {"id": 19, "workflow_id": 9, "length": 57337, "req_memory_mb": 154624, "req_cpu_cores": 3, "child_ids": [20, 21, 22]}, {"id": 20, "workflow_id": 9, "length": 55282, "req_memory_mb": 50176, "req_cpu_cores": 12, "child_ids": [21]}, {"id": 21, "workflow_id": 9, "length": 52570, "req_memory_mb": 66560, "req_cpu_cores": 9, "child_ids": []}, {"id": 22, "workflow_id": 9, "length": 49694, "req_memory_mb": 156672, "req_cpu_cores": 8, "child_ids": []}], "arrival_time": 0}, {"id": 10, "tasks": [{"id": 0, "workflow_id": 10, "length": 55240, "req_memory_mb": 88064, "req_cpu_cores": 3, "child_ids": [1]}, {"id": 1, "workflow_id": 10, "length": 58727, "req_memory_mb": 62464, "req_cpu_cores": 7, "child_ids": [2, 3, 4, 5, 6, 7, 8, 9, 11, 12, 13, 14, 15, 16, 17]}, {"id": 2, "workflow_id": 10, "length": 27041, "req_memory_mb": 72704, "req_cpu_cores": 8, "child_ids": [11, 12, 13, 14, 16]}, {"id": 3, "workflow_id": 10, "length": 10045, "req_memory_mb": 24576, "req_cpu_cores": 9, "child_ids": [14, 15, 16]}, {"id": 4, "workflow_id": 10, "length": 44252, "req_memory_mb": 92160, "req_cpu_cores": 11, "child_ids": [5, 6, 7, 8, 11, 12, 13, 14, 16, 17]}, {"id": 5, "workflow_id": 10, "length": 49132, "req_memory_mb": 99328, "req_cpu_cores": 14, "child_ids": [6, 7, 8, 9, 10, 11, 12, 13, 16, 17]}, {"id": 6, "workflow_id": 10, "length": 26622, "req_memory_mb": 106496, "req_cpu_cores": 5, "child_ids": [8, 9, 10, 12, 13, 15, 16, 17]}, {"id": 7, "workflow_id": 10, "length": 58615, "req_memory_mb": 72704, "req_cpu_cores": 10, "child_ids": [8, 11, 12, 13, 14, 15, 16]}, {"id": 8, "workflow_id": 10, "length": 72751, "req_memory_mb": 15360, "req_cpu_cores": 6, "child_ids": [9, 11, 12, 13, 14, 15, 17]}, {"id": 9, "workflow_id": 10, "length": 48092, "req_memory_mb": 79872, "req_cpu_cores": 7, "child_ids": [10, 11, 12, 14, 16, 17]}, {"id": 10, "workflow_id": 10, "length": 50390, "req_memory_mb": 31744, "req_cpu_cores": 3, "child_ids": [11, 12, 13, 15]}, {"id": 11, "workflow_id": 10, "length": 35266, "req_memory_mb": 109568, "req_cpu_cores": 2, "child_ids": [12, 13, 14, 17]}, {"id": 12, "workflow_id": 10, "length": 77079, "req_memory_mb": 100352, "req_cpu_cores": 5, "child_ids": [13, 14, 15, 16, 17]}, {"id": 13, "workflow_id": 10, "length": 40806, "req_memory_mb": 47104, "req_cpu_cores": 14, "child_ids": []}, {"id": 14, "workflow_id": 10, "length": 73037, "req_memory_mb": 51200, "req_cpu_cores": 7, "child_ids": [15, 16, 17]}, {"id": 15, "workflow_id": 10, "length": 47547, "req_memory_mb": 31744, "req_cpu_cores": 11, "child_ids": []}, {"id": 16, "workflow_id": 10, "length": 31732, "req_memory_mb": 45056, "req_cpu_cores": 5, "child_ids": []}, {"id": 17, "workflow_id": 10, "length": 41726, "req_memory_mb": 40960, "req_cpu_cores": 12, "child_ids": []}], "arrival_time": 0}, {"id": 11, "tasks": [{"id": 0, "workflow_id": 11, "length": 38453, "req_memory_mb": 61440, "req_cpu_cores": 12, "child_ids": [1, 2]}, {"id": 1, "workflow_id": 11, "length": 37169, "req_memory_mb": 29696, "req_cpu_cores": 5, "child_ids": [19, 20, 21]}, {"id": 2, "workflow_id": 11, "length": 58443, "req_memory_mb": 62464, "req_cpu_cores": 8, "child_ids": [3, 4, 5, 6, 7, 8, 9, 12, 13, 15, 17, 19, 21]}, {"id": 3, "workflow_id": 11, "length": 56762, "req_memory_mb": 106496, "req_cpu_cores": 13, "child_ids": []}, {"id": 4, "workflow_id": 11, "length": 45955, "req_memory_mb": 33792, "req_cpu_cores": 13, "child_ids": [5, 6, 7, 8, 9, 10, 11, 12, 13, 14, 15, 17, 18, 19, 20, 21]}, {"id": 5, "workflow_id": 11, "length": 49945, "req_memory_mb": 103424, "req_cpu_cores": 13, "child_ids": [6, 8, 9, 10, 11, 12, 14, 15, 16, 17, 18, 19, 20, 21]}, {"id": 6, "workflow_id": 11, "length": 38320, "req_memory_mb": 91136, "req_cpu_cores": 9, "child_ids": [7, 8, 9, 12, 14, 16, 18, 19, 21]}, {"id": 7, "workflow_id": 11, "length": 35339, "req_memory_mb": 67584, "req_cpu_cores": 6, "child_ids": [8, 9, 10, 11, 13, 14, 15, 16, 17, 19, 20, 21]}, {"id": 8, "workflow_id": 11, "length": 55339, "req_memory_mb": 87040, "req_cpu_cores": 3, "child_ids": [9, 10, 12, 13, 14, 17, 18]}, {"id": 9, "workflow_id": 11, "length": 46258, "req_memory_mb": 29696, "req_cpu_cores": 2, "child_ids": [10, 11, 12, 13, 14, 20, 21]}, {"id": 10, "workflow_id": 11, "length": 48850, "req_memory_mb": 105472, "req_cpu_cores": 4, "child_ids": [11, 12, 13, 14, 15, 16, 17, 18, 19, 20, 21]}, {"id": 11, "workflow_id": 11, "length": 35917, "req_memory_mb": 16384, "req_cpu_cores": 2, "child_ids": [13, 14, 15, 16, 17, 18, 19, 21]}, {"id": 12, "workflow_id": 11, "length": 64165, "req_memory_mb": 87040, "req_cpu_cores": 6, "child_ids": [13, 14, 15, 16, 19, 20, 21]}, {"id": 13, "workflow_id": 11, "length": 71459, "req_memory_mb": 86016, "req_cpu_cores": 7, "child_ids": [14, 15, 16, 18, 20, 21]}, {"id": 14, "workflow_id": 11, "length": 27446, "req_memory_mb": 62464, "req_cpu_cores": 9, "child_ids": [15, 16, 19, 20]}, {"id": 15, "workflow_id": 11, "length": 83071, "req_memory_mb": 59392, "req_cpu_cores": 10, "child_ids": [20, 21]}, {"id": 16, "workflow_id": 11, "length": 39718, "req_memory_mb": 15360, "req_cpu_cores": 9, "child_ids": [17, 18, 19, 20]}, {"id": 17, "workflow_id": 11, "length": 70739, "req_memory_mb": 93184, "req_cpu_cores": 4, "child_ids": []}, {"id": 18, "workflow_id": 11, "length": 54308, "req_memory_mb": 12288, "req_cpu_cores": 2, "child_ids": [19, 20, 21]}, {"id": 19, "workflow_id": 11, "length": 54373, "req_memory_mb": 27648, "req_cpu_cores": 8, "child_ids": [20, 21]}, {"id": 20, "workflow_id": 11, "length": 60674, "req_memory_mb": 40960, "req_cpu_cores": 12, "child_ids": []}, {"id": 21, "workflow_id": 11, "length": 57812, "req_memory_mb": 102400, "req_cpu_cores": 11, "child_ids": []}], "arrival_time": 0}, {"id": 12, "tasks": [{"id": 0, "workflow_id": 12, "length": 80633, "req_memory_mb": 56320, "req_cpu_cores": 11, "child_ids": [1, 3, 4]}, {"id": 1, "workflow_id": 12, "length": 13572, "req_memory_mb": 38912, "req_cpu_cores": 3, "child_ids": [2, 7, 8, 9, 10, 11, 15]}, {"id": 2, "workflow_id": 12, "length": 68306, "req_memory_mb": 89088, "req_cpu_cores": 4, "child_ids": [6, 9]}, {"id": 3, "workflow_id": 12, "length": 39976, "req_memory_mb": 21504, "req_cpu_cores": 8, "child_ids": [5, 6, 7, 8, 9, 10, 11, 12, 13, 14, 15]}, {"id": 4, "workflow_id": 12, "length": 51509, "req_memory_mb": 93184, "req_cpu_cores": 8, "child_ids": [7, 8, 10, 11, 12, 14]}, {"id": 5, "workflow_id": 12, "length": 61906, "req_memory_mb": 24576, "req_cpu_cores": 4, "child_ids": [6, 7, 8, 9, 10, 11, 12, 13, 14]}, {"id": 6, "workflow_id": 12, "length": 39660, "req_memory_mb": 22528, "req_cpu_cores": 13, "child_ids": [7, 8, 9, 10, 11, 12, 14, 15]}, {"id": 7, "workflow_id": 12, "length": 56469, "req_memory_mb": 82944, "req_cpu_cores": 12, "child_ids": [10, 11, 12, 15]}, {"id": 8, "workflow_id": 12, "length": 77486, "req_memory_mb": 24576, "req_cpu_cores": 5, "child_ids": [9, 10, 11, 13, 14]}, {"id": 9, "workflow_id": 12, "length": 65458, "req_memory_mb": 51200, "req_cpu_cores": 3, "child_ids": [10, 11, 12, 13, 15]}, {"id": 10, "workflow_id": 12, "length": 56958, "req_memory_mb": 33792, "req_cpu_cores": 8, "child_ids": [11, 13, 14, 15]}, {"id": 11, "workflow_id": 12, "length": 33614, "req_memory_mb": 12288, "req_cpu_cores": 2, "child_ids": [12, 13, 14, 15]}, {"id": 12, "workflow_id": 12, "length": 28256, "req_memory_mb": 63488, "req_cpu_cores": 5, "child_ids": []}, {"id": 13, "workflow_id": 12, "length": 34431, "req_memory_mb": 59392, "req_cpu_cores": 8, "child_ids": []}, {"id": 14, "workflow_id": 12, "length": 54305, "req_memory_mb": 72704, "req_cpu_cores": 7, "child_ids": [15]}, {"id": 15, "workflow_id": 12, "length": 54210, "req_memory_mb": 105472, "req_cpu_cores": 6, "child_ids": []}], "arrival_time": 0}, {"id": 13, "tasks": [{"id": 0, "workflow_id": 13, "length": 46594, "req_memory_mb": 28672, "req_cpu_cores": 5, "child_ids": [1, 4]}, {"id": 1, "workflow_id": 13, "length": 53436, "req_memory_mb": 93184, "req_cpu_cores": 3, "child_ids": [2, 8, 9, 12]}, {"id": 2, "workflow_id": 13, "length": 26986, "req_memory_mb": 77824, "req_cpu_cores": 10, "child_ids": [3, 9, 11]}, {"id": 3, "workflow_id": 13, "length": 21947, "req_memory_mb": 78848, "req_cpu_cores": 2, "child_ids": [5, 6, 7, 9, 10, 11, 13]}, {"id": 4, "workflow_id": 13, "length": 41997, "req_memory_mb": 57344, "req_cpu_cores": 4, "child_ids": [5, 6, 7, 8, 9, 10, 12, 13]}, {"id": 5, "workflow_id": 13, "length": 25760, "req_memory_mb": 67584, "req_cpu_cores": 13, "child_ids": [6, 7, 8, 9, 11, 12]}, {"id": 6, "workflow_id": 13, "length": 62797, "req_memory_mb": 11264, "req_cpu_cores": 12, "child_ids": [7, 8, 9, 10, 11, 13]}, {"id": 7, "workflow_id": 13, "length": 51749, "req_memory_mb": 51200, "req_cpu_cores": 2, "child_ids": [8, 10, 11, 12]}, {"id": 8, "workflow_id": 13, "length": 59904, "req_memory_mb": 95232, "req_cpu_cores": 7, "child_ids": [11, 12]}, {"id": 9, "workflow_id": 13, "length": 58515, "req_memory_mb": 16384, "req_cpu_cores": 3, "child_ids": [10, 11, 12, 13]}, {"id": 10, "workflow_id": 13, "length": 72798, "req_memory_mb": 49152, "req_cpu_cores": 9, "child_ids": [11, 12, 13]}, {"id": 11, "workflow_id": 13, "length": 74810, "req_memory_mb": 26624, "req_cpu_cores": 2, "child_ids": [12, 13]}, {"id": 12, "workflow_id": 13, "length": 46387, "req_memory_mb": 80896, "req_cpu_cores": 9, "child_ids": []}, {"id": 13, "workflow_id": 13, "length": 38289, "req_memory_mb": 93184, "req_cpu_cores": 1, "child_ids": []}], "arrival_time": 0}, {"id": 14, "tasks": [{"id": 0, "workflow_id": 14, "length": 64485, "req_memory_mb": 16384, "req_cpu_cores": 4, "child_ids": [1, 2, 3, 4, 5, 6, 7, 8, 10, 12, 13, 14, 15, 17, 18, 19, 21, 22, 24, 25]}, {"id": 1, "workflow_id": 14, "length": 40452, "req_memory_mb": 16384, "req_cpu_cores": 8, "child_ids": [20]}, {"id": 2, "workflow_id": 14, "length": 28394, "req_memory_mb": 51200, "req_cpu_cores": 7, "child_ids": [11]}, {"id": 3, "workflow_id": 14, "length": 48792, "req_memory_mb": 91136, "req_cpu_cores": 8, "child_ids": [4, 15, 17, 21, 24, 25, 27]}, {"id": 4, "workflow_id": 14, "length": 82523, "req_memory_mb": 25600, "req_cpu_cores": 5, "child_ids": [14, 24, 25]}, {"id": 5, "workflow_id": 14, "length": 19847, "req_memory_mb": 22528, "req_cpu_cores": 2, "child_ids": [26]}, {"id": 6, "workflow_id": 14, "length": 46360, "req_memory_mb": 31744, "req_cpu_cores": 13, "child_ids": [16, 17]}, {"id": 7, "workflow_id": 14, "length": 65739, "req_memory_mb": 33792, "req_cpu_cores": 3, "child_ids": [9]}, {"id": 8, "workflow_id": 14, "length": 68160, "req_memory_mb": 7168, "req_cpu_cores": 5, "child_ids": [23]}, {"id": 9, "workflow_id": 14, "length": 58199, "req_memory_mb": 28672, "req_cpu_cores": 7, "child_ids": []}, {"id": 10, "workflow_id": 14, "length": 40084, "req_memory_mb": 82944, "req_cpu_cores": 8, "child_ids": []}, {"id": 11, "workflow_id": 14, "length": 77052, "req_memory_mb": 82944, "req_cpu_cores": 10, "child_ids": []}, {"id": 12, "workflow_id": 14, "length": 53853, "req_memory_mb": 77824, "req_cpu_cores": 7, "child_ids": [20, 26]}, {"id": 13, "workflow_id": 14, "length": 56291, "req_memory_mb": 77824, "req_cpu_cores": 4, "child_ids": []}, {"id": 14, "workflow_id": 14, "length": 64043, "req_memory_mb": 37888, "req_cpu_cores": 3, "child_ids": [15, 23, 25, 26, 27]}, {"id": 15, "workflow_id": 14, "length": 21210, "req_memory_mb": 73728, "req_cpu_cores": 6, "child_ids": [26]}, {"id": 16, "workflow_id": 14, "length": 45774, "req_memory_mb": 23552, "req_cpu_cores": 7, "child_ids": []}, {"id": 17, "workflow_id": 14, "length": 57872, "req_memory_mb": 37888, "req_cpu_cores": 9, "child_ids": [27]}, {"id": 18, "workflow_id": 14, "length": 42057, "req_memory_mb": 35840, "req_cpu_cores": 13, "child_ids": []}, {"id": 19, "workflow_id": 14, "length": 52511, "req_memory_mb": 101376, "req_cpu_cores": 7, "child_ids": []}, {"id": 20, "workflow_id": 14, "length": 77819, "req_memory_mb": 34816, "req_cpu_cores": 12, "child_ids": []}, {"id": 21, "workflow_id": 14, "length": 56085, "req_memory_mb": 91136, "req_cpu_cores": 13, "child_ids": [27]}, {"id": 22, "workflow_id": 14, "length": 6660, "req_memory_mb": 49152, "req_cpu_cores": 3, "child_ids": [23, 25, 26, 27]}, {"id": 23, "workflow_id": 14, "length": 73877, "req_memory_mb": 87040, "req_cpu_cores": 5, "child_ids": [24, 25, 27]}, {"id": 24, "workflow_id": 14, "length": 51123, "req_memory_mb": 63488, "req_cpu_cores": 7, "child_ids": []}, {"id": 25, "workflow_id": 14, "length": 37493, "req_memory_mb": 7168, "req_cpu_cores": 2, "child_ids": []}, {"id": 26, "workflow_id": 14, "length": 52887, "req_memory_mb": 101376, "req_cpu_cores": 6, "child_ids": []}, {"id": 27, "workflow_id": 14, "length": 32663, "req_memory_mb": 38912, "req_cpu_cores": 5, "child_ids": []}], "arrival_time": 0}, {"id": 15, "tasks": [{"id": 0, "workflow_id": 15, "length": 42407, "req_memory_mb": 11264, "req_cpu_cores": 5, "child_ids": [1, 2, 3, 4, 6, 7, 9, 10, 11, 13, 14, 16, 17, 19, 23, 26]}, {"id": 1, "workflow_id": 15, "length": 46883, "req_memory_mb": 39936, "req_cpu_cores": 12, "child_ids": []}, {"id": 2, "workflow_id": 15, "length": 40499, "req_memory_mb": 100352, "req_cpu_cores": 7, "child_ids": [7, 8, 10, 12, 14, 16, 18, 19, 21, 27]}, {"id": 3, "workflow_id": 15, "length": 63912, "req_memory_mb": 92160, "req_cpu_cores": 3, "child_ids": []}, {"id": 4, "workflow_id": 15, "length": 59233, "req_memory_mb": 94208, "req_cpu_cores": 2, "child_ids": [5, 12, 24]}, {"id": 5, "workflow_id": 15, "length": 38644, "req_memory_mb": 80896, "req_cpu_cores": 5, "child_ids": [21, 22]}, {"id": 6, "workflow_id": 15, "length": 75017, "req_memory_mb": 88064, "req_cpu_cores": 9, "child_ids": []}, {"id": 7, "workflow_id": 15, "length": 58509, "req_memory_mb": 102400, "req_cpu_cores": 13, "child_ids": [8]}, {"id": 8, "workflow_id": 15, "length": 51844, "req_memory_mb": 55296, "req_cpu_cores": 10, "child_ids": []}, {"id": 9, "workflow_id": 15, "length": 74263, "req_memory_mb": 111616, "req_cpu_cores": 11, "child_ids": []}, {"id": 10, "workflow_id": 15, "length": 38792, "req_memory_mb": 13312, "req_cpu_cores": 9, "child_ids": [27]}, {"id": 11, "workflow_id": 15, "length": 62305, "req_memory_mb": 62464, "req_cpu_cores": 3, "child_ids": []}, {"id": 12, "workflow_id": 15, "length": 49046, "req_memory_mb": 19456, "req_cpu_cores": 11, "child_ids": [15]}, {"id": 13, "workflow_id": 15, "length": 82038, "req_memory_mb": 30720, "req_cpu_cores": 12, "child_ids": []}, {"id": 14, "workflow_id": 15, "length": 44305, "req_memory_mb": 44032, "req_cpu_cores": 11, "child_ids": [20, 27]}, {"id": 15, "workflow_id": 15, "length": 64216, "req_memory_mb": 38912, "req_cpu_cores": 9, "child_ids": [24]}, {"id": 16, "workflow_id": 15, "length": 50727, "req_memory_mb": 6144, "req_cpu_cores": 9, "child_ids": []}, {"id": 17, "workflow_id": 15, "length": 52731, "req_memory_mb": 22528, "req_cpu_cores": 4, "child_ids": [18]}, {"id": 18, "workflow_id": 15, "length": 52771, "req_memory_mb": 79872, "req_cpu_cores": 9, "child_ids": [27]}, {"id": 19, "workflow_id": 15, "length": 28301, "req_memory_mb": 35840, "req_cpu_cores": 11, "child_ids": []}, {"id": 20, "workflow_id": 15, "length": 37739, "req_memory_mb": 108544, "req_cpu_cores": 10, "child_ids": []}, {"id": 21, "workflow_id": 15, "length": 51581, "req_memory_mb": 4096, "req_cpu_cores": 9, "child_ids": []}, {"id": 22, "workflow_id": 15, "length": 28661, "req_memory_mb": 15360, "req_cpu_cores": 8, "child_ids": [25]}, {"id": 23, "workflow_id": 15, "length": 81615, "req_memory_mb": 38912, "req_cpu_cores": 13, "child_ids": []}, {"id": 24, "workflow_id": 15, "length": 68525, "req_memory_mb": 105472, "req_cpu_cores": 6, "child_ids": []}, {"id": 25, "workflow_id": 15, "length": 58603, "req_memory_mb": 10240, "req_cpu_cores": 6, "child_ids": []}, {"id": 26, "workflow_id": 15, "length": 25789, "req_memory_mb": 32768, "req_cpu_cores": 3, "child_ids": []}, {"id": 27, "workflow_id": 15, "length": 51589, "req_memory_mb": 89088, "req_cpu_cores": 7, "child_ids": []}], "arrival_time": 0}]}