{
  "workflows": [
    {
      "id": 0,
      "tasks": [
        {
          "id": 0,
          "workflow_id": 0,
          "length": 60152,
          "req_memory_mb": 19456,
          "req_cpu_cores": 18,
          "child_ids": [
            1,
            2,
            3,
            4,
            5,
            7,
            8,
            9,
            11,
            12,
            13,
            14,
            16,
            18,
            19,
            21,
            22,
            25
          ]
        },
        {
          "id": 1,
          "workflow_id": 0,
          "length": 15464,
          "req_memory_mb": 17408,
          "req_cpu_cores": 5,
          "child_ids": []
        },
        {
          "id": 2,
          "workflow_id": 0,
          "length": 29800,
          "req_memory_mb": 63488,
          "req_cpu_cores": 27,
          "child_ids": []
        },
        {
          "id": 3,
          "workflow_id": 0,
          "length": 72290,
          "req_memory_mb": 9216,
          "req_cpu_cores": 16,
          "child_ids": [
            10,
            6
          ]
        },
        {
          "id": 4,
          "workflow_id": 0,
          "length": 59750,
          "req_memory_mb": 93184,
          "req_cpu_cores": 2,
          "child_ids": [
            20,
            23
          ]
        },
        {
          "id": 5,
          "workflow_id": 0,
          "length": 21923,
          "req_memory_mb": 44032,
          "req_cpu_cores": 18,
          "child_ids": [
            6
          ]
        },
        {
          "id": 6,
          "workflow_id": 0,
          "length": 29349,
          "req_memory_mb": 22528,
          "req_cpu_cores": 14,
          "child_ids": []
        },
        {
          "id": 7,
          "workflow_id": 0,
          "length": 41218,
          "req_memory_mb": 51200,
          "req_cpu_cores": 41,
          "child_ids": []
        },
        {
          "id": 8,
          "workflow_id": 0,
          "length": 46018,
          "req_memory_mb": 24576,
          "req_cpu_cores": 18,
          "child_ids": [
            17
          ]
        },
        {
          "id": 9,
          "workflow_id": 0,
          "length": 62380,
          "req_memory_mb": 18432,
          "req_cpu_cores": 9,
          "child_ids": [
            15
          ]
        },
        {
          "id": 10,
          "workflow_id": 0,
          "length": 48042,
          "req_memory_mb": 50176,
          "req_cpu_cores": 2,
          "child_ids": []
        },
        {
          "id": 11,
          "workflow_id": 0,
          "length": 74458,
          "req_memory_mb": 81920,
          "req_cpu_cores": 2,
          "child_ids": []
        },
        {
          "id": 12,
          "workflow_id": 0,
          "length": 67477,
          "req_memory_mb": 8192,
          "req_cpu_cores": 2,
          "child_ids": []
        },
        {
          "id": 13,
          "workflow_id": 0,
          "length": 35772,
          "req_memory_mb": 20480,
          "req_cpu_cores": 9,
          "child_ids": []
        },
        {
          "id": 14,
          "workflow_id": 0,
          "length": 44664,
          "req_memory_mb": 64512,
          "req_cpu_cores": 25,
          "child_ids": []
        },
        {
          "id": 15,
          "workflow_id": 0,
          "length": 60277,
          "req_memory_mb": 78848,
          "req_cpu_cores": 21,
          "child_ids": []
        },
        {
          "id": 16,
          "workflow_id": 0,
          "length": 26306,
          "req_memory_mb": 39936,
          "req_cpu_cores": 14,
          "child_ids": [
            24
          ]
        },
        {
          "id": 17,
          "workflow_id": 0,
          "length": 49482,
          "req_memory_mb": 81920,
          "req_cpu_cores": 37,
          "child_ids": [
            23
          ]
        },
        {
          "id": 18,
          "workflow_id": 0,
          "length": 46370,
          "req_memory_mb": 71680,
          "req_cpu_cores": 14,
          "child_ids": []
        },
        {
          "id": 19,
          "workflow_id": 0,
          "length": 43026,
          "req_memory_mb": 71680,
          "req_cpu_cores": 27,
          "child_ids": [
            26
          ]
        },
        {
          "id": 20,
          "workflow_id": 0,
          "length": 40952,
          "req_memory_mb": 20480,
          "req_cpu_cores": 2,
          "child_ids": []
        },
        {
          "id": 21,
          "workflow_id": 0,
          "length": 52630,
          "req_memory_mb": 37888,
          "req_cpu_cores": 30,
          "child_ids": []
        },
        {
          "id": 22,
          "workflow_id": 0,
          "length": 43972,
          "req_memory_mb": 29696,
          "req_cpu_cores": 23,
          "child_ids": []
        },
        {
          "id": 23,
          "workflow_id": 0,
          "length": 50003,
          "req_memory_mb": 29696,
          "req_cpu_cores": 25,
          "child_ids": []
        },
        {
          "id": 24,
          "workflow_id": 0,
          "length": 26505,
          "req_memory_mb": 58368,
          "req_cpu_cores": 2,
          "child_ids": []
        },
        {
          "id": 25,
          "workflow_id": 0,
          "length": 51697,
          "req_memory_mb": 68608,
          "req_cpu_cores": 34,
          "child_ids": []
        },
        {
          "id": 26,
          "workflow_id": 0,
          "length": 25530,
          "req_memory_mb": 57344,
          "req_cpu_cores": 9,
          "child_ids": []
        }
      ],
      "arrival_time": 0
    },
    {
      "id": 1,
      "tasks": [
        {
          "id": 0,
          "workflow_id": 1,
          "length": 26608,
          "req_memory_mb": 1024,
          "req_cpu_cores": 24,
          "child_ids": [
            1,
            2,
            3,
            4,
            5,
            6,
            7,
            8,
            9,
            10,
            11,
            12,
            13,
            14,
            16,
            18,
            19,
            21,
            23,
            25,
            26
          ]
        },
        {
          "id": 1,
          "workflow_id": 1,
          "length": 41580,
          "req_memory_mb": 50176,
          "req_cpu_cores": 19,
          "child_ids": []
        },
        {
          "id": 2,
          "workflow_id": 1,
          "length": 67182,
          "req_memory_mb": 65536,
          "req_cpu_cores": 9,
          "child_ids": []
        },
        {
          "id": 3,
          "workflow_id": 1,
          "length": 62057,
          "req_memory_mb": 54272,
          "req_cpu_cores": 17,
          "child_ids": []
        },
        {
          "id": 4,
          "workflow_id": 1,
          "length": 26588,
          "req_memory_mb": 73728,
          "req_cpu_cores": 15,
          "child_ids": []
        },
        {
          "id": 5,
          "workflow_id": 1,
          "length": 44390,
          "req_memory_mb": 62464,
          "req_cpu_cores": 11,
          "child_ids": [
            15
          ]
        },
        {
          "id": 6,
          "workflow_id": 1,
          "length": 52407,
          "req_memory_mb": 74752,
          "req_cpu_cores": 4,
          "child_ids": []
        },
        {
          "id": 7,
          "workflow_id": 1,
          "length": 31777,
          "req_memory_mb": 14336,
          "req_cpu_cores": 5,
          "child_ids": [
            17
          ]
        },
        {
          "id": 8,
          "workflow_id": 1,
          "length": 34815,
          "req_memory_mb": 73728,
          "req_cpu_cores": 24,
          "child_ids": [
            24
          ]
        },
        {
          "id": 9,
          "workflow_id": 1,
          "length": 68666,
          "req_memory_mb": 16384,
          "req_cpu_cores": 17,
          "child_ids": []
        },
        {
          "id": 10,
          "workflow_id": 1,
          "length": 48437,
          "req_memory_mb": 45056,
          "req_cpu_cores": 19,
          "child_ids": [
            15
          ]
        },
        {
          "id": 11,
          "workflow_id": 1,
          "length": 56642,
          "req_memory_mb": 53248,
          "req_cpu_cores": 19,
          "child_ids": [
            15
          ]
        },
        {
          "id": 12,
          "workflow_id": 1,
          "length": 52718,
          "req_memory_mb": 64512,
          "req_cpu_cores": 3,
          "child_ids": [
            22
          ]
        },
        {
          "id": 13,
          "workflow_id": 1,
          "length": 32032,
          "req_memory_mb": 73728,
          "req_cpu_cores": 19,
          "child_ids": []
        },
        {
          "id": 14,
          "workflow_id": 1,
          "length": 51276,
          "req_memory_mb": 22528,
          "req_cpu_cores": 21,
          "child_ids": []
        },
        {
          "id": 15,
          "workflow_id": 1,
          "length": 41961,
          "req_memory_mb": 47104,
          "req_cpu_cores": 16,
          "child_ids": []
        },
        {
          "id": 16,
          "workflow_id": 1,
          "length": 39934,
          "req_memory_mb": 5120,
          "req_cpu_cores": 4,
          "child_ids": [
            20
          ]
        },
        {
          "id": 17,
          "workflow_id": 1,
          "length": 42090,
          "req_memory_mb": 30720,
          "req_cpu_cores": 23,
          "child_ids": []
        },
        {
          "id": 18,
          "workflow_id": 1,
          "length": 50491,
          "req_memory_mb": 60416,
          "req_cpu_cores": 20,
          "child_ids": []
        },
        {
          "id": 19,
          "workflow_id": 1,
          "length": 48058,
          "req_memory_mb": 41984,
          "req_cpu_cores": 19,
          "child_ids": []
        },
        {
          "id": 20,
          "workflow_id": 1,
          "length": 39455,
          "req_memory_mb": 26624,
          "req_cpu_cores": 15,
          "child_ids": []
        },
        {
          "id": 21,
          "workflow_id": 1,
          "length": 57049,
          "req_memory_mb": 50176,
          "req_cpu_cores": 16,
          "child_ids": []
        },
        {
          "id": 22,
          "workflow_id": 1,
          "length": 47006,
          "req_memory_mb": 37888,
          "req_cpu_cores": 21,
          "child_ids": []
        },
        {
          "id": 23,
          "workflow_id": 1,
          "length": 64336,
          "req_memory_mb": 8192,
          "req_cpu_cores": 21,
          "child_ids": []
        },
        {
          "id": 24,
          "workflow_id": 1,
          "length": 49906,
          "req_memory_mb": 6144,
          "req_cpu_cores": 9,
          "child_ids": []
        },
        {
          "id": 25,
          "workflow_id": 1,
          "length": 47875,
          "req_memory_mb": 26624,
          "req_cpu_cores": 16,
          "child_ids": []
        },
        {
          "id": 26,
          "workflow_id": 1,
          "length": 59037,
          "req_memory_mb": 51200,
          "req_cpu_cores": 9,
          "child_ids": []
        }
      ],
      "arrival_time": 0
    },
    {
      "id": 2,
      "tasks": [
        {
          "id": 0,
          "workflow_id": 2,
          "length": 29430,
          "req_memory_mb": 32768,
          "req_cpu_cores": 8,
          "child_ids": [
            1,
            2,
            3,
            4,
            6,
            7,
            8,
            9,
            10,
            11,
            12,
            13,
            14,
            15,
            18,
            22,
            24
          ]
        },
        {
          "id": 1,
          "workflow_id": 2,
          "length": 67510,
          "req_memory_mb": 80896,
          "req_cpu_cores": 23,
          "child_ids": []
        },
        {
          "id": 2,
          "workflow_id": 2,
          "length": 61774,
          "req_memory_mb": 45056,
          "req_cpu_cores": 30,
          "child_ids": [
            16
          ]
        },
        {
          "id": 3,
          "workflow_id": 2,
          "length": 72288,
          "req_memory_mb": 58368,
          "req_cpu_cores": 21,
          "child_ids": [
            20,
            5
          ]
        },
        {
          "id": 4,
          "workflow_id": 2,
          "length": 44125,
          "req_memory_mb": 63488,
          "req_cpu_cores": 21,
          "child_ids": []
        },
        {
          "id": 5,
          "workflow_id": 2,
          "length": 45996,
          "req_memory_mb": 48128,
          "req_cpu_cores": 8,
          "child_ids": [
            17
          ]
        },
        {
          "id": 6,
          "workflow_id": 2,
          "length": 48891,
          "req_memory_mb": 43008,
          "req_cpu_cores": 21,
          "child_ids": []
        },
        {
          "id": 7,
          "workflow_id": 2,
          "length": 62559,
          "req_memory_mb": 30720,
          "req_cpu_cores": 19,
          "child_ids": []
        },
        {
          "id": 8,
          "workflow_id": 2,
          "length": 53083,
          "req_memory_mb": 54272,
          "req_cpu_cores": 32,
          "child_ids": []
        },
        {
          "id": 9,
          "workflow_id": 2,
          "length": 51059,
          "req_memory_mb": 18432,
          "req_cpu_cores": 19,
          "child_ids": []
        },
        {
          "id": 10,
          "workflow_id": 2,
          "length": 59808,
          "req_memory_mb": 74752,
          "req_cpu_cores": 30,
          "child_ids": [
            21
          ]
        },
        {
          "id": 11,
          "workflow_id": 2,
          "length": 41558,
          "req_memory_mb": 16384,
          "req_cpu_cores": 23,
          "child_ids": []
        },
        {
          "id": 12,
          "workflow_id": 2,
          "length": 40641,
          "req_memory_mb": 81920,
          "req_cpu_cores": 32,
          "child_ids": []
        },
        {
          "id": 13,
          "workflow_id": 2,
          "length": 69461,
          "req_memory_mb": 50176,
          "req_cpu_cores": 21,
          "child_ids": [
            21
          ]
        },
        {
          "id": 14,
          "workflow_id": 2,
          "length": 50105,
          "req_memory_mb": 77824,
          "req_cpu_cores": 19,
          "child_ids": []
        },
        {
          "id": 15,
          "workflow_id": 2,
          "length": 37577,
          "req_memory_mb": 83968,
          "req_cpu_cores": 4,
          "child_ids": []
        },
        {
          "id": 16,
          "workflow_id": 2,
          "length": 55391,
          "req_memory_mb": 39936,
          "req_cpu_cores": 24,
          "child_ids": []
        },
        {
          "id": 17,
          "workflow_id": 2,
          "length": 35408,
          "req_memory_mb": 50176,
          "req_cpu_cores": 17,
          "child_ids": [
            19
          ]
        },
        {
          "id": 18,
          "workflow_id": 2,
          "length": 68372,
          "req_memory_mb": 38912,
          "req_cpu_cores": 9,
          "child_ids": [
            23
          ]
        },
        {
          "id": 19,
          "workflow_id": 2,
          "length": 69061,
          "req_memory_mb": 29696,
          "req_cpu_cores": 23,
          "child_ids": [
            20
          ]
        },
        {
          "id": 20,
          "workflow_id": 2,
          "length": 44183,
          "req_memory_mb": 40960,
          "req_cpu_cores": 17,
          "child_ids": []
        },
        {
          "id": 21,
          "workflow_id": 2,
          "length": 63588,
          "req_memory_mb": 61440,
          "req_cpu_cores": 6,
          "child_ids": []
        },
        {
          "id": 22,
          "workflow_id": 2,
          "length": 91214,
          "req_memory_mb": 58368,
          "req_cpu_cores": 8,
          "child_ids": []
        },
        {
          "id": 23,
          "workflow_id": 2,
          "length": 45452,
          "req_memory_mb": 78848,
          "req_cpu_cores": 15,
          "child_ids": []
        },
        {
          "id": 24,
          "workflow_id": 2,
          "length": 58018,
          "req_memory_mb": 9216,
          "req_cpu_cores": 13,
          "child_ids": []
        }
      ],
      "arrival_time": 0
    },
    {
      "id": 3,
      "tasks": [
        {
          "id": 0,
          "workflow_id": 3,
          "length": 67009,
          "req_memory_mb": 68608,
          "req_cpu_cores": 4,
          "child_ids": [
            1,
            2,
            3,
            4,
            6,
            7,
            8,
            9,
            12,
            16,
            18,
            21,
            22,
            23,
            24,
            25,
            28
          ]
        },
        {
          "id": 1,
          "workflow_id": 3,
          "length": 61275,
          "req_memory_mb": 41984,
          "req_cpu_cores": 9,
          "child_ids": [
            10,
            11
          ]
        },
        {
          "id": 2,
          "workflow_id": 3,
          "length": 64171,
          "req_memory_mb": 56320,
          "req_cpu_cores": 25,
          "child_ids": []
        },
        {
          "id": 3,
          "workflow_id": 3,
          "length": 44562,
          "req_memory_mb": 16384,
          "req_cpu_cores": 30,
          "child_ids": [
            5,
            15
          ]
        },
        {
          "id": 4,
          "workflow_id": 3,
          "length": 45712,
          "req_memory_mb": 24576,
          "req_cpu_cores": 23,
          "child_ids": [
            27
          ]
        },
        {
          "id": 5,
          "workflow_id": 3,
          "length": 32750,
          "req_memory_mb": 61440,
          "req_cpu_cores": 23,
          "child_ids": [
            17
          ]
        },
        {
          "id": 6,
          "workflow_id": 3,
          "length": 58293,
          "req_memory_mb": 53248,
          "req_cpu_cores": 27,
          "child_ids": [
            11
          ]
        },
        {
          "id": 7,
          "workflow_id": 3,
          "length": 34761,
          "req_memory_mb": 12288,
          "req_cpu_cores": 19,
          "child_ids": []
        },
        {
          "id": 8,
          "workflow_id": 3,
          "length": 30125,
          "req_memory_mb": 49152,
          "req_cpu_cores": 19,
          "child_ids": []
        },
        {
          "id": 9,
          "workflow_id": 3,
          "length": 60100,
          "req_memory_mb": 75776,
          "req_cpu_cores": 4,
          "child_ids": [
            26,
            27,
            20,
            14
          ]
        },
        {
          "id": 10,
          "workflow_id": 3,
          "length": 52033,
          "req_memory_mb": 58368,
          "req_cpu_cores": 6,
          "child_ids": [
            13
          ]
        },
        {
          "id": 11,
          "workflow_id": 3,
          "length": 42727,
          "req_memory_mb": 40960,
          "req_cpu_cores": 11,
          "child_ids": []
        },
        {
          "id": 12,
          "workflow_id": 3,
          "length": 71069,
          "req_memory_mb": 18432,
          "req_cpu_cores": 11,
          "child_ids": []
        },
        {
          "id": 13,
          "workflow_id": 3,
          "length": 55928,
          "req_memory_mb": 91136,
          "req_cpu_cores": 32,
          "child_ids": [
            17,
            26
          ]
        },
        {
          "id": 14,
          "workflow_id": 3,
          "length": 57382,
          "req_memory_mb": 62464,
          "req_cpu_cores": 32,
          "child_ids": [
            29
          ]
        },
        {
          "id": 15,
          "workflow_id": 3,
          "length": 34644,
          "req_memory_mb": 32768,
          "req_cpu_cores": 15,
          "child_ids": []
        },
        {
          "id": 16,
          "workflow_id": 3,
          "length": 55303,
          "req_memory_mb": 95232,
          "req_cpu_cores": 19,
          "child_ids": [
            29
          ]
        },
        {
          "id": 17,
          "workflow_id": 3,
          "length": 44473,
          "req_memory_mb": 90112,
          "req_cpu_cores": 2,
          "child_ids": [
            26
          ]
        },
        {
          "id": 18,
          "workflow_id": 3,
          "length": 26637,
          "req_memory_mb": 11264,
          "req_cpu_cores": 13,
          "child_ids": [
            19
          ]
        },
        {
          "id": 19,
          "workflow_id": 3,
          "length": 75759,
          "req_memory_mb": 89088,
          "req_cpu_cores": 8,
          "child_ids": []
        },
        {
          "id": 20,
          "workflow_id": 3,
          "length": 53506,
          "req_memory_mb": 34816,
          "req_cpu_cores": 32,
          "child_ids": []
        },
        {
          "id": 21,
          "workflow_id": 3,
          "length": 46313,
          "req_memory_mb": 73728,
          "req_cpu_cores": 11,
          "child_ids": []
        },
        {
          "id": 22,
          "workflow_id": 3,
          "length": 49938,
          "req_memory_mb": 33792,
          "req_cpu_cores": 8,
          "child_ids": []
        },
        {
          "id": 23,
          "workflow_id": 3,
          "length": 51200,
          "req_memory_mb": 47104,
          "req_cpu_cores": 25,
          "child_ids": []
        },
        {
          "id": 24,
          "workflow_id": 3,
          "length": 42268,
          "req_memory_mb": 23552,
          "req_cpu_cores": 34,
          "child_ids": []
        },
        {
          "id": 25,
          "workflow_id": 3,
          "length": 86492,
          "req_memory_mb": 47104,
          "req_cpu_cores": 34,
          "child_ids": []
        },
        {
          "id": 26,
          "workflow_id": 3,
          "length": 35170,
          "req_memory_mb": 22528,
          "req_cpu_cores": 6,
          "child_ids": []
        },
        {
          "id": 27,
          "workflow_id": 3,
          "length": 82745,
          "req_memory_mb": 58368,
          "req_cpu_cores": 17,
          "child_ids": [
            29
          ]
        },
        {
          "id": 28,
          "workflow_id": 3,
          "length": 72424,
          "req_memory_mb": 76800,
          "req_cpu_cores": 28,
          "child_ids": []
        },
        {
          "id": 29,
          "workflow_id": 3,
          "length": 63187,
          "req_memory_mb": 80896,
          "req_cpu_cores": 34,
          "child_ids": []
        }
      ],
      "arrival_time": 0
    },
    {
      "id": 4,
      "tasks": [
        {
          "id": 0,
          "workflow_id": 4,
          "length": 30157,
          "req_memory_mb": 36864,
          "req_cpu_cores": 21,
          "child_ids": [
            1,
            2,
            3,
            4,
            5,
            6,
            8,
            10,
            11,
            12,
            13,
            14,
            15,
            28
          ]
        },
        {
          "id": 1,
          "workflow_id": 4,
          "length": 51059,
          "req_memory_mb": 46080,
          "req_cpu_cores": 36,
          "child_ids": [
            17,
            29
          ]
        },
        {
          "id": 2,
          "workflow_id": 4,
          "length": 53606,
          "req_memory_mb": 47104,
          "req_cpu_cores": 31,
          "child_ids": []
        },
        {
          "id": 3,
          "workflow_id": 4,
          "length": 66011,
          "req_memory_mb": 50176,
          "req_cpu_cores": 29,
          "child_ids": [
            24,
            27,
            22
          ]
        },
        {
          "id": 4,
          "workflow_id": 4,
          "length": 76077,
          "req_memory_mb": 1024,
          "req_cpu_cores": 17,
          "child_ids": []
        },
        {
          "id": 5,
          "workflow_id": 4,
          "length": 18917,
          "req_memory_mb": 115712,
          "req_cpu_cores": 36,
          "child_ids": [
            7
          ]
        },
        {
          "id": 6,
          "workflow_id": 4,
          "length": 40006,
          "req_memory_mb": 125952,
          "req_cpu_cores": 26,
          "child_ids": [
            16,
            9,
            18
          ]
        },
        {
          "id": 7,
          "workflow_id": 4,
          "length": 54919,
          "req_memory_mb": 122880,
          "req_cpu_cores": 10,
          "child_ids": []
        },
        {
          "id": 8,
          "workflow_id": 4,
          "length": 39725,
          "req_memory_mb": 84992,
          "req_cpu_cores": 41,
          "child_ids": [
            25
          ]
        },
        {
          "id": 9,
          "workflow_id": 4,
          "length": 24631,
          "req_memory_mb": 110592,
          "req_cpu_cores": 17,
          "child_ids": []
        },
        {
          "id": 10,
          "workflow_id": 4,
          "length": 56924,
          "req_memory_mb": 108544,
          "req_cpu_cores": 31,
          "child_ids": [
            16
          ]
        },
        {
          "id": 11,
          "workflow_id": 4,
          "length": 55855,
          "req_memory_mb": 73728,
          "req_cpu_cores": 24,
          "child_ids": [
            24,
            26,
            19
          ]
        },
        {
          "id": 12,
          "workflow_id": 4,
          "length": 74849,
          "req_memory_mb": 20480,
          "req_cpu_cores": 7,
          "child_ids": []
        },
        {
          "id": 13,
          "workflow_id": 4,
          "length": 60588,
          "req_memory_mb": 2048,
          "req_cpu_cores": 36,
          "child_ids": [
            23
          ]
        },
        {
          "id": 14,
          "workflow_id": 4,
          "length": 58672,
          "req_memory_mb": 30720,
          "req_cpu_cores": 26,
          "child_ids": []
        },
        {
          "id": 15,
          "workflow_id": 4,
          "length": 41908,
          "req_memory_mb": 23552,
          "req_cpu_cores": 10,
          "child_ids": [
            18
          ]
        },
        {
          "id": 16,
          "workflow_id": 4,
          "length": 40965,
          "req_memory_mb": 125952,
          "req_cpu_cores": 24,
          "child_ids": [
            20
          ]
        },
        {
          "id": 17,
          "workflow_id": 4,
          "length": 51347,
          "req_memory_mb": 118784,
          "req_cpu_cores": 31,
          "child_ids": [
            21
          ]
        },
        {
          "id": 18,
          "workflow_id": 4,
          "length": 51942,
          "req_memory_mb": 17408,
          "req_cpu_cores": 26,
          "child_ids": []
        },
        {
          "id": 19,
          "workflow_id": 4,
          "length": 37661,
          "req_memory_mb": 4096,
          "req_cpu_cores": 26,
          "child_ids": []
        },
        {
          "id": 20,
          "workflow_id": 4,
          "length": 62934,
          "req_memory_mb": 90112,
          "req_cpu_cores": 5,
          "child_ids": []
        },
        {
          "id": 21,
          "workflow_id": 4,
          "length": 39993,
          "req_memory_mb": 16384,
          "req_cpu_cores": 2,
          "child_ids": []
        },
        {
          "id": 22,
          "workflow_id": 4,
          "length": 56546,
          "req_memory_mb": 41984,
          "req_cpu_cores": 12,
          "child_ids": []
        },
        {
          "id": 23,
          "workflow_id": 4,
          "length": 84313,
          "req_memory_mb": 6144,
          "req_cpu_cores": 2,
          "child_ids": []
        },
        {
          "id": 24,
          "workflow_id": 4,
          "length": 46512,
          "req_memory_mb": 104448,
          "req_cpu_cores": 26,
          "child_ids": []
        },
        {
          "id": 25,
          "workflow_id": 4,
          "length": 79494,
          "req_memory_mb": 27648,
          "req_cpu_cores": 17,
          "child_ids": []
        },
        {
          "id": 26,
          "workflow_id": 4,
          "length": 44271,
          "req_memory_mb": 86016,
          "req_cpu_cores": 26,
          "child_ids": []
        },
        {
          "id": 27,
          "workflow_id": 4,
          "length": 39459,
          "req_memory_mb": 13312,
          "req_cpu_cores": 31,
          "child_ids": []
        },
        {
          "id": 28,
          "workflow_id": 4,
          "length": 48458,
          "req_memory_mb": 100352,
          "req_cpu_cores": 17,
          "child_ids": [
            29
          ]
        },
        {
          "id": 29,
          "workflow_id": 4,
          "length": 30123,
          "req_memory_mb": 82944,
          "req_cpu_cores": 24,
          "child_ids": []
        }
      ],
      "arrival_time": 0
    },
    {
      "id": 5,
      "tasks": [
        {
          "id": 0,
          "workflow_id": 5,
          "length": 40023,
          "req_memory_mb": 7168,
          "req_cpu_cores": 72,
          "child_ids": [
            1
          ]
        },
        {
          "id": 1,
          "workflow_id": 5,
          "length": 53241,
          "req_memory_mb": 157696,
          "req_cpu_cores": 56,
          "child_ids": [
            2,
            3,
            5,
            6,
            7,
            8,
            10,
            14,
            15,
            16,
            17
          ]
        },
        {
          "id": 2,
          "workflow_id": 5,
          "length": 45173,
          "req_memory_mb": 157696,
          "req_cpu_cores": 56,
          "child_ids": [
            3,
            4,
            6,
            7,
            8,
            9,
            11,
            12,
            13,
            17
          ]
        },
        {
          "id": 3,
          "workflow_id": 5,
          "length": 49376,
          "req_memory_mb": 131072,
          "req_cpu_cores": 70,
          "child_ids": [
            4,
            5,
            6,
            7,
            8,
            9,
            11,
            12,
            13,
            14,
            16,
            17
          ]
        },
        {
          "id": 4,
          "workflow_id": 5,
          "length": 36358,
          "req_memory_mb": 21504,
          "req_cpu_cores": 72,
          "child_ids": [
            5,
            6,
            7,
            8,
            10,
            12,
            13,
            14,
            15,
            16,
            17
          ]
        },
        {
          "id": 5,
          "workflow_id": 5,
          "length": 43129,
          "req_memory_mb": 131072,
          "req_cpu_cores": 57,
          "child_ids": [
            7,
            9,
            10,
            11,
            12,
            14,
            15,
            16,
            17
          ]
        },
        {
          "id": 6,
          "workflow_id": 5,
          "length": 50024,
          "req_memory_mb": 151552,
          "req_cpu_cores": 56,
          "child_ids": [
            7,
            8,
            9,
            10,
            11,
            12,
            13,
            15,
            16,
            17
          ]
        },
        {
          "id": 7,
          "workflow_id": 5,
          "length": 58530,
          "req_memory_mb": 64512,
          "req_cpu_cores": 72,
          "child_ids": [
            8,
            9,
            10,
            11,
            12,
            13,
            14,
            15,
            16,
            17
          ]
        },
        {
          "id": 8,
          "workflow_id": 5,
          "length": 65321,
          "req_memory_mb": 167936,
          "req_cpu_cores": 53,
          "child_ids": [
            9,
            10,
            12,
            13,
            14,
            15,
            16
          ]
        },
        {
          "id": 9,
          "workflow_id": 5,
          "length": 41353,
          "req_memory_mb": 131072,
          "req_cpu_cores": 63,
          "child_ids": [
            10,
            12,
            13,
            14,
            15,
            16,
            17
          ]
        },
        {
          "id": 10,
          "workflow_id": 5,
          "length": 55838,
          "req_memory_mb": 167936,
          "req_cpu_cores": 27,
          "child_ids": [
            12,
            13,
            14,
            15,
            16,
            17
          ]
        },
        {
          "id": 11,
          "workflow_id": 5,
          "length": 54778,
          "req_memory_mb": 167936,
          "req_cpu_cores": 8,
          "child_ids": [
            17,
            14,
            15
          ]
        },
        {
          "id": 12,
          "workflow_id": 5,
          "length": 58807,
          "req_memory_mb": 131072,
          "req_cpu_cores": 58,
          "child_ids": [
            13,
            14,
            15,
            16,
            17
          ]
        },
        {
          "id": 13,
          "workflow_id": 5,
          "length": 59640,
          "req_memory_mb": 167936,
          "req_cpu_cores": 46,
          "child_ids": [
            16,
            17,
            15
          ]
        },
        {
          "id": 14,
          "workflow_id": 5,
          "length": 40508,
          "req_memory_mb": 167936,
          "req_cpu_cores": 6,
          "child_ids": [
            16,
            17,
            15
          ]
        },
        {
          "id": 15,
          "workflow_id": 5,
          "length": 56784,
          "req_memory_mb": 167936,
          "req_cpu_cores": 26,
          "child_ids": [
            16,
            17
          ]
        },
        {
          "id": 16,
          "workflow_id": 5,
          "length": 10836,
          "req_memory_mb": 131072,
          "req_cpu_cores": 60,
          "child_ids": [
            17
          ]
        },
        {
          "id": 17,
          "workflow_id": 5,
          "length": 30396,
          "req_memory_mb": 167936,
          "req_cpu_cores": 32,
          "child_ids": []
        }
      ],
      "arrival_time": 0
    },
    {
      "id": 6,
      "tasks": [
        {
          "id": 0,
          "workflow_id": 6,
          "length": 63954,
          "req_memory_mb": 149504,
          "req_cpu_cores": 44,
          "child_ids": [
            1
          ]
        },
        {
          "id": 1,
          "workflow_id": 6,
          "length": 36737,
          "req_memory_mb": 131072,
          "req_cpu_cores": 50,
          "child_ids": [
            2,
            3,
            4,
            5,
            6,
            8,
            9,
            11
          ]
        },
        {
          "id": 2,
          "workflow_id": 6,
          "length": 22160,
          "req_memory_mb": 149504,
          "req_cpu_cores": 9,
          "child_ids": [
            3,
            5,
            7,
            8,
            9,
            10
          ]
        },
        {
          "id": 3,
          "workflow_id": 6,
          "length": 34507,
          "req_memory_mb": 97280,
          "req_cpu_cores": 64,
          "child_ids": [
            8,
            11,
            6,
            7
          ]
        },
        {
          "id": 4,
          "workflow_id": 6,
          "length": 62937,
          "req_memory_mb": 53248,
          "req_cpu_cores": 64,
          "child_ids": [
            5,
            6,
            7,
            10,
            11
          ]
        },
        {
          "id": 5,
          "workflow_id": 6,
          "length": 35652,
          "req_memory_mb": 12288,
          "req_cpu_cores": 64,
          "child_ids": [
            6,
            8,
            9,
            10,
            11
          ]
        },
        {
          "id": 6,
          "workflow_id": 6,
          "length": 68391,
          "req_memory_mb": 149504,
          "req_cpu_cores": 37,
          "child_ids": [
            7,
            8,
            9,
            10,
            11
          ]
        },
        {
          "id": 7,
          "workflow_id": 6,
          "length": 40216,
          "req_memory_mb": 149504,
          "req_cpu_cores": 35,
          "child_ids": [
            11
          ]
        },
        {
          "id": 8,
          "workflow_id": 6,
          "length": 45781,
          "req_memory_mb": 116736,
          "req_cpu_cores": 58,
          "child_ids": [
            10,
            11
          ]
        },
        {
          "id": 9,
          "workflow_id": 6,
          "length": 27110,
          "req_memory_mb": 135168,
          "req_cpu_cores": 50,
          "child_ids": [
            10,
            11
          ]
        },
        {
          "id": 10,
          "workflow_id": 6,
          "length": 45907,
          "req_memory_mb": 149504,
          "req_cpu_cores": 12,
          "child_ids": []
        },
        {
          "id": 11,
          "workflow_id": 6,
          "length": 42302,
          "req_memory_mb": 149504,
          "req_cpu_cores": 47,
          "child_ids": []
        }
      ],
      "arrival_time": 0
    },
    {
      "id": 7,
      "tasks": [
        {
          "id": 0,
          "workflow_id": 7,
          "length": 61356,
          "req_memory_mb": 159744,
          "req_cpu_cores": 17,
          "child_ids": [
            1
          ]
        },
        {
          "id": 1,
          "workflow_id": 7,
          "length": 30537,
          "req_memory_mb": 2048,
          "req_cpu_cores": 68,
          "child_ids": [
            2,
            4,
            5,
            6,
            8,
            9,
            11
          ]
        },
        {
          "id": 2,
          "workflow_id": 7,
          "length": 71518,
          "req_memory_mb": 159744,
          "req_cpu_cores": 13,
          "child_ids": [
            3,
            4,
            5,
            6,
            8,
            10,
            11
          ]
        },
        {
          "id": 3,
          "workflow_id": 7,
          "length": 44830,
          "req_memory_mb": 124928,
          "req_cpu_cores": 68,
          "child_ids": [
            4,
            5,
            8,
            9,
            10
          ]
        },
        {
          "id": 4,
          "workflow_id": 7,
          "length": 47712,
          "req_memory_mb": 90112,
          "req_cpu_cores": 68,
          "child_ids": [
            5,
            6,
            9,
            10,
            11
          ]
        },
        {
          "id": 5,
          "workflow_id": 7,
          "length": 32333,
          "req_memory_mb": 159744,
          "req_cpu_cores": 20,
          "child_ids": [
            6,
            7,
            8,
            10,
            11
          ]
        },
        {
          "id": 6,
          "workflow_id": 7,
          "length": 49639,
          "req_memory_mb": 6144,
          "req_cpu_cores": 68,
          "child_ids": [
            8,
            9,
            10,
            7
          ]
        },
        {
          "id": 7,
          "workflow_id": 7,
          "length": 44183,
          "req_memory_mb": 159744,
          "req_cpu_cores": 15,
          "child_ids": [
            8,
            9,
            10,
            11
          ]
        },
        {
          "id": 8,
          "workflow_id": 7,
          "length": 22895,
          "req_memory_mb": 52224,
          "req_cpu_cores": 68,
          "child_ids": [
            9,
            10
          ]
        },
        {
          "id": 9,
          "workflow_id": 7,
          "length": 47814,
          "req_memory_mb": 159744,
          "req_cpu_cores": 38,
          "child_ids": [
            10
          ]
        },
        {
          "id": 10,
          "workflow_id": 7,
          "length": 53765,
          "req_memory_mb": 159744,
          "req_cpu_cores": 50,
          "child_ids": [
            11
          ]
        },
        {
          "id": 11,
          "workflow_id": 7,
          "length": 51623,
          "req_memory_mb": 145408,
          "req_cpu_cores": 53,
          "child_ids": []
        }
      ],
      "arrival_time": 0
    },
    {
      "id": 8,
      "tasks": [
        {
          "id": 0,
          "workflow_id": 8,
          "length": 51479,
          "req_memory_mb": 142336,
          "req_cpu_cores": 14,
          "child_ids": [
            1,
            2,
            3
          ]
        },
        {
          "id": 1,
          "workflow_id": 8,
          "length": 52985,
          "req_memory_mb": 29696,
          "req_cpu_cores": 61,
          "child_ids": [
            4,
            5,
            6,
            8,
            10,
            11,
            12,
            13,
            14,
            15,
            16,
            17,
            18,
            19,
            20,
            22,
            23
          ]
        },
        {
          "id": 2,
          "workflow_id": 8,
          "length": 31472,
          "req_memory_mb": 142336,
          "req_cpu_cores": 23,
          "child_ids": [
            4,
            6,
            7,
            8,
            9,
            11,
            14,
            15,
            16,
            17,
            18,
            19,
            20,
            22,
            23
          ]
        },
        {
          "id": 3,
          "workflow_id": 8,
          "length": 60841,
          "req_memory_mb": 142336,
          "req_cpu_cores": 38,
          "child_ids": [
            4,
            5,
            6,
            7,
            10,
            11,
            12,
            13,
            15,
            17,
            20,
            22,
            23
          ]
        },
        {
          "id": 4,
          "workflow_id": 8,
          "length": 46302,
          "req_memory_mb": 125952,
          "req_cpu_cores": 47,
          "child_ids": [
            5,
            6,
            7,
            9,
            10,
            11,
            12,
            15,
            16,
            18,
            19,
            20,
            21,
            22
          ]
        },
        {
          "id": 5,
          "workflow_id": 8,
          "length": 63654,
          "req_memory_mb": 142336,
          "req_cpu_cores": 22,
          "child_ids": [
            6,
            7,
            8,
            9,
            10,
            13,
            15,
            16,
            17,
            18,
            19,
            21,
            22,
            23
          ]
        },
        {
          "id": 6,
          "workflow_id": 8,
          "length": 55272,
          "req_memory_mb": 80896,
          "req_cpu_cores": 61,
          "child_ids": [
            7,
            8,
            9,
            10,
            12,
            14,
            16,
            17,
            18,
            21,
            22,
            23
          ]
        },
        {
          "id": 7,
          "workflow_id": 8,
          "length": 31358,
          "req_memory_mb": 139264,
          "req_cpu_cores": 47,
          "child_ids": [
            8,
            11,
            12,
            13,
            19,
            20,
            21,
            22,
            23
          ]
        },
        {
          "id": 8,
          "workflow_id": 8,
          "length": 29502,
          "req_memory_mb": 142336,
          "req_cpu_cores": 23,
          "child_ids": [
            9,
            14,
            15,
            16,
            17,
            19,
            20,
            21,
            23
          ]
        },
        {
          "id": 9,
          "workflow_id": 8,
          "length": 54812,
          "req_memory_mb": 132096,
          "req_cpu_cores": 47,
          "child_ids": [
            10,
            11,
            12,
            13,
            14,
            15,
            16,
            18,
            19,
            20,
            21,
            22,
            23
          ]
        },
        {
          "id": 10,
          "workflow_id": 8,
          "length": 29565,
          "req_memory_mb": 142336,
          "req_cpu_cores": 40,
          "child_ids": [
            12,
            13,
            14,
            15,
            16,
            18,
            19,
            20,
            21,
            22,
            23
          ]
        },
        {
          "id": 11,
          "workflow_id": 8,
          "length": 44215,
          "req_memory_mb": 110592,
          "req_cpu_cores": 51,
          "child_ids": [
            12,
            13,
            15,
            16,
            17,
            18,
            23
          ]
        },
        {
          "id": 12,
          "workflow_id": 8,
          "length": 39944,
          "req_memory_mb": 110592,
          "req_cpu_cores": 53,
          "child_ids": [
            13,
            14,
            15,
            16,
            17,
            18,
            19,
            20,
            22,
            23
          ]
        },
        {
          "id": 13,
          "workflow_id": 8,
          "length": 50383,
          "req_memory_mb": 142336,
          "req_cpu_cores": 40,
          "child_ids": [
            15,
            16,
            17,
            19,
            20,
            21,
            22,
            23
          ]
        },
        {
          "id": 14,
          "workflow_id": 8,
          "length": 66790,
          "req_memory_mb": 142336,
          "req_cpu_cores": 41,
          "child_ids": [
            15,
            16,
            17,
            18,
            19,
            20,
            21,
            22
          ]
        },
        {
          "id": 15,
          "workflow_id": 8,
          "length": 26159,
          "req_memory_mb": 142336,
          "req_cpu_cores": 7,
          "child_ids": [
            17,
            18,
            19,
            20,
            21,
            22,
            23
          ]
        },
        {
          "id": 16,
          "workflow_id": 8,
          "length": 53986,
          "req_memory_mb": 60416,
          "req_cpu_cores": 61,
          "child_ids": [
            17,
            18,
            19,
            20,
            21,
            22,
            23
          ]
        },
        {
          "id": 17,
          "workflow_id": 8,
          "length": 46495,
          "req_memory_mb": 30720,
          "req_cpu_cores": 61,
          "child_ids": [
            18,
            19,
            20,
            21,
            23
          ]
        },
        {
          "id": 18,
          "workflow_id": 8,
          "length": 23279,
          "req_memory_mb": 132096,
          "req_cpu_cores": 47,
          "child_ids": [
            19,
            20,
            21
          ]
        },
        {
          "id": 19,
          "workflow_id": 8,
          "length": 75648,
          "req_memory_mb": 142336,
          "req_cpu_cores": 22,
          "child_ids": [
            20,
            21,
            22,
            23
          ]
        },
        {
          "id": 20,
          "workflow_id": 8,
          "length": 25952,
          "req_memory_mb": 30720,
          "req_cpu_cores": 61,
          "child_ids": [
            21,
            22,
            23
          ]
        },
        {
          "id": 21,
          "workflow_id": 8,
          "length": 82874,
          "req_memory_mb": 36864,
          "req_cpu_cores": 61,
          "child_ids": [
            22,
            23
          ]
        },
        {
          "id": 22,
          "workflow_id": 8,
          "length": 23514,
          "req_memory_mb": 57344,
          "req_cpu_cores": 61,
          "child_ids": [
            23
          ]
        },
        {
          "id": 23,
          "workflow_id": 8,
          "length": 36466,
          "req_memory_mb": 6144,
          "req_cpu_cores": 8,
          "child_ids": []
        }
      ],
      "arrival_time": 0
    },
    {
      "id": 9,
      "tasks": [
        {
          "id": 0,
          "workflow_id": 9,
          "length": 73895,
          "req_memory_mb": 29696,
          "req_cpu_cores": 54,
          "child_ids": [
            1
          ]
        },
        {
          "id": 1,
          "workflow_id": 9,
          "length": 34399,
          "req_memory_mb": 105472,
          "req_cpu_cores": 67,
          "child_ids": [
            2,
            3,
            4,
            5,
            6,
            7,
            8,
            9,
            12,
            13,
            14
          ]
        },
        {
          "id": 2,
          "workflow_id": 9,
          "length": 67026,
          "req_memory_mb": 120832,
          "req_cpu_cores": 58,
          "child_ids": [
            3,
            4,
            5,
            6,
            8,
            10,
            11,
            12,
            13,
            14
          ]
        },
        {
          "id": 3,
          "workflow_id": 9,
          "length": 63924,
          "req_memory_mb": 29696,
          "req_cpu_cores": 32,
          "child_ids": [
            4,
            6,
            7,
            8,
            10,
            11,
            12,
            13
          ]
        },
        {
          "id": 4,
          "workflow_id": 9,
          "length": 34913,
          "req_memory_mb": 155648,
          "req_cpu_cores": 21,
          "child_ids": [
            6,
            7,
            8,
            9,
            10,
            12,
            13
          ]
        },
        {
          "id": 5,
          "workflow_id": 9,
          "length": 20675,
          "req_memory_mb": 78848,
          "req_cpu_cores": 65,
          "child_ids": [
            6,
            7,
            8,
            9,
            10,
            11,
            12,
            13,
            14
          ]
        },
        {
          "id": 6,
          "workflow_id": 9,
          "length": 22664,
          "req_memory_mb": 142336,
          "req_cpu_cores": 52,
          "child_ids": [
            7,
            8,
            9,
            10,
            11,
            13,
            14
          ]
        },
        {
          "id": 7,
          "workflow_id": 9,
          "length": 43473,
          "req_memory_mb": 155648,
          "req_cpu_cores": 31,
          "child_ids": [
            9,
            11,
            12,
            13,
            14
          ]
        },
        {
          "id": 8,
          "workflow_id": 9,
          "length": 48060,
          "req_memory_mb": 12288,
          "req_cpu_cores": 21,
          "child_ids": [
            9,
            11,
            12,
            13,
            14
          ]
        },
        {
          "id": 9,
          "workflow_id": 9,
          "length": 46976,
          "req_memory_mb": 141312,
          "req_cpu_cores": 52,
          "child_ids": [
            11,
            12,
            14
          ]
        },
        {
          "id": 10,
          "workflow_id": 9,
          "length": 24144,
          "req_memory_mb": 129024,
          "req_cpu_cores": 52,
          "child_ids": [
            12,
            14
          ]
        },
        {
          "id": 11,
          "workflow_id": 9,
          "length": 11010,
          "req_memory_mb": 120832,
          "req_cpu_cores": 58,
          "child_ids": [
            12,
            13,
            14
          ]
        },
        {
          "id": 12,
          "workflow_id": 9,
          "length": 45278,
          "req_memory_mb": 155648,
          "req_cpu_cores": 15,
          "child_ids": [
            13,
            14
          ]
        },
        {
          "id": 13,
          "workflow_id": 9,
          "length": 56488,
          "req_memory_mb": 90112,
          "req_cpu_cores": 67,
          "child_ids": [
            14
          ]
        },
        {
          "id": 14,
          "workflow_id": 9,
          "length": 60070,
          "req_memory_mb": 155648,
          "req_cpu_cores": 8,
          "child_ids": []
        }
      ],
      "arrival_time": 0
    }
  ],
  "vms": [
    {
      "id": 0,
      "host_id": 0,
      "cpu_speed_mips": 604800,
      "memory_mb": 167936,
      "cpu_cores": 56,
      "disk_mb": 10000000,
      "bandwidth_mbps": 1536,
      "vmm": "Xen"
    },
    {
      "id": 1,
      "host_id": 1,
      "cpu_speed_mips": 604800,
      "memory_mb": 131072,
      "cpu_cores": 32,
      "disk_mb": 10000000,
      "bandwidth_mbps": 1024,
      "vmm": "Xen"
    },
    {
      "id": 2,
      "host_id": 2,
      "cpu_speed_mips": 604800,
      "memory_mb": 131072,
      "cpu_cores": 40,
      "disk_mb": 12000000,
      "bandwidth_mbps": 2048,
      "vmm": "Xen"
    },
    {
      "id": 3,
      "host_id": 3,
      "cpu_speed_mips": 604800,
      "memory_mb": 131072,
      "cpu_cores": 72,
      "disk_mb": 16000000,
      "bandwidth_mbps": 2048,
      "vmm": "Xen"
    },
    {
      "id": 4,
      "host_id": 4,
      "cpu_speed_mips": 604800,
      "memory_mb": 131072,
      "cpu_cores": 48,
      "disk_mb": 12000000,
      "bandwidth_mbps": 1536,
      "vmm": "Xen"
    },
    {
      "id": 5,
      "host_id": 5,
      "cpu_speed_mips": 604800,
      "memory_mb": 65536,
      "cpu_cores": 48,
      "disk_mb": 10000000,
      "bandwidth_mbps": 1536,
      "vmm": "Xen"
    },
    {
      "id": 6,
      "host_id": 6,
      "cpu_speed_mips": 604800,
      "memory_mb": 65536,
      "cpu_cores": 12,
      "disk_mb": 10000000,
      "bandwidth_mbps": 1024,
      "vmm": "Xen"
    },
    {
      "id": 7,
      "host_id": 7,
      "cpu_speed_mips": 604800,
      "memory_mb": 65536,
      "cpu_cores": 24,
      "disk_mb": 8000000,
      "bandwidth_mbps": 1024,
      "vmm": "Xen"
    },
    {
      "id": 8,
      "host_id": 8,
      "cpu_speed_mips": 604800,
      "memory_mb": 65536,
      "cpu_cores": 16,
      "disk_mb": 8000000,
      "bandwidth_mbps": 1024,
      "vmm": "Xen"
    },
    {
      "id": 9,
      "host_id": 9,
      "cpu_speed_mips": 604800,
      "memory_mb": 49152,
      "cpu_cores": 16,
      "disk_mb": 10000000,
      "bandwidth_mbps": 1024,
      "vmm": "Xen"
    }
  ],
  "hosts": [
    {
      "id": 0,
      "cores": 56,
      "cpu_speed_mips": 604800,
      "power_idle_watt": 50,
      "power_peak_watt": 432,
      "memory_mb": 167936,
      "disk_mb": 10000000,
      "bandwidth_mbps": 1536
    },
    {
      "id": 1,
      "cores": 32,
      "cpu_speed_mips": 604800,
      "power_idle_watt": 110,
      "power_peak_watt": 446,
      "memory_mb": 131072,
      "disk_mb": 10000000,
      "bandwidth_mbps": 1024
    },
    {
      "id": 2,
      "cores": 40,
      "cpu_speed_mips": 604800,
      "power_idle_watt": 85,
      "power_peak_watt": 450,
      "memory_mb": 131072,
      "disk_mb": 12000000,
      "bandwidth_mbps": 2048
    },
    {
      "id": 3,
      "cores": 72,
      "cpu_speed_mips": 604800,
      "power_idle_watt": 200,
      "power_peak_watt": 1000,
      "memory_mb": 131072,
      "disk_mb": 16000000,
      "bandwidth_mbps": 2048
    },
    {
      "id": 4,
      "cores": 48,
      "cpu_speed_mips": 604800,
      "power_idle_watt": 120,
      "power_peak_watt": 600,
      "memory_mb": 131072,
      "disk_mb": 12000000,
      "bandwidth_mbps": 1536
    },
    {
      "id": 5,
      "cores": 48,
      "cpu_speed_mips": 604800,
      "power_idle_watt": 227,
      "power_peak_watt": 895,
      "memory_mb": 65536,
      "disk_mb": 10000000,
      "bandwidth_mbps": 1536
    },
    {
      "id": 6,
      "cores": 12,
      "cpu_speed_mips": 604800,
      "power_idle_watt": 62,
      "power_peak_watt": 227,
      "memory_mb": 65536,
      "disk_mb": 10000000,
      "bandwidth_mbps": 1024
    },
    {
      "id": 7,
      "cores": 24,
      "cpu_speed_mips": 604800,
      "power_idle_watt": 90,
      "power_peak_watt": 380,
      "memory_mb": 65536,
      "disk_mb": 8000000,
      "bandwidth_mbps": 1024
    },
    {
      "id": 8,
      "cores": 16,
      "cpu_speed_mips": 604800,
      "power_idle_watt": 80,
      "power_peak_watt": 300,
      "memory_mb": 65536,
      "disk_mb": 8000000,
      "bandwidth_mbps": 1024
    },
    {
      "id": 9,
      "cores": 16,
      "cpu_speed_mips": 604800,
      "power_idle_watt": 116,
      "power_peak_watt": 475,
      "memory_mb": 49152,
      "disk_mb": 10000000,
      "bandwidth_mbps": 1024
    }
  ],
  "meta": {
    "selected": {
      "wide_seeds": [
        200038,
        200001,
        200054,
        200077,
        200050
      ],
      "longcp_seeds": [
        100071,
        100014,
        100091,
        100073,
        100033
      ]
    },
    "workflow_domains": [
      "wide",
      "wide",
      "wide",
      "wide",
      "wide",
      "longcp",
      "longcp",
      "longcp",
      "longcp",
      "longcp"
    ]
  }
}