{"workflows": [{"id": 0, "tasks": [{"id": 0, "workflow_id": 0, "length": 63636, "req_memory_mb": 23552, "req_cpu_cores": 3, "child_ids": [1, 2, 3, 4, 5, 6, 7, 8, 10, 12, 13, 14, 15, 17, 18, 19, 21, 22, 24, 25]}, {"id": 1, "workflow_id": 0, "length": 38272, "req_memory_mb": 15360, "req_cpu_cores": 8, "child_ids": [20]}, {"id": 2, "workflow_id": 0, "length": 28102, "req_memory_mb": 39936, "req_cpu_cores": 7, "child_ids": [11]}, {"id": 3, "workflow_id": 0, "length": 51315, "req_memory_mb": 93184, "req_cpu_cores": 7, "child_ids": [21, 24, 25, 27]}, {"id": 4, "workflow_id": 0, "length": 85957, "req_memory_mb": 36864, "req_cpu_cores": 4, "child_ids": [14, 24]}, {"id": 5, "workflow_id": 0, "length": 22880, "req_memory_mb": 17408, "req_cpu_cores": 1, "child_ids": [26]}, {"id": 6, "workflow_id": 0, "length": 42521, "req_memory_mb": 21504, "req_cpu_cores": 13, "child_ids": [16]}, {"id": 7, "workflow_id": 0, "length": 66764, "req_memory_mb": 47104, "req_cpu_cores": 3, "child_ids": [9]}, {"id": 8, "workflow_id": 0, "length": 65598, "req_memory_mb": 9216, "req_cpu_cores": 6, "child_ids": [23]}, {"id": 9, "workflow_id": 0, "length": 56685, "req_memory_mb": 31744, "req_cpu_cores": 8, "child_ids": []}, {"id": 10, "workflow_id": 0, "length": 43791, "req_memory_mb": 84992, "req_cpu_cores": 8, "child_ids": []}, {"id": 11, "workflow_id": 0, "length": 80826, "req_memory_mb": 96256, "req_cpu_cores": 10, "child_ids": []}, {"id": 12, "workflow_id": 0, "length": 56886, "req_memory_mb": 82944, "req_cpu_cores": 7, "child_ids": [20, 26]}, {"id": 13, "workflow_id": 0, "length": 55667, "req_memory_mb": 80896, "req_cpu_cores": 3, "child_ids": []}, {"id": 14, "workflow_id": 0, "length": 64635, "req_memory_mb": 53248, "req_cpu_cores": 2, "child_ids": [15, 23]}, {"id": 15, "workflow_id": 0, "length": 23499, "req_memory_mb": 67584, "req_cpu_cores": 6, "child_ids": []}, {"id": 16, "workflow_id": 0, "length": 43583, "req_memory_mb": 28672, "req_cpu_cores": 7, "child_ids": []}, {"id": 17, "workflow_id": 0, "length": 56946, "req_memory_mb": 38912, "req_cpu_cores": 9, "child_ids": [27]}, {"id": 18, "workflow_id": 0, "length": 35919, "req_memory_mb": 25600, "req_cpu_cores": 13, "child_ids": []}, {"id": 19, "workflow_id": 0, "length": 54208, "req_memory_mb": 105472, "req_cpu_cores": 7, "child_ids": []}, {"id": 20, "workflow_id": 0, "length": 79595, "req_memory_mb": 26624, "req_cpu_cores": 12, "child_ids": []}, {"id": 21, "workflow_id": 0, "length": 56516, "req_memory_mb": 101376, "req_cpu_cores": 12, "child_ids": []}, {"id": 22, "workflow_id": 0, "length": 8686, "req_memory_mb": 53248, "req_cpu_cores": 4, "child_ids": [23, 25, 26, 27]}, {"id": 23, "workflow_id": 0, "length": 75229, "req_memory_mb": 97280, "req_cpu_cores": 5, "child_ids": [24, 25]}, {"id": 24, "workflow_id": 0, "length": 52117, "req_memory_mb": 65536, "req_cpu_cores": 7, "child_ids": []}, {"id": 25, "workflow_id": 0, "length": 32587, "req_memory_mb": 7168, "req_cpu_cores": 1, "child_ids": []}, {"id": 26, "workflow_id": 0, "length": 53877, "req_memory_mb": 105472, "req_cpu_cores": 6, "child_ids": []}, {"id": 27, "workflow_id": 0, "length": 33011, "req_memory_mb": 35840, "req_cpu_cores": 5, "child_ids": []}], "arrival_time": 0}, {"id": 1, "tasks": [{"id": 0, "workflow_id": 1, "length": 64485, "req_memory_mb": 16384, "req_cpu_cores": 4, "child_ids": [1, 2, 3, 4, 5, 6, 7, 8, 10, 12, 13, 14, 15, 17, 18, 19, 21, 22, 24, 25]}, {"id": 1, "workflow_id": 1, "length": 40452, "req_memory_mb": 16384, "req_cpu_cores": 8, "child_ids": [20]}, {"id": 2, "workflow_id": 1, "length": 28394, "req_memory_mb": 51200, "req_cpu_cores": 7, "child_ids": [11]}, {"id": 3, "workflow_id": 1, "length": 48792, "req_memory_mb": 91136, "req_cpu_cores": 8, "child_ids": [4, 15, 17, 21, 24, 25, 27]}, {"id": 4, "workflow_id": 1, "length": 82523, "req_memory_mb": 25600, "req_cpu_cores": 5, "child_ids": [14, 24, 25]}, {"id": 5, "workflow_id": 1, "length": 19847, "req_memory_mb": 22528, "req_cpu_cores": 2, "child_ids": [26]}, {"id": 6, "workflow_id": 1, "length": 46360, "req_memory_mb": 31744, "req_cpu_cores": 13, "child_ids": [16, 17]}, {"id": 7, "workflow_id": 1, "length": 65739, "req_memory_mb": 33792, "req_cpu_cores": 3, "child_ids": [9]}, {"id": 8, "workflow_id": 1, "length": 68160, "req_memory_mb": 7168, "req_cpu_cores": 5, "child_ids": [23]}, {"id": 9, "workflow_id": 1, "length": 58199, "req_memory_mb": 28672, "req_cpu_cores": 7, "child_ids": []}, {"id": 10, "workflow_id": 1, "length": 40084, "req_memory_mb": 82944, "req_cpu_cores": 8, "child_ids": []}, {"id": 11, "workflow_id": 1, "length": 77052, "req_memory_mb": 82944, "req_cpu_cores": 10, "child_ids": []}, {"id": 12, "workflow_id": 1, "length": 53853, "req_memory_mb": 77824, "req_cpu_cores": 7, "child_ids": [20, 26]}, {"id": 13, "workflow_id": 1, "length": 56291, "req_memory_mb": 77824, "req_cpu_cores": 4, "child_ids": []}, {"id": 14, "workflow_id": 1, "length": 64043, "req_memory_mb": 37888, "req_cpu_cores": 3, "child_ids": [15, 23, 25, 26, 27]}, {"id": 15, "workflow_id": 1, "length": 21210, "req_memory_mb": 73728, "req_cpu_cores": 6, "child_ids": [26]}, {"id": 16, "workflow_id": 1, "length": 45774, "req_memory_mb": 23552, "req_cpu_cores": 7, "child_ids": []}, {"id": 17, "workflow_id": 1, "length": 57872, "req_memory_mb": 37888, "req_cpu_cores": 9, "child_ids": [27]}, {"id": 18, "workflow_id": 1, "length": 42057, "req_memory_mb": 35840, "req_cpu_cores": 13, "child_ids": []}, {"id": 19, "workflow_id": 1, "length": 52511, "req_memory_mb": 101376, "req_cpu_cores": 7, "child_ids": []}, {"id": 20, "workflow_id": 1, "length": 77819, "req_memory_mb": 34816, "req_cpu_cores": 12, "child_ids": []}, {"id": 21, "workflow_id": 1, "length": 56085, "req_memory_mb": 91136, "req_cpu_cores": 13, "child_ids": [27]}, {"id": 22, "workflow_id": 1, "length": 6660, "req_memory_mb": 49152, "req_cpu_cores": 3, "child_ids": [23, 25, 26, 27]}, {"id": 23, "workflow_id": 1, "length": 73877, "req_memory_mb": 87040, "req_cpu_cores": 5, "child_ids": [24, 25, 27]}, {"id": 24, "workflow_id": 1, "length": 51123, "req_memory_mb": 63488, "req_cpu_cores": 7, "child_ids": []}, {"id": 25, "workflow_id": 1, "length": 37493, "req_memory_mb": 7168, "req_cpu_cores": 2, "child_ids": []}, {"id": 26, "workflow_id": 1, "length": 52887, "req_memory_mb": 101376, "req_cpu_cores": 6, "child_ids": []}, {"id": 27, "workflow_id": 1, "length": 32663, "req_memory_mb": 38912, "req_cpu_cores": 5, "child_ids": []}], "arrival_time": 0}, {"id": 2, "tasks": [{"id": 0, "workflow_id": 2, "length": 80633, "req_memory_mb": 56320, "req_cpu_cores": 11, "child_ids": [1, 3, 4]}, {"id": 1, "workflow_id": 2, "length": 13572, "req_memory_mb": 38912, "req_cpu_cores": 3, "child_ids": [2, 7, 8, 9, 10, 11, 15]}, {"id": 2, "workflow_id": 2, "length": 68306, "req_memory_mb": 89088, "req_cpu_cores": 4, "child_ids": [6, 9]}, {"id": 3, "workflow_id": 2, "length": 39976, "req_memory_mb": 21504, "req_cpu_cores": 8, "child_ids": [5, 6, 7, 8, 9, 10, 11, 12, 13, 14, 15]}, {"id": 4, "workflow_id": 2, "length": 51509, "req_memory_mb": 93184, "req_cpu_cores": 8, "child_ids": [7, 8, 10, 11, 12, 14]}, {"id": 5, "workflow_id": 2, "length": 61906, "req_memory_mb": 24576, "req_cpu_cores": 4, "child_ids": [6, 7, 8, 9, 10, 11, 12, 13, 14]}, {"id": 6, "workflow_id": 2, "length": 39660, "req_memory_mb": 22528, "req_cpu_cores": 13, "child_ids": [7, 8, 9, 10, 11, 12, 14, 15]}, {"id": 7, "workflow_id": 2, "length": 56469, "req_memory_mb": 82944, "req_cpu_cores": 12, "child_ids": [10, 11, 12, 15]}, {"id": 8, "workflow_id": 2, "length": 77486, "req_memory_mb": 24576, "req_cpu_cores": 5, "child_ids": [9, 10, 11, 13, 14]}, {"id": 9, "workflow_id": 2, "length": 65458, "req_memory_mb": 51200, "req_cpu_cores": 3, "child_ids": [10, 11, 12, 13, 15]}, {"id": 10, "workflow_id": 2, "length": 56958, "req_memory_mb": 33792, "req_cpu_cores": 8, "child_ids": [11, 13, 14, 15]}, {"id": 11, "workflow_id": 2, "length": 33614, "req_memory_mb": 12288, "req_cpu_cores": 2, "child_ids": [12, 13, 14, 15]}, {"id": 12, "workflow_id": 2, "length": 28256, "req_memory_mb": 63488, "req_cpu_cores": 5, "child_ids": []}, {"id": 13, "workflow_id": 2, "length": 34431, "req_memory_mb": 59392, "req_cpu_cores": 8, "child_ids": []}, {"id": 14, "workflow_id": 2, "length": 54305, "req_memory_mb": 72704, "req_cpu_cores": 7, "child_ids": [15]}, {"id": 15, "workflow_id": 2, "length": 54210, "req_memory_mb": 105472, "req_cpu_cores": 6, "child_ids": []}], "arrival_time": 0}, {"id": 3, "tasks": [{"id": 0, "workflow_id": 3, "length": 42407, "req_memory_mb": 11264, "req_cpu_cores": 5, "child_ids": [1, 2, 3, 4, 6, 7, 9, 10, 11, 13, 14, 16, 17, 19, 23, 26]}, {"id": 1, "workflow_id": 3, "length": 46883, "req_memory_mb": 39936, "req_cpu_cores": 12, "child_ids": []}, {"id": 2, "workflow_id": 3, "length": 40499, "req_memory_mb": 100352, "req_cpu_cores": 7, "child_ids": [7, 8, 10, 12, 14, 16, 18, 19, 21, 27]}, {"id": 3, "workflow_id": 3, "length": 63912, "req_memory_mb": 92160, "req_cpu_cores": 3, "child_ids": []}, {"id": 4, "workflow_id": 3, "length": 59233, "req_memory_mb": 94208, "req_cpu_cores": 2, "child_ids": [5, 12, 24]}, {"id": 5, "workflow_id": 3, "length": 38644, "req_memory_mb": 80896, "req_cpu_cores": 5, "child_ids": [21, 22]}, {"id": 6, "workflow_id": 3, "length": 75017, "req_memory_mb": 88064, "req_cpu_cores": 9, "child_ids": []}, {"id": 7, "workflow_id": 3, "length": 58509, "req_memory_mb": 102400, "req_cpu_cores": 13, "child_ids": [8]}, {"id": 8, "workflow_id": 3, "length": 51844, "req_memory_mb": 55296, "req_cpu_cores": 10, "child_ids": []}, {"id": 9, "workflow_id": 3, "length": 74263, "req_memory_mb": 111616, "req_cpu_cores": 11, "child_ids": []}, {"id": 10, "workflow_id": 3, "length": 38792, "req_memory_mb": 13312, "req_cpu_cores": 9, "child_ids": [27]}, {"id": 11, "workflow_id": 3, "length": 62305, "req_memory_mb": 62464, "req_cpu_cores": 3, "child_ids": []}, {"id": 12, "workflow_id": 3, "length": 49046, "req_memory_mb": 19456, "req_cpu_cores": 11, "child_ids": [15]}, {"id": 13, "workflow_id": 3, "length": 82038, "req_memory_mb": 30720, "req_cpu_cores": 12, "child_ids": []}, {"id": 14, "workflow_id": 3, "length": 44305, "req_memory_mb": 44032, "req_cpu_cores": 11, "child_ids": [20, 27]}, {"id": 15, "workflow_id": 3, "length": 64216, "req_memory_mb": 38912, "req_cpu_cores": 9, "child_ids": [24]}, {"id": 16, "workflow_id": 3, "length": 50727, "req_memory_mb": 6144, "req_cpu_cores": 9, "child_ids": []}, {"id": 17, "workflow_id": 3, "length": 52731, "req_memory_mb": 22528, "req_cpu_cores": 4, "child_ids": [18]}, {"id": 18, "workflow_id": 3, "length": 52771, "req_memory_mb": 79872, "req_cpu_cores": 9, "child_ids": [27]}, {"id": 19, "workflow_id": 3, "length": 28301, "req_memory_mb": 35840, "req_cpu_cores": 11, "child_ids": []}, {"id": 20, "workflow_id": 3, "length": 37739, "req_memory_mb": 108544, "req_cpu_cores": 10, "child_ids": []}, {"id": 21, "workflow_id": 3, "length": 51581, "req_memory_mb": 4096, "req_cpu_cores": 9, "child_ids": []}, {"id": 22, "workflow_id": 3, "length": 28661, "req_memory_mb": 15360, "req_cpu_cores": 8, "child_ids": [25]}, {"id": 23, "workflow_id": 3, "length": 81615, "req_memory_mb": 38912, "req_cpu_cores": 13, "child_ids": []}, {"id": 24, "workflow_id": 3, "length": 68525, "req_memory_mb": 105472, "req_cpu_cores": 6, "child_ids": []}, {"id": 25, "workflow_id": 3, "length": 58603, "req_memory_mb": 10240, "req_cpu_cores": 6, "child_ids": []}, {"id": 26, "workflow_id": 3, "length": 25789, "req_memory_mb": 32768, "req_cpu_cores": 3, "child_ids": []}, {"id": 27, "workflow_id": 3, "length": 51589, "req_memory_mb": 89088, "req_cpu_cores": 7, "child_ids": []}], "arrival_time": 0}, {"id": 4, "tasks": [{"id": 0, "workflow_id": 4, "length": 45028, "req_memory_mb": 19456, "req_cpu_cores": 5, "child_ids": [1, 2, 3, 4, 6, 7, 9, 10, 11, 13, 14, 16, 17, 19, 23, 26]}, {"id": 1, "workflow_id": 4, "length": 47466, "req_memory_mb": 41984, "req_cpu_cores": 12, "child_ids": []}, {"id": 2, "workflow_id": 4, "length": 39383, "req_memory_mb": 96256, "req_cpu_cores": 7, "child_ids": [6, 7, 8, 10, 12, 14, 16, 18, 19, 20, 21, 23, 24, 27]}, {"id": 3, "workflow_id": 4, "length": 64750, "req_memory_mb": 93184, "req_cpu_cores": 3, "child_ids": []}, {"id": 4, "workflow_id": 4, "length": 61162, "req_memory_mb": 95232, "req_cpu_cores": 3, "child_ids": [5, 12, 24]}, {"id": 5, "workflow_id": 4, "length": 38721, "req_memory_mb": 81920, "req_cpu_cores": 5, "child_ids": [21, 22]}, {"id": 6, "workflow_id": 4, "length": 76263, "req_memory_mb": 90112, "req_cpu_cores": 8, "child_ids": []}, {"id": 7, "workflow_id": 4, "length": 55075, "req_memory_mb": 94208, "req_cpu_cores": 12, "child_ids": [8]}, {"id": 8, "workflow_id": 4, "length": 50333, "req_memory_mb": 61440, "req_cpu_cores": 11, "child_ids": []}, {"id": 9, "workflow_id": 4, "length": 75924, "req_memory_mb": 106496, "req_cpu_cores": 10, "child_ids": [19]}, {"id": 10, "workflow_id": 4, "length": 40063, "req_memory_mb": 19456, "req_cpu_cores": 10, "child_ids": [27]}, {"id": 11, "workflow_id": 4, "length": 63328, "req_memory_mb": 68608, "req_cpu_cores": 4, "child_ids": []}, {"id": 12, "workflow_id": 4, "length": 50802, "req_memory_mb": 20480, "req_cpu_cores": 12, "child_ids": [14, 15]}, {"id": 13, "workflow_id": 4, "length": 80156, "req_memory_mb": 37888, "req_cpu_cores": 12, "child_ids": []}, {"id": 14, "workflow_id": 4, "length": 44486, "req_memory_mb": 49152, "req_cpu_cores": 11, "child_ids": [20, 27]}, {"id": 15, "workflow_id": 4, "length": 65282, "req_memory_mb": 40960, "req_cpu_cores": 9, "child_ids": [24]}, {"id": 16, "workflow_id": 4, "length": 52520, "req_memory_mb": 10240, "req_cpu_cores": 10, "child_ids": [23]}, {"id": 17, "workflow_id": 4, "length": 51893, "req_memory_mb": 29696, "req_cpu_cores": 4, "child_ids": [18]}, {"id": 18, "workflow_id": 4, "length": 50732, "req_memory_mb": 79872, "req_cpu_cores": 10, "child_ids": [27]}, {"id": 19, "workflow_id": 4, "length": 31916, "req_memory_mb": 34816, "req_cpu_cores": 12, "child_ids": []}, {"id": 20, "workflow_id": 4, "length": 40632, "req_memory_mb": 99328, "req_cpu_cores": 10, "child_ids": []}, {"id": 21, "workflow_id": 4, "length": 53611, "req_memory_mb": 6144, "req_cpu_cores": 9, "child_ids": [27]}, {"id": 22, "workflow_id": 4, "length": 28510, "req_memory_mb": 28672, "req_cpu_cores": 7, "child_ids": [25]}, {"id": 23, "workflow_id": 4, "length": 80334, "req_memory_mb": 44032, "req_cpu_cores": 13, "child_ids": []}, {"id": 24, "workflow_id": 4, "length": 70867, "req_memory_mb": 101376, "req_cpu_cores": 5, "child_ids": [25, 27]}, {"id": 25, "workflow_id": 4, "length": 60674, "req_memory_mb": 18432, "req_cpu_cores": 7, "child_ids": []}, {"id": 26, "workflow_id": 4, "length": 26035, "req_memory_mb": 39936, "req_cpu_cores": 4, "child_ids": []}, {"id": 27, "workflow_id": 4, "length": 51096, "req_memory_mb": 78848, "req_cpu_cores": 6, "child_ids": []}], "arrival_time": 0}, {"id": 5, "tasks": [{"id": 0, "workflow_id": 5, "length": 26927, "req_memory_mb": 24576, "req_cpu_cores": 5, "child_ids": [1, 2]}, {"id": 1, "workflow_id": 5, "length": 39437, "req_memory_mb": 92160, "req_cpu_cores": 6, "child_ids": [3, 4, 5, 6, 7, 8, 9, 12, 13]}, {"id": 2, "workflow_id": 5, "length": 67584, "req_memory_mb": 90112, "req_cpu_cores": 5, "child_ids": [3, 4, 7]}, {"id": 3, "workflow_id": 5, "length": 44691, "req_memory_mb": 95232, "req_cpu_cores": 10, "child_ids": [4, 5, 7, 8, 10, 11, 12, 13, 14]}, {"id": 4, "workflow_id": 5, "length": 49195, "req_memory_mb": 19456, "req_cpu_cores": 11, "child_ids": [6, 7, 9, 11, 12, 14]}, {"id": 5, "workflow_id": 5, "length": 51875, "req_memory_mb": 4096, "req_cpu_cores": 8, "child_ids": [7, 9, 10, 11, 12, 13, 14]}, {"id": 6, "workflow_id": 5, "length": 45818, "req_memory_mb": 45056, "req_cpu_cores": 11, "child_ids": [8, 10, 11, 12, 13, 14]}, {"id": 7, "workflow_id": 5, "length": 74670, "req_memory_mb": 101376, "req_cpu_cores": 10, "child_ids": [9, 10, 11, 12, 13, 14]}, {"id": 8, "workflow_id": 5, "length": 45917, "req_memory_mb": 14336, "req_cpu_cores": 5, "child_ids": [9, 10, 11, 12, 13, 14]}, {"id": 9, "workflow_id": 5, "length": 32304, "req_memory_mb": 25600, "req_cpu_cores": 10, "child_ids": [11, 12, 13, 14]}, {"id": 10, "workflow_id": 5, "length": 63379, "req_memory_mb": 27648, "req_cpu_cores": 8, "child_ids": [12, 14]}, {"id": 11, "workflow_id": 5, "length": 52543, "req_memory_mb": 69632, "req_cpu_cores": 5, "child_ids": [13]}, {"id": 12, "workflow_id": 5, "length": 81972, "req_memory_mb": 34816, "req_cpu_cores": 13, "child_ids": [13]}, {"id": 13, "workflow_id": 5, "length": 55596, "req_memory_mb": 82944, "req_cpu_cores": 12, "child_ids": [14]}, {"id": 14, "workflow_id": 5, "length": 61243, "req_memory_mb": 93184, "req_cpu_cores": 3, "child_ids": []}], "arrival_time": 0}, {"id": 6, "tasks": [{"id": 0, "workflow_id": 6, "length": 32229, "req_memory_mb": 86016, "req_cpu_cores": 14, "child_ids": [1, 2, 3, 4, 5, 6, 7, 8, 9, 10, 14, 25]}, {"id": 1, "workflow_id": 6, "length": 48256, "req_memory_mb": 27648, "req_cpu_cores": 6, "child_ids": []}, {"id": 2, "workflow_id": 6, "length": 50108, "req_memory_mb": 91136, "req_cpu_cores": 3, "child_ids": [13, 18, 21]}, {"id": 3, "workflow_id": 6, "length": 33539, "req_memory_mb": 84992, "req_cpu_cores": 2, "child_ids": [19]}, {"id": 4, "workflow_id": 6, "length": 47966, "req_memory_mb": 104448, "req_cpu_cores": 8, "child_ids": [20]}, {"id": 5, "workflow_id": 6, "length": 54927, "req_memory_mb": 94208, "req_cpu_cores": 3, "child_ids": []}, {"id": 6, "workflow_id": 6, "length": 57639, "req_memory_mb": 84992, "req_cpu_cores": 5, "child_ids": [17]}, {"id": 7, "workflow_id": 6, "length": 52735, "req_memory_mb": 39936, "req_cpu_cores": 3, "child_ids": [12]}, {"id": 8, "workflow_id": 6, "length": 44923, "req_memory_mb": 60416, "req_cpu_cores": 4, "child_ids": [11, 21]}, {"id": 9, "workflow_id": 6, "length": 61448, "req_memory_mb": 104448, "req_cpu_cores": 8, "child_ids": []}, {"id": 10, "workflow_id": 6, "length": 24336, "req_memory_mb": 79872, "req_cpu_cores": 12, "child_ids": []}, {"id": 11, "workflow_id": 6, "length": 83183, "req_memory_mb": 47104, "req_cpu_cores": 10, "child_ids": [24]}, {"id": 12, "workflow_id": 6, "length": 48710, "req_memory_mb": 26624, "req_cpu_cores": 3, "child_ids": []}, {"id": 13, "workflow_id": 6, "length": 35944, "req_memory_mb": 78848, "req_cpu_cores": 8, "child_ids": [15]}, {"id": 14, "workflow_id": 6, "length": 51423, "req_memory_mb": 60416, "req_cpu_cores": 1, "child_ids": [22]}, {"id": 15, "workflow_id": 6, "length": 74240, "req_memory_mb": 13312, "req_cpu_cores": 13, "child_ids": [16]}, {"id": 16, "workflow_id": 6, "length": 11676, "req_memory_mb": 79872, "req_cpu_cores": 3, "child_ids": [21, 22, 24, 25]}, {"id": 17, "workflow_id": 6, "length": 36528, "req_memory_mb": 70656, "req_cpu_cores": 1, "child_ids": []}, {"id": 18, "workflow_id": 6, "length": 49202, "req_memory_mb": 11264, "req_cpu_cores": 12, "child_ids": [19]}, {"id": 19, "workflow_id": 6, "length": 61495, "req_memory_mb": 21504, "req_cpu_cores": 3, "child_ids": [22]}, {"id": 20, "workflow_id": 6, "length": 17736, "req_memory_mb": 47104, "req_cpu_cores": 12, "child_ids": [21, 25]}, {"id": 21, "workflow_id": 6, "length": 55977, "req_memory_mb": 13312, "req_cpu_cores": 3, "child_ids": []}, {"id": 22, "workflow_id": 6, "length": 62189, "req_memory_mb": 44032, "req_cpu_cores": 6, "child_ids": [23]}, {"id": 23, "workflow_id": 6, "length": 40619, "req_memory_mb": 47104, "req_cpu_cores": 8, "child_ids": []}, {"id": 24, "workflow_id": 6, "length": 41286, "req_memory_mb": 98304, "req_cpu_cores": 1, "child_ids": []}, {"id": 25, "workflow_id": 6, "length": 88199, "req_memory_mb": 24576, "req_cpu_cores": 2, "child_ids": []}], "arrival_time": 0}, {"id": 7, "tasks": [{"id": 0, "workflow_id": 7, "length": 34843, "req_memory_mb": 78848, "req_cpu_cores": 14, "child_ids": [1, 2, 3, 4, 5, 6, 7, 8, 9, 10, 14, 25]}, {"id": 1, "workflow_id": 7, "length": 45606, "req_memory_mb": 24576, "req_cpu_cores": 5, "child_ids": []}, {"id": 2, "workflow_id": 7, "length": 52383, "req_memory_mb": 91136, "req_cpu_cores": 4, "child_ids": [13, 18, 21]}, {"id": 3, "workflow_id": 7, "length": 28488, "req_memory_mb": 90112, "req_cpu_cores": 2, "child_ids": [19]}, {"id": 4, "workflow_id": 7, "length": 54066, "req_memory_mb": 93184, "req_cpu_cores": 9, "child_ids": [20]}, {"id": 5, "workflow_id": 7, "length": 57715, "req_memory_mb": 92160, "req_cpu_cores": 4, "child_ids": []}, {"id": 6, "workflow_id": 7, "length": 66696, "req_memory_mb": 87040, "req_cpu_cores": 6, "child_ids": [17]}, {"id": 7, "workflow_id": 7, "length": 56475, "req_memory_mb": 37888, "req_cpu_cores": 2, "child_ids": [12]}, {"id": 8, "workflow_id": 7, "length": 42835, "req_memory_mb": 56320, "req_cpu_cores": 4, "child_ids": [9, 11, 14, 21]}, {"id": 9, "workflow_id": 7, "length": 69851, "req_memory_mb": 100352, "req_cpu_cores": 8, "child_ids": []}, {"id": 10, "workflow_id": 7, "length": 25126, "req_memory_mb": 81920, "req_cpu_cores": 11, "child_ids": []}, {"id": 11, "workflow_id": 7, "length": 80025, "req_memory_mb": 53248, "req_cpu_cores": 10, "child_ids": [24]}, {"id": 12, "workflow_id": 7, "length": 49547, "req_memory_mb": 23552, "req_cpu_cores": 3, "child_ids": []}, {"id": 13, "workflow_id": 7, "length": 36632, "req_memory_mb": 79872, "req_cpu_cores": 9, "child_ids": [15]}, {"id": 14, "workflow_id": 7, "length": 54793, "req_memory_mb": 52224, "req_cpu_cores": 1, "child_ids": [22]}, {"id": 15, "workflow_id": 7, "length": 73857, "req_memory_mb": 19456, "req_cpu_cores": 11, "child_ids": [16, 21, 22, 25]}, {"id": 16, "workflow_id": 7, "length": 13583, "req_memory_mb": 84992, "req_cpu_cores": 2, "child_ids": [19, 21, 22, 24, 25]}, {"id": 17, "workflow_id": 7, "length": 33189, "req_memory_mb": 71680, "req_cpu_cores": 2, "child_ids": []}, {"id": 18, "workflow_id": 7, "length": 56840, "req_memory_mb": 20480, "req_cpu_cores": 11, "child_ids": [19]}, {"id": 19, "workflow_id": 7, "length": 67008, "req_memory_mb": 15360, "req_cpu_cores": 2, "child_ids": [22]}, {"id": 20, "workflow_id": 7, "length": 24545, "req_memory_mb": 53248, "req_cpu_cores": 13, "child_ids": [21, 25]}, {"id": 21, "workflow_id": 7, "length": 63303, "req_memory_mb": 9216, "req_cpu_cores": 2, "child_ids": [22, 24]}, {"id": 22, "workflow_id": 7, "length": 66486, "req_memory_mb": 46080, "req_cpu_cores": 6, "child_ids": [23]}, {"id": 23, "workflow_id": 7, "length": 43988, "req_memory_mb": 50176, "req_cpu_cores": 7, "child_ids": []}, {"id": 24, "workflow_id": 7, "length": 33784, "req_memory_mb": 100352, "req_cpu_cores": 1, "child_ids": []}, {"id": 25, "workflow_id": 7, "length": 84968, "req_memory_mb": 20480, "req_cpu_cores": 2, "child_ids": []}], "arrival_time": 0}, {"id": 8, "tasks": [{"id": 0, "workflow_id": 8, "length": 46594, "req_memory_mb": 28672, "req_cpu_cores": 5, "child_ids": [1, 4]}, {"id": 1, "workflow_id": 8, "length": 53436, "req_memory_mb": 93184, "req_cpu_cores": 3, "child_ids": [2, 8, 9, 12]}, {"id": 2, "workflow_id": 8, "length": 26986, "req_memory_mb": 77824, "req_cpu_cores": 10, "child_ids": [3, 9, 11]}, {"id": 3, "workflow_id": 8, "length": 21947, "req_memory_mb": 78848, "req_cpu_cores": 2, "child_ids": [5, 6, 7, 9, 10, 11, 13]}, {"id": 4, "workflow_id": 8, "length": 41997, "req_memory_mb": 57344, "req_cpu_cores": 4, "child_ids": [5, 6, 7, 8, 9, 10, 12, 13]}, {"id": 5, "workflow_id": 8, "length": 25760, "req_memory_mb": 67584, "req_cpu_cores": 13, "child_ids": [6, 7, 8, 9, 11, 12]}, {"id": 6, "workflow_id": 8, "length": 62797, "req_memory_mb": 11264, "req_cpu_cores": 12, "child_ids": [7, 8, 9, 10, 11, 13]}, {"id": 7, "workflow_id": 8, "length": 51749, "req_memory_mb": 51200, "req_cpu_cores": 2, "child_ids": [8, 10, 11, 12]}, {"id": 8, "workflow_id": 8, "length": 59904, "req_memory_mb": 95232, "req_cpu_cores": 7, "child_ids": [11, 12]}, {"id": 9, "workflow_id": 8, "length": 58515, "req_memory_mb": 16384, "req_cpu_cores": 3, "child_ids": [10, 11, 12, 13]}, {"id": 10, "workflow_id": 8, "length": 72798, "req_memory_mb": 49152, "req_cpu_cores": 9, "child_ids": [11, 12, 13]}, {"id": 11, "workflow_id": 8, "length": 74810, "req_memory_mb": 26624, "req_cpu_cores": 2, "child_ids": [12, 13]}, {"id": 12, "workflow_id": 8, "length": 46387, "req_memory_mb": 80896, "req_cpu_cores": 9, "child_ids": []}, {"id": 13, "workflow_id": 8, "length": 38289, "req_memory_mb": 93184, "req_cpu_cores": 1, "child_ids": []}], "arrival_time": 0}, {"id": 9, "tasks": [{"id": 0, "workflow_id": 9, "length": 61962, "req_memory_mb": 58368, "req_cpu_cores": 6, "child_ids": [1, 2, 3, 4, 6, 7, 8, 10, 11, 12, 13, 14, 15, 18, 19, 20, 22, 23, 24, 25, 26]}, {"id": 1, "workflow_id": 9, "length": 49820, "req_memory_mb": 72704, "req_cpu_cores": 7, "child_ids": []}, {"id": 2, "workflow_id": 9, "length": 42984, "req_memory_mb": 92160, "req_cpu_cores": 13, "child_ids": [15, 18, 26]}, {"id": 3, "workflow_id": 9, "length": 81869, "req_memory_mb": 104448, "req_cpu_cores": 5, "child_ids": [6, 15, 17, 21, 22, 23]}, {"id": 4, "workflow_id": 9, "length": 63020, "req_memory_mb": 39936, "req_cpu_cores": 8, "child_ids": [5, 9, 17]}, {"id": 5, "workflow_id": 9, "length": 32833, "req_memory_mb": 105472, "req_cpu_cores": 4, "child_ids": []}, {"id": 6, "workflow_id": 9, "length": 43406, "req_memory_mb": 43008, "req_cpu_cores": 12, "child_ids": []}, {"id": 7, "workflow_id": 9, "length": 44068, "req_memory_mb": 58368, "req_cpu_cores": 13, "child_ids": []}, {"id": 8, "workflow_id": 9, "length": 48448, "req_memory_mb": 81920, "req_cpu_cores": 7, "child_ids": [16, 18, 21]}, {"id": 9, "workflow_id": 9, "length": 65129, "req_memory_mb": 78848, "req_cpu_cores": 8, "child_ids": []}, {"id": 10, "workflow_id": 9, "length": 20023, "req_memory_mb": 59392, "req_cpu_cores": 9, "child_ids": []}, {"id": 11, "workflow_id": 9, "length": 77486, "req_memory_mb": 5120, "req_cpu_cores": 5, "child_ids": [17, 18, 22, 23]}, {"id": 12, "workflow_id": 9, "length": 45018, "req_memory_mb": 94208, "req_cpu_cores": 10, "child_ids": [18, 23, 26]}, {"id": 13, "workflow_id": 9, "length": 52073, "req_memory_mb": 100352, "req_cpu_cores": 14, "child_ids": [21]}, {"id": 14, "workflow_id": 9, "length": 20837, "req_memory_mb": 53248, "req_cpu_cores": 6, "child_ids": []}, {"id": 15, "workflow_id": 9, "length": 39933, "req_memory_mb": 43008, "req_cpu_cores": 14, "child_ids": [23]}, {"id": 16, "workflow_id": 9, "length": 47803, "req_memory_mb": 34816, "req_cpu_cores": 3, "child_ids": [18]}, {"id": 17, "workflow_id": 9, "length": 51796, "req_memory_mb": 32768, "req_cpu_cores": 11, "child_ids": []}, {"id": 18, "workflow_id": 9, "length": 36446, "req_memory_mb": 109568, "req_cpu_cores": 1, "child_ids": []}, {"id": 19, "workflow_id": 9, "length": 6284, "req_memory_mb": 10240, "req_cpu_cores": 9, "child_ids": []}, {"id": 20, "workflow_id": 9, "length": 29321, "req_memory_mb": 76800, "req_cpu_cores": 7, "child_ids": []}, {"id": 21, "workflow_id": 9, "length": 54544, "req_memory_mb": 27648, "req_cpu_cores": 1, "child_ids": []}, {"id": 22, "workflow_id": 9, "length": 38708, "req_memory_mb": 33792, "req_cpu_cores": 12, "child_ids": []}, {"id": 23, "workflow_id": 9, "length": 78177, "req_memory_mb": 54272, "req_cpu_cores": 6, "child_ids": []}, {"id": 24, "workflow_id": 9, "length": 50715, "req_memory_mb": 90112, "req_cpu_cores": 2, "child_ids": []}, {"id": 25, "workflow_id": 9, "length": 65895, "req_memory_mb": 87040, "req_cpu_cores": 4, "child_ids": []}, {"id": 26, "workflow_id": 9, "length": 23553, "req_memory_mb": 108544, "req_cpu_cores": 6, "child_ids": []}], "arrival_time": 0}, {"id": 10, "tasks": [{"id": 0, "workflow_id": 10, "length": 58737, "req_memory_mb": 86016, "req_cpu_cores": 2, "child_ids": [1, 2]}, {"id": 1, "workflow_id": 10, "length": 59250, "req_memory_mb": 60416, "req_cpu_cores": 7, "child_ids": [3, 4, 6, 7, 8, 9, 11, 12, 13, 15, 16]}, {"id": 2, "workflow_id": 10, "length": 28219, "req_memory_mb": 71680, "req_cpu_cores": 7, "child_ids": []}, {"id": 3, "workflow_id": 10, "length": 10338, "req_memory_mb": 25600, "req_cpu_cores": 10, "child_ids": [15, 16]}, {"id": 4, "workflow_id": 10, "length": 45576, "req_memory_mb": 84992, "req_cpu_cores": 10, "child_ids": [5, 6, 8, 11, 12, 13, 14, 16, 17]}, {"id": 5, "workflow_id": 10, "length": 49539, "req_memory_mb": 103424, "req_cpu_cores": 14, "child_ids": [6, 7, 8, 9, 10, 11, 12, 13, 16, 17]}, {"id": 6, "workflow_id": 10, "length": 22857, "req_memory_mb": 101376, "req_cpu_cores": 5, "child_ids": [13, 15, 16, 17]}, {"id": 7, "workflow_id": 10, "length": 60875, "req_memory_mb": 69632, "req_cpu_cores": 10, "child_ids": [8, 11, 12, 13, 14, 15, 16]}, {"id": 8, "workflow_id": 10, "length": 70126, "req_memory_mb": 16384, "req_cpu_cores": 7, "child_ids": [9, 11, 12, 13, 14, 15, 17]}, {"id": 9, "workflow_id": 10, "length": 45658, "req_memory_mb": 78848, "req_cpu_cores": 7, "child_ids": [10, 11, 12, 14, 16]}, {"id": 10, "workflow_id": 10, "length": 46001, "req_memory_mb": 35840, "req_cpu_cores": 3, "child_ids": [15]}, {"id": 11, "workflow_id": 10, "length": 28814, "req_memory_mb": 109568, "req_cpu_cores": 2, "child_ids": [12, 13, 14, 17]}, {"id": 12, "workflow_id": 10, "length": 77573, "req_memory_mb": 103424, "req_cpu_cores": 4, "child_ids": [13, 14, 15, 16, 17]}, {"id": 13, "workflow_id": 10, "length": 44957, "req_memory_mb": 45056, "req_cpu_cores": 13, "child_ids": []}, {"id": 14, "workflow_id": 10, "length": 69617, "req_memory_mb": 51200, "req_cpu_cores": 7, "child_ids": [15]}, {"id": 15, "workflow_id": 10, "length": 50573, "req_memory_mb": 26624, "req_cpu_cores": 11, "child_ids": []}, {"id": 16, "workflow_id": 10, "length": 30837, "req_memory_mb": 48128, "req_cpu_cores": 3, "child_ids": []}, {"id": 17, "workflow_id": 10, "length": 45781, "req_memory_mb": 40960, "req_cpu_cores": 12, "child_ids": []}], "arrival_time": 0}, {"id": 11, "tasks": [{"id": 0, "workflow_id": 11, "length": 55240, "req_memory_mb": 88064, "req_cpu_cores": 3, "child_ids": [1]}, {"id": 1, "workflow_id": 11, "length": 58727, "req_memory_mb": 62464, "req_cpu_cores": 7, "child_ids": [2, 3, 4, 5, 6, 7, 8, 9, 11, 12, 13, 14, 15, 16, 17]}, {"id": 2, "workflow_id": 11, "length": 27041, "req_memory_mb": 72704, "req_cpu_cores": 8, "child_ids": [11, 12, 13, 14, 16]}, {"id": 3, "workflow_id": 11, "length": 10045, "req_memory_mb": 24576, "req_cpu_cores": 9, "child_ids": [14, 15, 16]}, {"id": 4, "workflow_id": 11, "length": 44252, "req_memory_mb": 92160, "req_cpu_cores": 11, "child_ids": [5, 6, 7, 8, 11, 12, 13, 14, 16, 17]}, {"id": 5, "workflow_id": 11, "length": 49132, "req_memory_mb": 99328, "req_cpu_cores": 14, "child_ids": [6, 7, 8, 9, 10, 11, 12, 13, 16, 17]}, {"id": 6, "workflow_id": 11, "length": 26622, "req_memory_mb": 106496, "req_cpu_cores": 5, "child_ids": [8, 9, 10, 12, 13, 15, 16, 17]}, {"id": 7, "workflow_id": 11, "length": 58615, "req_memory_mb": 72704, "req_cpu_cores": 10, "child_ids": [8, 11, 12, 13, 14, 15, 16]}, {"id": 8, "workflow_id": 11, "length": 72751, "req_memory_mb": 15360, "req_cpu_cores": 6, "child_ids": [9, 11, 12, 13, 14, 15, 17]}, {"id": 9, "workflow_id": 11, "length": 48092, "req_memory_mb": 79872, "req_cpu_cores": 7, "child_ids": [10, 11, 12, 14, 16, 17]}, {"id": 10, "workflow_id": 11, "length": 50390, "req_memory_mb": 31744, "req_cpu_cores": 3, "child_ids": [11, 12, 13, 15]}, {"id": 11, "workflow_id": 11, "length": 35266, "req_memory_mb": 109568, "req_cpu_cores": 2, "child_ids": [12, 13, 14, 17]}, {"id": 12, "workflow_id": 11, "length": 77079, "req_memory_mb": 100352, "req_cpu_cores": 5, "child_ids": [13, 14, 15, 16, 17]}, {"id": 13, "workflow_id": 11, "length": 40806, "req_memory_mb": 47104, "req_cpu_cores": 14, "child_ids": []}, {"id": 14, "workflow_id": 11, "length": 73037, "req_memory_mb": 51200, "req_cpu_cores": 7, "child_ids": [15, 16, 17]}, {"id": 15, "workflow_id": 11, "length": 47547, "req_memory_mb": 31744, "req_cpu_cores": 11, "child_ids": []}, {"id": 16, "workflow_id": 11, "length": 31732, "req_memory_mb": 45056, "req_cpu_cores": 5, "child_ids": []}, {"id": 17, "workflow_id": 11, "length": 41726, "req_memory_mb": 40960, "req_cpu_cores": 12, "child_ids": []}], "arrival_time": 0}, {"id": 12, "tasks": [{"id": 0, "workflow_id": 12, "length": 49253, "req_memory_mb": 108544, "req_cpu_cores": 4, "child_ids": [1, 2, 3, 4, 5, 7, 8, 9, 10, 11, 14, 16, 17, 19, 22, 23, 24, 26]}, {"id": 1, "workflow_id": 12, "length": 42539, "req_memory_mb": 38912, "req_cpu_cores": 13, "child_ids": [6]}, {"id": 2, "workflow_id": 12, "length": 69365, "req_memory_mb": 82944, "req_cpu_cores": 6, "child_ids": []}, {"id": 3, "workflow_id": 12, "length": 38267, "req_memory_mb": 101376, "req_cpu_cores": 13, "child_ids": []}, {"id": 4, "workflow_id": 12, "length": 49541, "req_memory_mb": 87040, "req_cpu_cores": 4, "child_ids": [12, 13, 17, 25]}, {"id": 5, "workflow_id": 12, "length": 51887, "req_memory_mb": 43008, "req_cpu_cores": 1, "child_ids": []}, {"id": 6, "workflow_id": 12, "length": 39638, "req_memory_mb": 90112, "req_cpu_cores": 8, "child_ids": [9, 10, 14, 18, 22, 26]}, {"id": 7, "workflow_id": 12, "length": 65848, "req_memory_mb": 44032, "req_cpu_cores": 13, "child_ids": [25]}, {"id": 8, "workflow_id": 12, "length": 61152, "req_memory_mb": 59392, "req_cpu_cores": 7, "child_ids": [9, 11, 13, 14, 16, 17, 21, 24, 26]}, {"id": 9, "workflow_id": 12, "length": 55277, "req_memory_mb": 31744, "req_cpu_cores": 8, "child_ids": [18]}, {"id": 10, "workflow_id": 12, "length": 54165, "req_memory_mb": 7168, "req_cpu_cores": 2, "child_ids": []}, {"id": 11, "workflow_id": 12, "length": 86529, "req_memory_mb": 62464, "req_cpu_cores": 9, "child_ids": []}, {"id": 12, "workflow_id": 12, "length": 37207, "req_memory_mb": 34816, "req_cpu_cores": 6, "child_ids": [13, 14, 16, 17, 19, 21, 22, 24]}, {"id": 13, "workflow_id": 12, "length": 50930, "req_memory_mb": 31744, "req_cpu_cores": 12, "child_ids": [15]}, {"id": 14, "workflow_id": 12, "length": 36352, "req_memory_mb": 65536, "req_cpu_cores": 6, "child_ids": [16, 17, 19, 20, 22]}, {"id": 15, "workflow_id": 12, "length": 63329, "req_memory_mb": 87040, "req_cpu_cores": 6, "child_ids": [17, 18]}, {"id": 16, "workflow_id": 12, "length": 69783, "req_memory_mb": 102400, "req_cpu_cores": 2, "child_ids": [21]}, {"id": 17, "workflow_id": 12, "length": 71899, "req_memory_mb": 86016, "req_cpu_cores": 7, "child_ids": [21]}, {"id": 18, "workflow_id": 12, "length": 28880, "req_memory_mb": 75776, "req_cpu_cores": 9, "child_ids": [22]}, {"id": 19, "workflow_id": 12, "length": 35379, "req_memory_mb": 16384, "req_cpu_cores": 1, "child_ids": [22]}, {"id": 20, "workflow_id": 12, "length": 29529, "req_memory_mb": 33792, "req_cpu_cores": 9, "child_ids": []}, {"id": 21, "workflow_id": 12, "length": 55801, "req_memory_mb": 104448, "req_cpu_cores": 13, "child_ids": [22, 26]}, {"id": 22, "workflow_id": 12, "length": 45484, "req_memory_mb": 8192, "req_cpu_cores": 8, "child_ids": []}, {"id": 23, "workflow_id": 12, "length": 38949, "req_memory_mb": 72704, "req_cpu_cores": 12, "child_ids": []}, {"id": 24, "workflow_id": 12, "length": 56924, "req_memory_mb": 107520, "req_cpu_cores": 13, "child_ids": [26]}, {"id": 25, "workflow_id": 12, "length": 39312, "req_memory_mb": 13312, "req_cpu_cores": 3, "child_ids": []}, {"id": 26, "workflow_id": 12, "length": 64236, "req_memory_mb": 102400, "req_cpu_cores": 10, "child_ids": []}], "arrival_time": 0}, {"id": 13, "tasks": [{"id": 0, "workflow_id": 13, "length": 39185, "req_memory_mb": 55296, "req_cpu_cores": 11, "child_ids": [1, 2, 3, 4, 5]}, {"id": 1, "workflow_id": 13, "length": 35612, "req_memory_mb": 27648, "req_cpu_cores": 5, "child_ids": []}, {"id": 2, "workflow_id": 13, "length": 58780, "req_memory_mb": 63488, "req_cpu_cores": 8, "child_ids": [7]}, {"id": 3, "workflow_id": 13, "length": 59868, "req_memory_mb": 104448, "req_cpu_cores": 13, "child_ids": []}, {"id": 4, "workflow_id": 13, "length": 47272, "req_memory_mb": 30720, "req_cpu_cores": 13, "child_ids": [7, 9, 10, 11, 12, 13, 14, 15, 17, 18, 19, 20, 21]}, {"id": 5, "workflow_id": 13, "length": 54893, "req_memory_mb": 101376, "req_cpu_cores": 13, "child_ids": [6, 9, 10, 11, 12, 14, 15, 16, 17, 18, 19, 20, 21]}, {"id": 6, "workflow_id": 13, "length": 37021, "req_memory_mb": 91136, "req_cpu_cores": 8, "child_ids": [7, 8, 9, 12, 14, 16, 18, 19, 21]}, {"id": 7, "workflow_id": 13, "length": 31384, "req_memory_mb": 68608, "req_cpu_cores": 6, "child_ids": [8, 9, 10, 11, 13, 14, 15, 16, 17, 21]}, {"id": 8, "workflow_id": 13, "length": 55880, "req_memory_mb": 81920, "req_cpu_cores": 2, "child_ids": [9, 10, 12, 13, 14, 17, 18]}, {"id": 9, "workflow_id": 13, "length": 46598, "req_memory_mb": 29696, "req_cpu_cores": 1, "child_ids": [10, 11, 12, 13, 14, 20, 21]}, {"id": 10, "workflow_id": 13, "length": 47301, "req_memory_mb": 108544, "req_cpu_cores": 5, "child_ids": [12, 13, 14, 15, 16, 17, 19, 20, 21]}, {"id": 11, "workflow_id": 13, "length": 36488, "req_memory_mb": 24576, "req_cpu_cores": 2, "child_ids": [13, 14, 15, 16, 17, 18, 19, 21]}, {"id": 12, "workflow_id": 13, "length": 65242, "req_memory_mb": 88064, "req_cpu_cores": 6, "child_ids": [14, 20, 21]}, {"id": 13, "workflow_id": 13, "length": 72698, "req_memory_mb": 87040, "req_cpu_cores": 7, "child_ids": [14, 15, 16, 18, 20, 21]}, {"id": 14, "workflow_id": 13, "length": 22665, "req_memory_mb": 62464, "req_cpu_cores": 7, "child_ids": [15, 16, 19, 20]}, {"id": 15, "workflow_id": 13, "length": 80252, "req_memory_mb": 57344, "req_cpu_cores": 9, "child_ids": [20, 21]}, {"id": 16, "workflow_id": 13, "length": 39328, "req_memory_mb": 15360, "req_cpu_cores": 9, "child_ids": [17, 18, 19, 20]}, {"id": 17, "workflow_id": 13, "length": 72662, "req_memory_mb": 88064, "req_cpu_cores": 4, "child_ids": []}, {"id": 18, "workflow_id": 13, "length": 57610, "req_memory_mb": 11264, "req_cpu_cores": 2, "child_ids": []}, {"id": 19, "workflow_id": 13, "length": 57574, "req_memory_mb": 26624, "req_cpu_cores": 7, "child_ids": []}, {"id": 20, "workflow_id": 13, "length": 61856, "req_memory_mb": 46080, "req_cpu_cores": 12, "child_ids": []}, {"id": 21, "workflow_id": 13, "length": 59620, "req_memory_mb": 103424, "req_cpu_cores": 12, "child_ids": []}], "arrival_time": 0}, {"id": 14, "tasks": [{"id": 0, "workflow_id": 14, "length": 38453, "req_memory_mb": 61440, "req_cpu_cores": 12, "child_ids": [1, 2]}, {"id": 1, "workflow_id": 14, "length": 37169, "req_memory_mb": 29696, "req_cpu_cores": 5, "child_ids": [19, 20, 21]}, {"id": 2, "workflow_id": 14, "length": 58443, "req_memory_mb": 62464, "req_cpu_cores": 8, "child_ids": [3, 4, 5, 6, 7, 8, 9, 12, 13, 15, 17, 19, 21]}, {"id": 3, "workflow_id": 14, "length": 56762, "req_memory_mb": 106496, "req_cpu_cores": 13, "child_ids": []}, {"id": 4, "workflow_id": 14, "length": 45955, "req_memory_mb": 33792, "req_cpu_cores": 13, "child_ids": [5, 6, 7, 8, 9, 10, 11, 12, 13, 14, 15, 17, 18, 19, 20, 21]}, {"id": 5, "workflow_id": 14, "length": 49945, "req_memory_mb": 103424, "req_cpu_cores": 13, "child_ids": [6, 8, 9, 10, 11, 12, 14, 15, 16, 17, 18, 19, 20, 21]}, {"id": 6, "workflow_id": 14, "length": 38320, "req_memory_mb": 91136, "req_cpu_cores": 9, "child_ids": [7, 8, 9, 12, 14, 16, 18, 19, 21]}, {"id": 7, "workflow_id": 14, "length": 35339, "req_memory_mb": 67584, "req_cpu_cores": 6, "child_ids": [8, 9, 10, 11, 13, 14, 15, 16, 17, 19, 20, 21]}, {"id": 8, "workflow_id": 14, "length": 55339, "req_memory_mb": 87040, "req_cpu_cores": 3, "child_ids": [9, 10, 12, 13, 14, 17, 18]}, {"id": 9, "workflow_id": 14, "length": 46258, "req_memory_mb": 29696, "req_cpu_cores": 2, "child_ids": [10, 11, 12, 13, 14, 20, 21]}, {"id": 10, "workflow_id": 14, "length": 48850, "req_memory_mb": 105472, "req_cpu_cores": 4, "child_ids": [11, 12, 13, 14, 15, 16, 17, 18, 19, 20, 21]}, {"id": 11, "workflow_id": 14, "length": 35917, "req_memory_mb": 16384, "req_cpu_cores": 2, "child_ids": [13, 14, 15, 16, 17, 18, 19, 21]}, {"id": 12, "workflow_id": 14, "length": 64165, "req_memory_mb": 87040, "req_cpu_cores": 6, "child_ids": [13, 14, 15, 16, 19, 20, 21]}, {"id": 13, "workflow_id": 14, "length": 71459, "req_memory_mb": 86016, "req_cpu_cores": 7, "child_ids": [14, 15, 16, 18, 20, 21]}, {"id": 14, "workflow_id": 14, "length": 27446, "req_memory_mb": 62464, "req_cpu_cores": 9, "child_ids": [15, 16, 19, 20]}, {"id": 15, "workflow_id": 14, "length": 83071, "req_memory_mb": 59392, "req_cpu_cores": 10, "child_ids": [20, 21]}, {"id": 16, "workflow_id": 14, "length": 39718, "req_memory_mb": 15360, "req_cpu_cores": 9, "child_ids": [17, 18, 19, 20]}, {"id": 17, "workflow_id": 14, "length": 70739, "req_memory_mb": 93184, "req_cpu_cores": 4, "child_ids": []}, {"id": 18, "workflow_id": 14, "length": 54308, "req_memory_mb": 12288, "req_cpu_cores": 2, "child_ids": [19, 20, 21]}, {"id": 19, "workflow_id": 14, "length": 54373, "req_memory_mb": 27648, "req_cpu_cores": 8, "child_ids": [20, 21]}, {"id": 20, "workflow_id": 14, "length": 60674, "req_memory_mb": 40960, "req_cpu_cores": 12, "child_ids": []}, {"id": 21, "workflow_id": 14, "length": 57812, "req_memory_mb": 102400, "req_cpu_cores": 11, "child_ids": []}], "arrival_time": 0}]}