{"workflows": [{"id": 0, "tasks": [{"id": 0, "workflow_id": 0, "length": 7912, "req_memory_mb": 4096, "req_cpu_cores": 12, "child_ids": []}, {"id": 1, "workflow_id": 0, "length": 61089, "req_memory_mb": 3072, "req_cpu_cores": 8, "child_ids": []}], "arrival_time": 0}, {"id": 1, "tasks": [{"id": 0, "workflow_id": 1, "length": 42883, "req_memory_mb": 5120, "req_cpu_cores": 6, "child_ids": []}, {"id": 1, "workflow_id": 1, "length": 44525, "req_memory_mb": 6144, "req_cpu_cores": 7, "child_ids": []}], "arrival_time": 0}, {"id": 2, "tasks": [{"id": 0, "workflow_id": 2, "length": 41279, "req_memory_mb": 5120, "req_cpu_cores": 10, "child_ids": []}, {"id": 1, "workflow_id": 2, "length": 28306, "req_memory_mb": 9216, "req_cpu_cores": 2, "child_ids": []}], "arrival_time": 0}, {"id": 3, "tasks": [{"id": 0, "workflow_id": 3, "length": 44480, "req_memory_mb": 4096, "req_cpu_cores": 7, "child_ids": []}, {"id": 1, "workflow_id": 3, "length": 52842, "req_memory_mb": 8192, "req_cpu_cores": 12, "child_ids": []}], "arrival_time": 0}, {"id": 4, "tasks": [{"id": 0, "workflow_id": 4, "length": 43826, "req_memory_mb": 4096, "req_cpu_cores": 6, "child_ids": []}, {"id": 1, "workflow_id": 4, "length": 45236, "req_memory_mb": 5120, "req_cpu_cores": 12, "child_ids": []}], "arrival_time": 0}, {"id": 5, "tasks": [{"id": 0, "workflow_id": 5, "length": 41798, "req_memory_mb": 5120, "req_cpu_cores": 5, "child_ids": []}, {"id": 1, "workflow_id": 5, "length": 42985, "req_memory_mb": 9216, "req_cpu_cores": 5, "child_ids": []}], "arrival_time": 0}, {"id": 6, "tasks": [{"id": 0, "workflow_id": 6, "length": 39641, "req_memory_mb": 6144, "req_cpu_cores": 6, "child_ids": []}, {"id": 1, "workflow_id": 6, "length": 42299, "req_memory_mb": 1024, "req_cpu_cores": 2, "child_ids": []}], "arrival_time": 0}, {"id": 7, "tasks": [{"id": 0, "workflow_id": 7, "length": 75281, "req_memory_mb": 1024, "req_cpu_cores": 14, "child_ids": [1]}, {"id": 1, "workflow_id": 7, "length": 67957, "req_memory_mb": 4096, "req_cpu_cores": 3, "child_ids": []}], "arrival_time": 0}, {"id": 8, "tasks": [{"id": 0, "workflow_id": 8, "length": 38864, "req_memory_mb": 6144, "req_cpu_cores": 10, "child_ids": []}, {"id": 1, "workflow_id": 8, "length": 50496, "req_memory_mb": 1024, "req_cpu_cores": 11, "child_ids": []}], "arrival_time": 0}, {"id": 9, "tasks": [{"id": 0, "workflow_id": 9, "length": 39730, "req_memory_mb": 8192, "req_cpu_cores": 12, "child_ids": []}, {"id": 1, "workflow_id": 9, "length": 44234, "req_memory_mb": 3072, "req_cpu_cores": 10, "child_ids": []}], "arrival_time": 0}], "vms": [{"id": 0, "host_id": 0, "cpu_speed_mips": 1533, "memory_mb": 8192, "cpu_cores": 40, "disk_mb": 1024, "bandwidth_mbps": 50, "vmm": "Xen"}, {"id": 1, "host_id": 1, "cpu_speed_mips": 4873, "memory_mb": 4096, "cpu_cores": 56, "disk_mb": 1024, "bandwidth_mbps": 50, "vmm": "Xen"}, {"id": 2, "host_id": 3, "cpu_speed_mips": 3968, "memory_mb": 3072, "cpu_cores": 16, "disk_mb": 1024, "bandwidth_mbps": 50, "vmm": "Xen"}, {"id": 3, "host_id": 1, "cpu_speed_mips": 3099, "memory_mb": 2048, "cpu_cores": 56, "disk_mb": 1024, "bandwidth_mbps": 50, "vmm": "Xen"}, {"id": 4, "host_id": 3, "cpu_speed_mips": 2722, "memory_mb": 8192, "cpu_cores": 16, "disk_mb": 1024, "bandwidth_mbps": 50, "vmm": "Xen"}, {"id": 5, "host_id": 3, "cpu_speed_mips": 3397, "memory_mb": 9216, "cpu_cores": 16, "disk_mb": 1024, "bandwidth_mbps": 50, "vmm": "Xen"}, {"id": 6, "host_id": 2, "cpu_speed_mips": 1037, "memory_mb": 6144, "cpu_cores": 16, "disk_mb": 1024, "bandwidth_mbps": 50, "vmm": "Xen"}, {"id": 7, "host_id": 3, "cpu_speed_mips": 2663, "memory_mb": 9216, "cpu_cores": 16, "disk_mb": 1024, "bandwidth_mbps": 50, "vmm": "Xen"}, {"id": 8, "host_id": 0, "cpu_speed_mips": 2546, "memory_mb": 1024, "cpu_cores": 40, "disk_mb": 1024, "bandwidth_mbps": 50, "vmm": "Xen"}, {"id": 9, "host_id": 1, "cpu_speed_mips": 599, "memory_mb": 1024, "cpu_cores": 56, "disk_mb": 1024, "bandwidth_mbps": 50, "vmm": "Xen"}], "hosts": [{"id": 0, "cores": 40, "cpu_speed_mips": 512000, "power_idle_watt": 85, "power_peak_watt": 450, "memory_mb": 131072, "disk_mb": 12000000, "bandwidth_mbps": 2048}, {"id": 1, "cores": 56, "cpu_speed_mips": 604800, "power_idle_watt": 50, "power_peak_watt": 432, "memory_mb": 167936, "disk_mb": 10000000, "bandwidth_mbps": 1536}, {"id": 2, "cores": 16, "cpu_speed_mips": 187712, "power_idle_watt": 116, "power_peak_watt": 475, "memory_mb": 49152, "disk_mb": 10000000, "bandwidth_mbps": 1024}, {"id": 3, "cores": 16, "cpu_speed_mips": 187712, "power_idle_watt": 116, "power_peak_watt": 475, "memory_mb": 49152, "disk_mb": 10000000, "bandwidth_mbps": 1024}]}