{"workflows": [{"id": 10, "tasks": [{"id": 0, "workflow_id": 10, "length": 58737, "req_memory_mb": 86016, "req_cpu_cores": 2, "child_ids": [1, 2]}, {"id": 1, "workflow_id": 10, "length": 59250, "req_memory_mb": 60416, "req_cpu_cores": 7, "child_ids": [3, 4, 6, 7, 8, 9, 11, 12, 13, 15, 16]}, {"id": 2, "workflow_id": 10, "length": 28219, "req_memory_mb": 71680, "req_cpu_cores": 7, "child_ids": []}, {"id": 3, "workflow_id": 10, "length": 10338, "req_memory_mb": 25600, "req_cpu_cores": 10, "child_ids": [15, 16]}, {"id": 4, "workflow_id": 10, "length": 45576, "req_memory_mb": 84992, "req_cpu_cores": 10, "child_ids": [5, 6, 8, 11, 12, 13, 14, 16, 17]}, {"id": 5, "workflow_id": 10, "length": 49539, "req_memory_mb": 103424, "req_cpu_cores": 14, "child_ids": [6, 7, 8, 9, 10, 11, 12, 13, 16, 17]}, {"id": 6, "workflow_id": 10, "length": 22857, "req_memory_mb": 101376, "req_cpu_cores": 5, "child_ids": [13, 15, 16, 17]}, {"id": 7, "workflow_id": 10, "length": 60875, "req_memory_mb": 69632, "req_cpu_cores": 10, "child_ids": [8, 11, 12, 13, 14, 15, 16]}, {"id": 8, "workflow_id": 10, "length": 70126, "req_memory_mb": 16384, "req_cpu_cores": 7, "child_ids": [9, 11, 12, 13, 14, 15, 17]}, {"id": 9, "workflow_id": 10, "length": 45658, "req_memory_mb": 78848, "req_cpu_cores": 7, "child_ids": [10, 11, 12, 14, 16]}, {"id": 10, "workflow_id": 10, "length": 46001, "req_memory_mb": 35840, "req_cpu_cores": 3, "child_ids": [15]}, {"id": 11, "workflow_id": 10, "length": 28814, "req_memory_mb": 109568, "req_cpu_cores": 2, "child_ids": [12, 13, 14, 17]}, {"id": 12, "workflow_id": 10, "length": 77573, "req_memory_mb": 103424, "req_cpu_cores": 4, "child_ids": [13, 14, 15, 16, 17]}, {"id": 13, "workflow_id": 10, "length": 44957, "req_memory_mb": 45056, "req_cpu_cores": 13, "child_ids": []}, {"id": 14, "workflow_id": 10, "length": 69617, "req_memory_mb": 51200, "req_cpu_cores": 7, "child_ids": [15]}, {"id": 15, "workflow_id": 10, "length": 50573, "req_memory_mb": 26624, "req_cpu_cores": 11, "child_ids": []}, {"id": 16, "workflow_id": 10, "length": 30837, "req_memory_mb": 48128, "req_cpu_cores": 3, "child_ids": []}, {"id": 17, "workflow_id": 10, "length": 45781, "req_memory_mb": 40960, "req_cpu_cores": 12, "child_ids": []}], "arrival_time": 0}]}