{"workflows": [{"id": 13, "tasks": [{"id": 0, "workflow_id": 13, "length": 39185, "req_memory_mb": 55296, "req_cpu_cores": 11, "child_ids": [1, 2, 3, 4, 5]}, {"id": 1, "workflow_id": 13, "length": 35612, "req_memory_mb": 27648, "req_cpu_cores": 5, "child_ids": []}, {"id": 2, "workflow_id": 13, "length": 58780, "req_memory_mb": 63488, "req_cpu_cores": 8, "child_ids": [7]}, {"id": 3, "workflow_id": 13, "length": 59868, "req_memory_mb": 104448, "req_cpu_cores": 13, "child_ids": []}, {"id": 4, "workflow_id": 13, "length": 47272, "req_memory_mb": 30720, "req_cpu_cores": 13, "child_ids": [7, 9, 10, 11, 12, 13, 14, 15, 17, 18, 19, 20, 21]}, {"id": 5, "workflow_id": 13, "length": 54893, "req_memory_mb": 101376, "req_cpu_cores": 13, "child_ids": [6, 9, 10, 11, 12, 14, 15, 16, 17, 18, 19, 20, 21]}, {"id": 6, "workflow_id": 13, "length": 37021, "req_memory_mb": 91136, "req_cpu_cores": 8, "child_ids": [7, 8, 9, 12, 14, 16, 18, 19, 21]}, {"id": 7, "workflow_id": 13, "length": 31384, "req_memory_mb": 68608, "req_cpu_cores": 6, "child_ids": [8, 9, 10, 11, 13, 14, 15, 16, 17, 21]}, {"id": 8, "workflow_id": 13, "length": 55880, "req_memory_mb": 81920, "req_cpu_cores": 2, "child_ids": [9, 10, 12, 13, 14, 17, 18]}, {"id": 9, "workflow_id": 13, "length": 46598, "req_memory_mb": 29696, "req_cpu_cores": 1, "child_ids": [10, 11, 12, 13, 14, 20, 21]}, {"id": 10, "workflow_id": 13, "length": 47301, "req_memory_mb": 108544, "req_cpu_cores": 5, "child_ids": [12, 13, 14, 15, 16, 17, 19, 20, 21]}, {"id": 11, "workflow_id": 13, "length": 36488, "req_memory_mb": 24576, "req_cpu_cores": 2, "child_ids": [13, 14, 15, 16, 17, 18, 19, 21]}, {"id": 12, "workflow_id": 13, "length": 65242, "req_memory_mb": 88064, "req_cpu_cores": 6, "child_ids": [14, 20, 21]}, {"id": 13, "workflow_id": 13, "length": 72698, "req_memory_mb": 87040, "req_cpu_cores": 7, "child_ids": [14, 15, 16, 18, 20, 21]}, {"id": 14, "workflow_id": 13, "length": 22665, "req_memory_mb": 62464, "req_cpu_cores": 7, "child_ids": [15, 16, 19, 20]}, {"id": 15, "workflow_id": 13, "length": 80252, "req_memory_mb": 57344, "req_cpu_cores": 9, "child_ids": [20, 21]}, {"id": 16, "workflow_id": 13, "length": 39328, "req_memory_mb": 15360, "req_cpu_cores": 9, "child_ids": [17, 18, 19, 20]}, {"id": 17, "workflow_id": 13, "length": 72662, "req_memory_mb": 88064, "req_cpu_cores": 4, "child_ids": []}, {"id": 18, "workflow_id": 13, "length": 57610, "req_memory_mb": 11264, "req_cpu_cores": 2, "child_ids": []}, {"id": 19, "workflow_id": 13, "length": 57574, "req_memory_mb": 26624, "req_cpu_cores": 7, "child_ids": []}, {"id": 20, "workflow_id": 13, "length": 61856, "req_memory_mb": 46080, "req_cpu_cores": 12, "child_ids": []}, {"id": 21, "workflow_id": 13, "length": 59620, "req_memory_mb": 103424, "req_cpu_cores": 12, "child_ids": []}], "arrival_time": 0}]}