{"workflows": [{"id": 7, "tasks": [{"id": 0, "workflow_id": 7, "length": 34843, "req_memory_mb": 78848, "req_cpu_cores": 14, "child_ids": [1, 2, 3, 4, 5, 6, 7, 8, 9, 10, 14, 25]}, {"id": 1, "workflow_id": 7, "length": 45606, "req_memory_mb": 24576, "req_cpu_cores": 5, "child_ids": []}, {"id": 2, "workflow_id": 7, "length": 52383, "req_memory_mb": 91136, "req_cpu_cores": 4, "child_ids": [13, 18, 21]}, {"id": 3, "workflow_id": 7, "length": 28488, "req_memory_mb": 90112, "req_cpu_cores": 2, "child_ids": [19]}, {"id": 4, "workflow_id": 7, "length": 54066, "req_memory_mb": 93184, "req_cpu_cores": 9, "child_ids": [20]}, {"id": 5, "workflow_id": 7, "length": 57715, "req_memory_mb": 92160, "req_cpu_cores": 4, "child_ids": []}, {"id": 6, "workflow_id": 7, "length": 66696, "req_memory_mb": 87040, "req_cpu_cores": 6, "child_ids": [17]}, {"id": 7, "workflow_id": 7, "length": 56475, "req_memory_mb": 37888, "req_cpu_cores": 2, "child_ids": [12]}, {"id": 8, "workflow_id": 7, "length": 42835, "req_memory_mb": 56320, "req_cpu_cores": 4, "child_ids": [9, 11, 14, 21]}, {"id": 9, "workflow_id": 7, "length": 69851, "req_memory_mb": 100352, "req_cpu_cores": 8, "child_ids": []}, {"id": 10, "workflow_id": 7, "length": 25126, "req_memory_mb": 81920, "req_cpu_cores": 11, "child_ids": []}, {"id": 11, "workflow_id": 7, "length": 80025, "req_memory_mb": 53248, "req_cpu_cores": 10, "child_ids": [24]}, {"id": 12, "workflow_id": 7, "length": 49547, "req_memory_mb": 23552, "req_cpu_cores": 3, "child_ids": []}, {"id": 13, "workflow_id": 7, "length": 36632, "req_memory_mb": 79872, "req_cpu_cores": 9, "child_ids": [15]}, {"id": 14, "workflow_id": 7, "length": 54793, "req_memory_mb": 52224, "req_cpu_cores": 1, "child_ids": [22]}, {"id": 15, "workflow_id": 7, "length": 73857, "req_memory_mb": 19456, "req_cpu_cores": 11, "child_ids": [16, 21, 22, 25]}, {"id": 16, "workflow_id": 7, "length": 13583, "req_memory_mb": 84992, "req_cpu_cores": 2, "child_ids": [19, 21, 22, 24, 25]}, {"id": 17, "workflow_id": 7, "length": 33189, "req_memory_mb": 71680, "req_cpu_cores": 2, "child_ids": []}, {"id": 18, "workflow_id": 7, "length": 56840, "req_memory_mb": 20480, "req_cpu_cores": 11, "child_ids": [19]}, {"id": 19, "workflow_id": 7, "length": 67008, "req_memory_mb": 15360, "req_cpu_cores": 2, "child_ids": [22]}, {"id": 20, "workflow_id": 7, "length": 24545, "req_memory_mb": 53248, "req_cpu_cores": 13, "child_ids": [21, 25]}, {"id": 21, "workflow_id": 7, "length": 63303, "req_memory_mb": 9216, "req_cpu_cores": 2, "child_ids": [22, 24]}, {"id": 22, "workflow_id": 7, "length": 66486, "req_memory_mb": 46080, "req_cpu_cores": 6, "child_ids": [23]}, {"id": 23, "workflow_id": 7, "length": 43988, "req_memory_mb": 50176, "req_cpu_cores": 7, "child_ids": []}, {"id": 24, "workflow_id": 7, "length": 33784, "req_memory_mb": 100352, "req_cpu_cores": 1, "child_ids": []}, {"id": 25, "workflow_id": 7, "length": 84968, "req_memory_mb": 20480, "req_cpu_cores": 2, "child_ids": []}], "arrival_time": 0}]}