{"workflows": [{"id": 4, "tasks": [{"id": 0, "workflow_id": 4, "length": 45028, "req_memory_mb": 19456, "req_cpu_cores": 5, "child_ids": [1, 2, 3, 4, 6, 7, 9, 10, 11, 13, 14, 16, 17, 19, 23, 26]}, {"id": 1, "workflow_id": 4, "length": 47466, "req_memory_mb": 41984, "req_cpu_cores": 12, "child_ids": []}, {"id": 2, "workflow_id": 4, "length": 39383, "req_memory_mb": 96256, "req_cpu_cores": 7, "child_ids": [6, 7, 8, 10, 12, 14, 16, 18, 19, 20, 21, 23, 24, 27]}, {"id": 3, "workflow_id": 4, "length": 64750, "req_memory_mb": 93184, "req_cpu_cores": 3, "child_ids": []}, {"id": 4, "workflow_id": 4, "length": 61162, "req_memory_mb": 95232, "req_cpu_cores": 3, "child_ids": [5, 12, 24]}, {"id": 5, "workflow_id": 4, "length": 38721, "req_memory_mb": 81920, "req_cpu_cores": 5, "child_ids": [21, 22]}, {"id": 6, "workflow_id": 4, "length": 76263, "req_memory_mb": 90112, "req_cpu_cores": 8, "child_ids": []}, {"id": 7, "workflow_id": 4, "length": 55075, "req_memory_mb": 94208, "req_cpu_cores": 12, "child_ids": [8]}, {"id": 8, "workflow_id": 4, "length": 50333, "req_memory_mb": 61440, "req_cpu_cores": 11, "child_ids": []}, {"id": 9, "workflow_id": 4, "length": 75924, "req_memory_mb": 106496, "req_cpu_cores": 10, "child_ids": [19]}, {"id": 10, "workflow_id": 4, "length": 40063, "req_memory_mb": 19456, "req_cpu_cores": 10, "child_ids": [27]}, {"id": 11, "workflow_id": 4, "length": 63328, "req_memory_mb": 68608, "req_cpu_cores": 4, "child_ids": []}, {"id": 12, "workflow_id": 4, "length": 50802, "req_memory_mb": 20480, "req_cpu_cores": 12, "child_ids": [14, 15]}, {"id": 13, "workflow_id": 4, "length": 80156, "req_memory_mb": 37888, "req_cpu_cores": 12, "child_ids": []}, {"id": 14, "workflow_id": 4, "length": 44486, "req_memory_mb": 49152, "req_cpu_cores": 11, "child_ids": [20, 27]}, {"id": 15, "workflow_id": 4, "length": 65282, "req_memory_mb": 40960, "req_cpu_cores": 9, "child_ids": [24]}, {"id": 16, "workflow_id": 4, "length": 52520, "req_memory_mb": 10240, "req_cpu_cores": 10, "child_ids": [23]}, {"id": 17, "workflow_id": 4, "length": 51893, "req_memory_mb": 29696, "req_cpu_cores": 4, "child_ids": [18]}, {"id": 18, "workflow_id": 4, "length": 50732, "req_memory_mb": 79872, "req_cpu_cores": 10, "child_ids": [27]}, {"id": 19, "workflow_id": 4, "length": 31916, "req_memory_mb": 34816, "req_cpu_cores": 12, "child_ids": []}, {"id": 20, "workflow_id": 4, "length": 40632, "req_memory_mb": 99328, "req_cpu_cores": 10, "child_ids": []}, {"id": 21, "workflow_id": 4, "length": 53611, "req_memory_mb": 6144, "req_cpu_cores": 9, "child_ids": [27]}, {"id": 22, "workflow_id": 4, "length": 28510, "req_memory_mb": 28672, "req_cpu_cores": 7, "child_ids": [25]}, {"id": 23, "workflow_id": 4, "length": 80334, "req_memory_mb": 44032, "req_cpu_cores": 13, "child_ids": []}, {"id": 24, "workflow_id": 4, "length": 70867, "req_memory_mb": 101376, "req_cpu_cores": 5, "child_ids": [25, 27]}, {"id": 25, "workflow_id": 4, "length": 60674, "req_memory_mb": 18432, "req_cpu_cores": 7, "child_ids": []}, {"id": 26, "workflow_id": 4, "length": 26035, "req_memory_mb": 39936, "req_cpu_cores": 4, "child_ids": []}, {"id": 27, "workflow_id": 4, "length": 51096, "req_memory_mb": 78848, "req_cpu_cores": 6, "child_ids": []}], "arrival_time": 0}]}