{"workflows": [{"id": 14, "tasks": [{"id": 0, "workflow_id": 14, "length": 38453, "req_memory_mb": 61440, "req_cpu_cores": 12, "child_ids": [1, 2]}, {"id": 1, "workflow_id": 14, "length": 37169, "req_memory_mb": 29696, "req_cpu_cores": 5, "child_ids": [19, 20, 21]}, {"id": 2, "workflow_id": 14, "length": 58443, "req_memory_mb": 62464, "req_cpu_cores": 8, "child_ids": [3, 4, 5, 6, 7, 8, 9, 12, 13, 15, 17, 19, 21]}, {"id": 3, "workflow_id": 14, "length": 56762, "req_memory_mb": 106496, "req_cpu_cores": 13, "child_ids": []}, {"id": 4, "workflow_id": 14, "length": 45955, "req_memory_mb": 33792, "req_cpu_cores": 13, "child_ids": [5, 6, 7, 8, 9, 10, 11, 12, 13, 14, 15, 17, 18, 19, 20, 21]}, {"id": 5, "workflow_id": 14, "length": 49945, "req_memory_mb": 103424, "req_cpu_cores": 13, "child_ids": [6, 8, 9, 10, 11, 12, 14, 15, 16, 17, 18, 19, 20, 21]}, {"id": 6, "workflow_id": 14, "length": 38320, "req_memory_mb": 91136, "req_cpu_cores": 9, "child_ids": [7, 8, 9, 12, 14, 16, 18, 19, 21]}, {"id": 7, "workflow_id": 14, "length": 35339, "req_memory_mb": 67584, "req_cpu_cores": 6, "child_ids": [8, 9, 10, 11, 13, 14, 15, 16, 17, 19, 20, 21]}, {"id": 8, "workflow_id": 14, "length": 55339, "req_memory_mb": 87040, "req_cpu_cores": 3, "child_ids": [9, 10, 12, 13, 14, 17, 18]}, {"id": 9, "workflow_id": 14, "length": 46258, "req_memory_mb": 29696, "req_cpu_cores": 2, "child_ids": [10, 11, 12, 13, 14, 20, 21]}, {"id": 10, "workflow_id": 14, "length": 48850, "req_memory_mb": 105472, "req_cpu_cores": 4, "child_ids": [11, 12, 13, 14, 15, 16, 17, 18, 19, 20, 21]}, {"id": 11, "workflow_id": 14, "length": 35917, "req_memory_mb": 16384, "req_cpu_cores": 2, "child_ids": [13, 14, 15, 16, 17, 18, 19, 21]}, {"id": 12, "workflow_id": 14, "length": 64165, "req_memory_mb": 87040, "req_cpu_cores": 6, "child_ids": [13, 14, 15, 16, 19, 20, 21]}, {"id": 13, "workflow_id": 14, "length": 71459, "req_memory_mb": 86016, "req_cpu_cores": 7, "child_ids": [14, 15, 16, 18, 20, 21]}, {"id": 14, "workflow_id": 14, "length": 27446, "req_memory_mb": 62464, "req_cpu_cores": 9, "child_ids": [15, 16, 19, 20]}, {"id": 15, "workflow_id": 14, "length": 83071, "req_memory_mb": 59392, "req_cpu_cores": 10, "child_ids": [20, 21]}, {"id": 16, "workflow_id": 14, "length": 39718, "req_memory_mb": 15360, "req_cpu_cores": 9, "child_ids": [17, 18, 19, 20]}, {"id": 17, "workflow_id": 14, "length": 70739, "req_memory_mb": 93184, "req_cpu_cores": 4, "child_ids": []}, {"id": 18, "workflow_id": 14, "length": 54308, "req_memory_mb": 12288, "req_cpu_cores": 2, "child_ids": [19, 20, 21]}, {"id": 19, "workflow_id": 14, "length": 54373, "req_memory_mb": 27648, "req_cpu_cores": 8, "child_ids": [20, 21]}, {"id": 20, "workflow_id": 14, "length": 60674, "req_memory_mb": 40960, "req_cpu_cores": 12, "child_ids": []}, {"id": 21, "workflow_id": 14, "length": 57812, "req_memory_mb": 102400, "req_cpu_cores": 11, "child_ids": []}], "arrival_time": 0}]}