{
  "workflows": [
    {
      "id": 0,
      "tasks": [
        {
          "id": 0,
          "workflow_id": 0,
          "length": 47181,
          "req_memory_mb": 98304,
          "req_cpu_cores": 8,
          "child_ids": [
            1,
            2,
            3,
            4,
            6,
            7,
            8,
            9,
            11,
            12,
            14,
            16,
            18,
            23,
            24,
            25,
            26
          ]
        },
        {
          "id": 1,
          "workflow_id": 0,
          "length": 12976,
          "req_memory_mb": 35840,
          "req_cpu_cores": 28,
          "child_ids": [
            13
          ]
        },
        {
          "id": 2,
          "workflow_id": 0,
          "length": 54794,
          "req_memory_mb": 103424,
          "req_cpu_cores": 32,
          "child_ids": []
        },
        {
          "id": 3,
          "workflow_id": 0,
          "length": 35500,
          "req_memory_mb": 73728,
          "req_cpu_cores": 28,
          "child_ids": [
            5
          ]
        },
        {
          "id": 4,
          "workflow_id": 0,
          "length": 48806,
          "req_memory_mb": 91136,
          "req_cpu_cores": 36,
          "child_ids": []
        },
        {
          "id": 5,
          "workflow_id": 0,
          "length": 67509,
          "req_memory_mb": 43008,
          "req_cpu_cores": 12,
          "child_ids": [
            20
          ]
        },
        {
          "id": 6,
          "workflow_id": 0,
          "length": 54369,
          "req_memory_mb": 86016,
          "req_cpu_cores": 8,
          "child_ids": [
            21
          ]
        },
        {
          "id": 7,
          "workflow_id": 0,
          "length": 35189,
          "req_memory_mb": 86016,
          "req_cpu_cores": 36,
          "child_ids": []
        },
        {
          "id": 8,
          "workflow_id": 0,
          "length": 55123,
          "req_memory_mb": 27648,
          "req_cpu_cores": 16,
          "child_ids": [
            15
          ]
        },
        {
          "id": 9,
          "workflow_id": 0,
          "length": 25184,
          "req_memory_mb": 75776,
          "req_cpu_cores": 4,
          "child_ids": [
            10,
            13
          ]
        },
        {
          "id": 10,
          "workflow_id": 0,
          "length": 34694,
          "req_memory_mb": 66560,
          "req_cpu_cores": 24,
          "child_ids": [
            17
          ]
        },
        {
          "id": 11,
          "workflow_id": 0,
          "length": 64683,
          "req_memory_mb": 103424,
          "req_cpu_cores": 8,
          "child_ids": []
        },
        {
          "id": 12,
          "workflow_id": 0,
          "length": 18530,
          "req_memory_mb": 14336,
          "req_cpu_cores": 28,
          "child_ids": []
        },
        {
          "id": 13,
          "workflow_id": 0,
          "length": 60109,
          "req_memory_mb": 23552,
          "req_cpu_cores": 24,
          "child_ids": [
            22
          ]
        },
        {
          "id": 14,
          "workflow_id": 0,
          "length": 78823,
          "req_memory_mb": 39936,
          "req_cpu_cores": 8,
          "child_ids": []
        },
        {
          "id": 15,
          "workflow_id": 0,
          "length": 55437,
          "req_memory_mb": 51200,
          "req_cpu_cores": 43,
          "child_ids": [
            19
          ]
        },
        {
          "id": 16,
          "workflow_id": 0,
          "length": 54065,
          "req_memory_mb": 79872,
          "req_cpu_cores": 12,
          "child_ids": []
        },
        {
          "id": 17,
          "workflow_id": 0,
          "length": 80634,
          "req_memory_mb": 5120,
          "req_cpu_cores": 16,
          "child_ids": []
        },
        {
          "id": 18,
          "workflow_id": 0,
          "length": 33697,
          "req_memory_mb": 91136,
          "req_cpu_cores": 20,
          "child_ids": []
        },
        {
          "id": 19,
          "workflow_id": 0,
          "length": 34721,
          "req_memory_mb": 12288,
          "req_cpu_cores": 4,
          "child_ids": []
        },
        {
          "id": 20,
          "workflow_id": 0,
          "length": 64243,
          "req_memory_mb": 8192,
          "req_cpu_cores": 24,
          "child_ids": []
        },
        {
          "id": 21,
          "workflow_id": 0,
          "length": 48102,
          "req_memory_mb": 79872,
          "req_cpu_cores": 47,
          "child_ids": []
        },
        {
          "id": 22,
          "workflow_id": 0,
          "length": 64060,
          "req_memory_mb": 31744,
          "req_cpu_cores": 28,
          "child_ids": []
        },
        {
          "id": 23,
          "workflow_id": 0,
          "length": 53851,
          "req_memory_mb": 87040,
          "req_cpu_cores": 24,
          "child_ids": []
        },
        {
          "id": 24,
          "workflow_id": 0,
          "length": 51984,
          "req_memory_mb": 37888,
          "req_cpu_cores": 4,
          "child_ids": []
        },
        {
          "id": 25,
          "workflow_id": 0,
          "length": 25092,
          "req_memory_mb": 33792,
          "req_cpu_cores": 20,
          "child_ids": []
        },
        {
          "id": 26,
          "workflow_id": 0,
          "length": 26599,
          "req_memory_mb": 10240,
          "req_cpu_cores": 24,
          "child_ids": []
        }
      ],
      "arrival_time": 0
    }
  ],
  "vms": [
    {
      "id": 0,
      "host_id": 3,
      "cpu_speed_mips": 1533,
      "memory_mb": 106496,
      "cpu_cores": 16,
      "disk_mb": 1024,
      "bandwidth_mbps": 50,
      "vmm": "Xen"
    },
    {
      "id": 1,
      "host_id": 2,
      "cpu_speed_mips": 4873,
      "memory_mb": 86016,
      "cpu_cores": 16,
      "disk_mb": 1024,
      "bandwidth_mbps": 50,
      "vmm": "Xen"
    },
    {
      "id": 2,
      "host_id": 1,
      "cpu_speed_mips": 3968,
      "memory_mb": 117760,
      "cpu_cores": 56,
      "disk_mb": 1024,
      "bandwidth_mbps": 50,
      "vmm": "Xen"
    },
    {
      "id": 3,
      "host_id": 0,
      "cpu_speed_mips": 1205,
      "memory_mb": 60416,
      "cpu_cores": 40,
      "disk_mb": 1024,
      "bandwidth_mbps": 50,
      "vmm": "Xen"
    },
    {
      "id": 4,
      "host_id": 3,
      "cpu_speed_mips": 3099,
      "memory_mb": 105472,
      "cpu_cores": 16,
      "disk_mb": 1024,
      "bandwidth_mbps": 50,
      "vmm": "Xen"
    },
    {
      "id": 5,
      "host_id": 2,
      "cpu_speed_mips": 2722,
      "memory_mb": 90112,
      "cpu_cores": 16,
      "disk_mb": 1024,
      "bandwidth_mbps": 50,
      "vmm": "Xen"
    },
    {
      "id": 6,
      "host_id": 1,
      "cpu_speed_mips": 3397,
      "memory_mb": 91136,
      "cpu_cores": 56,
      "disk_mb": 1024,
      "bandwidth_mbps": 50,
      "vmm": "Xen"
    },
    {
      "id": 7,
      "host_id": 0,
      "cpu_speed_mips": 1037,
      "memory_mb": 38912,
      "cpu_cores": 40,
      "disk_mb": 1024,
      "bandwidth_mbps": 50,
      "vmm": "Xen"
    },
    {
      "id": 8,
      "host_id": 3,
      "cpu_speed_mips": 2663,
      "memory_mb": 79872,
      "cpu_cores": 16,
      "disk_mb": 1024,
      "bandwidth_mbps": 50,
      "vmm": "Xen"
    },
    {
      "id": 9,
      "host_id": 2,
      "cpu_speed_mips": 2546,
      "memory_mb": 82944,
      "cpu_cores": 16,
      "disk_mb": 1024,
      "bandwidth_mbps": 50,
      "vmm": "Xen"
    },
    {
      "id": 10,
      "host_id": 1,
      "cpu_speed_mips": 2996,
      "memory_mb": 81920,
      "cpu_cores": 56,
      "disk_mb": 1024,
      "bandwidth_mbps": 50,
      "vmm": "Xen"
    },
    {
      "id": 11,
      "host_id": 0,
      "cpu_speed_mips": 599,
      "memory_mb": 84992,
      "cpu_cores": 40,
      "disk_mb": 1024,
      "bandwidth_mbps": 50,
      "vmm": "Xen"
    }
  ],
  "hosts": [
    {
      "id": 0,
      "cores": 40,
      "cpu_speed_mips": 512000,
      "power_idle_watt": 85,
      "power_peak_watt": 450,
      "memory_mb": 131072,
      "disk_mb": 12000000,
      "bandwidth_mbps": 2048
    },
    {
      "id": 1,
      "cores": 56,
      "cpu_speed_mips": 604800,
      "power_idle_watt": 50,
      "power_peak_watt": 432,
      "memory_mb": 167936,
      "disk_mb": 10000000,
      "bandwidth_mbps": 1536
    },
    {
      "id": 2,
      "cores": 16,
      "cpu_speed_mips": 187712,
      "power_idle_watt": 116,
      "power_peak_watt": 475,
      "memory_mb": 49152,
      "disk_mb": 10000000,
      "bandwidth_mbps": 1024
    },
    {
      "id": 3,
      "cores": 16,
      "cpu_speed_mips": 187712,
      "power_idle_watt": 116,
      "power_peak_watt": 475,
      "memory_mb": 49152,
      "disk_mb": 10000000,
      "bandwidth_mbps": 1024
    }
  ]
}