{
  "workflows": [
    {
      "id": 0,
      "tasks": [
        {
          "id": 0,
          "workflow_id": 0,
          "length": 46776,
          "req_memory_mb": 52224,
          "req_cpu_cores": 3,
          "child_ids": [
            1,
            2,
            3,
            4,
            5,
            6,
            7,
            8,
            9,
            10,
            15,
            17,
            18,
            19,
            20,
            21,
            22,
            23,
            25
          ]
        },
        {
          "id": 1,
          "workflow_id": 0,
          "length": 55888,
          "req_memory_mb": 79872,
          "req_cpu_cores": 18,
          "child_ids": []
        },
        {
          "id": 2,
          "workflow_id": 0,
          "length": 45146,
          "req_memory_mb": 44032,
          "req_cpu_cores": 24,
          "child_ids": [
            16,
            13
          ]
        },
        {
          "id": 3,
          "workflow_id": 0,
          "length": 50489,
          "req_memory_mb": 82944,
          "req_cpu_cores": 34,
          "child_ids": []
        },
        {
          "id": 4,
          "workflow_id": 0,
          "length": 32402,
          "req_memory_mb": 48128,
          "req_cpu_cores": 21,
          "child_ids": []
        },
        {
          "id": 5,
          "workflow_id": 0,
          "length": 47721,
          "req_memory_mb": 90112,
          "req_cpu_cores": 32,
          "child_ids": []
        },
        {
          "id": 6,
          "workflow_id": 0,
          "length": 58495,
          "req_memory_mb": 24576,
          "req_cpu_cores": 3,
          "child_ids": []
        },
        {
          "id": 7,
          "workflow_id": 0,
          "length": 52727,
          "req_memory_mb": 67584,
          "req_cpu_cores": 13,
          "child_ids": []
        },
        {
          "id": 8,
          "workflow_id": 0,
          "length": 38236,
          "req_memory_mb": 10240,
          "req_cpu_cores": 29,
          "child_ids": [
            11,
            12
          ]
        },
        {
          "id": 9,
          "workflow_id": 0,
          "length": 10931,
          "req_memory_mb": 71680,
          "req_cpu_cores": 24,
          "child_ids": [
            27
          ]
        },
        {
          "id": 10,
          "workflow_id": 0,
          "length": 42205,
          "req_memory_mb": 67584,
          "req_cpu_cores": 18,
          "child_ids": [
            11
          ]
        },
        {
          "id": 11,
          "workflow_id": 0,
          "length": 47283,
          "req_memory_mb": 27648,
          "req_cpu_cores": 21,
          "child_ids": []
        },
        {
          "id": 12,
          "workflow_id": 0,
          "length": 40238,
          "req_memory_mb": 37888,
          "req_cpu_cores": 3,
          "child_ids": [
            14
          ]
        },
        {
          "id": 13,
          "workflow_id": 0,
          "length": 61307,
          "req_memory_mb": 52224,
          "req_cpu_cores": 24,
          "child_ids": []
        },
        {
          "id": 14,
          "workflow_id": 0,
          "length": 31637,
          "req_memory_mb": 26624,
          "req_cpu_cores": 21,
          "child_ids": []
        },
        {
          "id": 15,
          "workflow_id": 0,
          "length": 19687,
          "req_memory_mb": 47104,
          "req_cpu_cores": 16,
          "child_ids": []
        },
        {
          "id": 16,
          "workflow_id": 0,
          "length": 39804,
          "req_memory_mb": 105472,
          "req_cpu_cores": 5,
          "child_ids": [
            26
          ]
        },
        {
          "id": 17,
          "workflow_id": 0,
          "length": 29097,
          "req_memory_mb": 73728,
          "req_cpu_cores": 5,
          "child_ids": []
        },
        {
          "id": 18,
          "workflow_id": 0,
          "length": 53573,
          "req_memory_mb": 65536,
          "req_cpu_cores": 5,
          "child_ids": []
        },
        {
          "id": 19,
          "workflow_id": 0,
          "length": 43861,
          "req_memory_mb": 97280,
          "req_cpu_cores": 34,
          "child_ids": []
        },
        {
          "id": 20,
          "workflow_id": 0,
          "length": 46474,
          "req_memory_mb": 27648,
          "req_cpu_cores": 18,
          "child_ids": [
            24
          ]
        },
        {
          "id": 21,
          "workflow_id": 0,
          "length": 73570,
          "req_memory_mb": 21504,
          "req_cpu_cores": 16,
          "child_ids": []
        },
        {
          "id": 22,
          "workflow_id": 0,
          "length": 33427,
          "req_memory_mb": 63488,
          "req_cpu_cores": 29,
          "child_ids": []
        },
        {
          "id": 23,
          "workflow_id": 0,
          "length": 49433,
          "req_memory_mb": 3072,
          "req_cpu_cores": 32,
          "child_ids": []
        },
        {
          "id": 24,
          "workflow_id": 0,
          "length": 19072,
          "req_memory_mb": 13312,
          "req_cpu_cores": 3,
          "child_ids": []
        },
        {
          "id": 25,
          "workflow_id": 0,
          "length": 40879,
          "req_memory_mb": 19456,
          "req_cpu_cores": 34,
          "child_ids": []
        },
        {
          "id": 26,
          "workflow_id": 0,
          "length": 50103,
          "req_memory_mb": 18432,
          "req_cpu_cores": 29,
          "child_ids": []
        },
        {
          "id": 27,
          "workflow_id": 0,
          "length": 61890,
          "req_memory_mb": 97280,
          "req_cpu_cores": 24,
          "child_ids": []
        }
      ],
      "arrival_time": 0
    }
  ],
  "vms": [
    {
      "id": 0,
      "host_id": 3,
      "cpu_speed_mips": 1533,
      "memory_mb": 106496,
      "cpu_cores": 16,
      "disk_mb": 1024,
      "bandwidth_mbps": 50,
      "vmm": "Xen"
    },
    {
      "id": 1,
      "host_id": 2,
      "cpu_speed_mips": 4873,
      "memory_mb": 86016,
      "cpu_cores": 16,
      "disk_mb": 1024,
      "bandwidth_mbps": 50,
      "vmm": "Xen"
    },
    {
      "id": 2,
      "host_id": 1,
      "cpu_speed_mips": 3968,
      "memory_mb": 117760,
      "cpu_cores": 56,
      "disk_mb": 1024,
      "bandwidth_mbps": 50,
      "vmm": "Xen"
    },
    {
      "id": 3,
      "host_id": 0,
      "cpu_speed_mips": 1205,
      "memory_mb": 60416,
      "cpu_cores": 40,
      "disk_mb": 1024,
      "bandwidth_mbps": 50,
      "vmm": "Xen"
    },
    {
      "id": 4,
      "host_id": 3,
      "cpu_speed_mips": 3099,
      "memory_mb": 105472,
      "cpu_cores": 16,
      "disk_mb": 1024,
      "bandwidth_mbps": 50,
      "vmm": "Xen"
    },
    {
      "id": 5,
      "host_id": 2,
      "cpu_speed_mips": 2722,
      "memory_mb": 90112,
      "cpu_cores": 16,
      "disk_mb": 1024,
      "bandwidth_mbps": 50,
      "vmm": "Xen"
    },
    {
      "id": 6,
      "host_id": 1,
      "cpu_speed_mips": 3397,
      "memory_mb": 91136,
      "cpu_cores": 56,
      "disk_mb": 1024,
      "bandwidth_mbps": 50,
      "vmm": "Xen"
    },
    {
      "id": 7,
      "host_id": 0,
      "cpu_speed_mips": 1037,
      "memory_mb": 38912,
      "cpu_cores": 40,
      "disk_mb": 1024,
      "bandwidth_mbps": 50,
      "vmm": "Xen"
    },
    {
      "id": 8,
      "host_id": 3,
      "cpu_speed_mips": 2663,
      "memory_mb": 79872,
      "cpu_cores": 16,
      "disk_mb": 1024,
      "bandwidth_mbps": 50,
      "vmm": "Xen"
    },
    {
      "id": 9,
      "host_id": 2,
      "cpu_speed_mips": 2546,
      "memory_mb": 82944,
      "cpu_cores": 16,
      "disk_mb": 1024,
      "bandwidth_mbps": 50,
      "vmm": "Xen"
    },
    {
      "id": 10,
      "host_id": 1,
      "cpu_speed_mips": 2996,
      "memory_mb": 81920,
      "cpu_cores": 56,
      "disk_mb": 1024,
      "bandwidth_mbps": 50,
      "vmm": "Xen"
    },
    {
      "id": 11,
      "host_id": 0,
      "cpu_speed_mips": 599,
      "memory_mb": 84992,
      "cpu_cores": 40,
      "disk_mb": 1024,
      "bandwidth_mbps": 50,
      "vmm": "Xen"
    }
  ],
  "hosts": [
    {
      "id": 0,
      "cores": 40,
      "cpu_speed_mips": 512000,
      "power_idle_watt": 85,
      "power_peak_watt": 450,
      "memory_mb": 131072,
      "disk_mb": 12000000,
      "bandwidth_mbps": 2048
    },
    {
      "id": 1,
      "cores": 56,
      "cpu_speed_mips": 604800,
      "power_idle_watt": 50,
      "power_peak_watt": 432,
      "memory_mb": 167936,
      "disk_mb": 10000000,
      "bandwidth_mbps": 1536
    },
    {
      "id": 2,
      "cores": 16,
      "cpu_speed_mips": 187712,
      "power_idle_watt": 116,
      "power_peak_watt": 475,
      "memory_mb": 49152,
      "disk_mb": 10000000,
      "bandwidth_mbps": 1024
    },
    {
      "id": 3,
      "cores": 16,
      "cpu_speed_mips": 187712,
      "power_idle_watt": 116,
      "power_peak_watt": 475,
      "memory_mb": 49152,
      "disk_mb": 10000000,
      "bandwidth_mbps": 1024
    }
  ]
}