{
  "workflows": [
    {
      "id": 0,
      "tasks": [
        {
          "id": 0,
          "workflow_id": 0,
          "length": 19874,
          "req_memory_mb": 34816,
          "req_cpu_cores": 31,
          "child_ids": [
            1,
            2,
            3,
            5,
            6,
            7,
            8,
            10,
            11,
            12,
            13,
            14,
            16,
            17,
            18,
            21,
            22,
            23,
            25,
            26,
            27
          ]
        },
        {
          "id": 1,
          "workflow_id": 0,
          "length": 75648,
          "req_memory_mb": 48128,
          "req_cpu_cores": 29,
          "child_ids": []
        },
        {
          "id": 2,
          "workflow_id": 0,
          "length": 57473,
          "req_memory_mb": 33792,
          "req_cpu_cores": 4,
          "child_ids": [
            19,
            4
          ]
        },
        {
          "id": 3,
          "workflow_id": 0,
          "length": 82726,
          "req_memory_mb": 59392,
          "req_cpu_cores": 24,
          "child_ids": []
        },
        {
          "id": 4,
          "workflow_id": 0,
          "length": 37702,
          "req_memory_mb": 37888,
          "req_cpu_cores": 11,
          "child_ids": []
        },
        {
          "id": 5,
          "workflow_id": 0,
          "length": 60793,
          "req_memory_mb": 64512,
          "req_cpu_cores": 31,
          "child_ids": []
        },
        {
          "id": 6,
          "workflow_id": 0,
          "length": 67448,
          "req_memory_mb": 63488,
          "req_cpu_cores": 13,
          "child_ids": []
        },
        {
          "id": 7,
          "workflow_id": 0,
          "length": 64107,
          "req_memory_mb": 66560,
          "req_cpu_cores": 2,
          "child_ids": []
        },
        {
          "id": 8,
          "workflow_id": 0,
          "length": 36662,
          "req_memory_mb": 3072,
          "req_cpu_cores": 4,
          "child_ids": [
            9
          ]
        },
        {
          "id": 9,
          "workflow_id": 0,
          "length": 60619,
          "req_memory_mb": 20480,
          "req_cpu_cores": 2,
          "child_ids": []
        },
        {
          "id": 10,
          "workflow_id": 0,
          "length": 57093,
          "req_memory_mb": 51200,
          "req_cpu_cores": 13,
          "child_ids": []
        },
        {
          "id": 11,
          "workflow_id": 0,
          "length": 65645,
          "req_memory_mb": 22528,
          "req_cpu_cores": 24,
          "child_ids": []
        },
        {
          "id": 12,
          "workflow_id": 0,
          "length": 62650,
          "req_memory_mb": 7168,
          "req_cpu_cores": 20,
          "child_ids": [
            20
          ]
        },
        {
          "id": 13,
          "workflow_id": 0,
          "length": 59037,
          "req_memory_mb": 35840,
          "req_cpu_cores": 9,
          "child_ids": []
        },
        {
          "id": 14,
          "workflow_id": 0,
          "length": 70227,
          "req_memory_mb": 53248,
          "req_cpu_cores": 4,
          "child_ids": [
            15
          ]
        },
        {
          "id": 15,
          "workflow_id": 0,
          "length": 37313,
          "req_memory_mb": 20480,
          "req_cpu_cores": 11,
          "child_ids": [
            24
          ]
        },
        {
          "id": 16,
          "workflow_id": 0,
          "length": 72181,
          "req_memory_mb": 50176,
          "req_cpu_cores": 13,
          "child_ids": []
        },
        {
          "id": 17,
          "workflow_id": 0,
          "length": 62414,
          "req_memory_mb": 66560,
          "req_cpu_cores": 4,
          "child_ids": []
        },
        {
          "id": 18,
          "workflow_id": 0,
          "length": 76687,
          "req_memory_mb": 54272,
          "req_cpu_cores": 26,
          "child_ids": []
        },
        {
          "id": 19,
          "workflow_id": 0,
          "length": 17928,
          "req_memory_mb": 26624,
          "req_cpu_cores": 15,
          "child_ids": []
        },
        {
          "id": 20,
          "workflow_id": 0,
          "length": 69898,
          "req_memory_mb": 64512,
          "req_cpu_cores": 9,
          "child_ids": []
        },
        {
          "id": 21,
          "workflow_id": 0,
          "length": 44319,
          "req_memory_mb": 7168,
          "req_cpu_cores": 24,
          "child_ids": []
        },
        {
          "id": 22,
          "workflow_id": 0,
          "length": 63783,
          "req_memory_mb": 23552,
          "req_cpu_cores": 22,
          "child_ids": [
            29
          ]
        },
        {
          "id": 23,
          "workflow_id": 0,
          "length": 55045,
          "req_memory_mb": 62464,
          "req_cpu_cores": 31,
          "child_ids": [
            28
          ]
        },
        {
          "id": 24,
          "workflow_id": 0,
          "length": 61359,
          "req_memory_mb": 43008,
          "req_cpu_cores": 2,
          "child_ids": []
        },
        {
          "id": 25,
          "workflow_id": 0,
          "length": 49841,
          "req_memory_mb": 26624,
          "req_cpu_cores": 7,
          "child_ids": []
        },
        {
          "id": 26,
          "workflow_id": 0,
          "length": 62635,
          "req_memory_mb": 34816,
          "req_cpu_cores": 24,
          "child_ids": []
        },
        {
          "id": 27,
          "workflow_id": 0,
          "length": 62786,
          "req_memory_mb": 64512,
          "req_cpu_cores": 20,
          "child_ids": []
        },
        {
          "id": 28,
          "workflow_id": 0,
          "length": 45936,
          "req_memory_mb": 60416,
          "req_cpu_cores": 20,
          "child_ids": []
        },
        {
          "id": 29,
          "workflow_id": 0,
          "length": 46137,
          "req_memory_mb": 33792,
          "req_cpu_cores": 15,
          "child_ids": []
        }
      ],
      "arrival_time": 0
    }
  ],
  "vms": [
    {
      "id": 0,
      "host_id": 3,
      "cpu_speed_mips": 1533,
      "memory_mb": 106496,
      "cpu_cores": 16,
      "disk_mb": 1024,
      "bandwidth_mbps": 50,
      "vmm": "Xen"
    },
    {
      "id": 1,
      "host_id": 2,
      "cpu_speed_mips": 4873,
      "memory_mb": 86016,
      "cpu_cores": 16,
      "disk_mb": 1024,
      "bandwidth_mbps": 50,
      "vmm": "Xen"
    },
    {
      "id": 2,
      "host_id": 1,
      "cpu_speed_mips": 3968,
      "memory_mb": 117760,
      "cpu_cores": 56,
      "disk_mb": 1024,
      "bandwidth_mbps": 50,
      "vmm": "Xen"
    },
    {
      "id": 3,
      "host_id": 0,
      "cpu_speed_mips": 1205,
      "memory_mb": 60416,
      "cpu_cores": 40,
      "disk_mb": 1024,
      "bandwidth_mbps": 50,
      "vmm": "Xen"
    },
    {
      "id": 4,
      "host_id": 3,
      "cpu_speed_mips": 3099,
      "memory_mb": 105472,
      "cpu_cores": 16,
      "disk_mb": 1024,
      "bandwidth_mbps": 50,
      "vmm": "Xen"
    },
    {
      "id": 5,
      "host_id": 2,
      "cpu_speed_mips": 2722,
      "memory_mb": 90112,
      "cpu_cores": 16,
      "disk_mb": 1024,
      "bandwidth_mbps": 50,
      "vmm": "Xen"
    },
    {
      "id": 6,
      "host_id": 1,
      "cpu_speed_mips": 3397,
      "memory_mb": 91136,
      "cpu_cores": 56,
      "disk_mb": 1024,
      "bandwidth_mbps": 50,
      "vmm": "Xen"
    },
    {
      "id": 7,
      "host_id": 0,
      "cpu_speed_mips": 1037,
      "memory_mb": 38912,
      "cpu_cores": 40,
      "disk_mb": 1024,
      "bandwidth_mbps": 50,
      "vmm": "Xen"
    },
    {
      "id": 8,
      "host_id": 3,
      "cpu_speed_mips": 2663,
      "memory_mb": 79872,
      "cpu_cores": 16,
      "disk_mb": 1024,
      "bandwidth_mbps": 50,
      "vmm": "Xen"
    },
    {
      "id": 9,
      "host_id": 2,
      "cpu_speed_mips": 2546,
      "memory_mb": 82944,
      "cpu_cores": 16,
      "disk_mb": 1024,
      "bandwidth_mbps": 50,
      "vmm": "Xen"
    },
    {
      "id": 10,
      "host_id": 1,
      "cpu_speed_mips": 2996,
      "memory_mb": 81920,
      "cpu_cores": 56,
      "disk_mb": 1024,
      "bandwidth_mbps": 50,
      "vmm": "Xen"
    },
    {
      "id": 11,
      "host_id": 0,
      "cpu_speed_mips": 599,
      "memory_mb": 84992,
      "cpu_cores": 40,
      "disk_mb": 1024,
      "bandwidth_mbps": 50,
      "vmm": "Xen"
    }
  ],
  "hosts": [
    {
      "id": 0,
      "cores": 40,
      "cpu_speed_mips": 512000,
      "power_idle_watt": 85,
      "power_peak_watt": 450,
      "memory_mb": 131072,
      "disk_mb": 12000000,
      "bandwidth_mbps": 2048
    },
    {
      "id": 1,
      "cores": 56,
      "cpu_speed_mips": 604800,
      "power_idle_watt": 50,
      "power_peak_watt": 432,
      "memory_mb": 167936,
      "disk_mb": 10000000,
      "bandwidth_mbps": 1536
    },
    {
      "id": 2,
      "cores": 16,
      "cpu_speed_mips": 187712,
      "power_idle_watt": 116,
      "power_peak_watt": 475,
      "memory_mb": 49152,
      "disk_mb": 10000000,
      "bandwidth_mbps": 1024
    },
    {
      "id": 3,
      "cores": 16,
      "cpu_speed_mips": 187712,
      "power_idle_watt": 116,
      "power_peak_watt": 475,
      "memory_mb": 49152,
      "disk_mb": 10000000,
      "bandwidth_mbps": 1024
    }
  ]
}