{
  "workflows": [
    {
      "id": 0,
      "tasks": [
        {
          "id": 0,
          "workflow_id": 0,
          "length": 55970,
          "req_memory_mb": 45056,
          "req_cpu_cores": 27,
          "child_ids": [
            1,
            2,
            3,
            4,
            5,
            6,
            7,
            8,
            9,
            10,
            11,
            12,
            13,
            14,
            15,
            16,
            19,
            21,
            22,
            23,
            24,
            28
          ]
        },
        {
          "id": 1,
          "workflow_id": 0,
          "length": 60422,
          "req_memory_mb": 71680,
          "req_cpu_cores": 9,
          "child_ids": []
        },
        {
          "id": 2,
          "workflow_id": 0,
          "length": 69293,
          "req_memory_mb": 55296,
          "req_cpu_cores": 5,
          "child_ids": []
        },
        {
          "id": 3,
          "workflow_id": 0,
          "length": 68705,
          "req_memory_mb": 57344,
          "req_cpu_cores": 18,
          "child_ids": []
        },
        {
          "id": 4,
          "workflow_id": 0,
          "length": 60716,
          "req_memory_mb": 7168,
          "req_cpu_cores": 2,
          "child_ids": []
        },
        {
          "id": 5,
          "workflow_id": 0,
          "length": 60559,
          "req_memory_mb": 32768,
          "req_cpu_cores": 7,
          "child_ids": []
        },
        {
          "id": 6,
          "workflow_id": 0,
          "length": 49961,
          "req_memory_mb": 49152,
          "req_cpu_cores": 2,
          "child_ids": [
            26
          ]
        },
        {
          "id": 7,
          "workflow_id": 0,
          "length": 62785,
          "req_memory_mb": 65536,
          "req_cpu_cores": 5,
          "child_ids": []
        },
        {
          "id": 8,
          "workflow_id": 0,
          "length": 44834,
          "req_memory_mb": 35840,
          "req_cpu_cores": 30,
          "child_ids": []
        },
        {
          "id": 9,
          "workflow_id": 0,
          "length": 41228,
          "req_memory_mb": 54272,
          "req_cpu_cores": 30,
          "child_ids": []
        },
        {
          "id": 10,
          "workflow_id": 0,
          "length": 38085,
          "req_memory_mb": 44032,
          "req_cpu_cores": 32,
          "child_ids": []
        },
        {
          "id": 11,
          "workflow_id": 0,
          "length": 58231,
          "req_memory_mb": 57344,
          "req_cpu_cores": 32,
          "child_ids": [
            17
          ]
        },
        {
          "id": 12,
          "workflow_id": 0,
          "length": 86395,
          "req_memory_mb": 61440,
          "req_cpu_cores": 9,
          "child_ids": []
        },
        {
          "id": 13,
          "workflow_id": 0,
          "length": 57197,
          "req_memory_mb": 62464,
          "req_cpu_cores": 14,
          "child_ids": []
        },
        {
          "id": 14,
          "workflow_id": 0,
          "length": 64923,
          "req_memory_mb": 52224,
          "req_cpu_cores": 16,
          "child_ids": []
        },
        {
          "id": 15,
          "workflow_id": 0,
          "length": 49968,
          "req_memory_mb": 35840,
          "req_cpu_cores": 14,
          "child_ids": [
            18,
            20
          ]
        },
        {
          "id": 16,
          "workflow_id": 0,
          "length": 66486,
          "req_memory_mb": 59392,
          "req_cpu_cores": 11,
          "child_ids": []
        },
        {
          "id": 17,
          "workflow_id": 0,
          "length": 52399,
          "req_memory_mb": 50176,
          "req_cpu_cores": 23,
          "child_ids": [
            25
          ]
        },
        {
          "id": 18,
          "workflow_id": 0,
          "length": 37090,
          "req_memory_mb": 72704,
          "req_cpu_cores": 16,
          "child_ids": []
        },
        {
          "id": 19,
          "workflow_id": 0,
          "length": 58452,
          "req_memory_mb": 23552,
          "req_cpu_cores": 32,
          "child_ids": []
        },
        {
          "id": 20,
          "workflow_id": 0,
          "length": 35574,
          "req_memory_mb": 29696,
          "req_cpu_cores": 11,
          "child_ids": [
            25
          ]
        },
        {
          "id": 21,
          "workflow_id": 0,
          "length": 50785,
          "req_memory_mb": 49152,
          "req_cpu_cores": 16,
          "child_ids": []
        },
        {
          "id": 22,
          "workflow_id": 0,
          "length": 27605,
          "req_memory_mb": 10240,
          "req_cpu_cores": 30,
          "child_ids": []
        },
        {
          "id": 23,
          "workflow_id": 0,
          "length": 52609,
          "req_memory_mb": 21504,
          "req_cpu_cores": 2,
          "child_ids": []
        },
        {
          "id": 24,
          "workflow_id": 0,
          "length": 21176,
          "req_memory_mb": 14336,
          "req_cpu_cores": 5,
          "child_ids": [
            27
          ]
        },
        {
          "id": 25,
          "workflow_id": 0,
          "length": 74265,
          "req_memory_mb": 27648,
          "req_cpu_cores": 16,
          "child_ids": []
        },
        {
          "id": 26,
          "workflow_id": 0,
          "length": 39836,
          "req_memory_mb": 36864,
          "req_cpu_cores": 2,
          "child_ids": []
        },
        {
          "id": 27,
          "workflow_id": 0,
          "length": 67679,
          "req_memory_mb": 1024,
          "req_cpu_cores": 27,
          "child_ids": []
        },
        {
          "id": 28,
          "workflow_id": 0,
          "length": 35583,
          "req_memory_mb": 65536,
          "req_cpu_cores": 25,
          "child_ids": []
        }
      ],
      "arrival_time": 0
    }
  ],
  "vms": [
    {
      "id": 0,
      "host_id": 3,
      "cpu_speed_mips": 1533,
      "memory_mb": 106496,
      "cpu_cores": 16,
      "disk_mb": 1024,
      "bandwidth_mbps": 50,
      "vmm": "Xen"
    },
    {
      "id": 1,
      "host_id": 2,
      "cpu_speed_mips": 4873,
      "memory_mb": 86016,
      "cpu_cores": 16,
      "disk_mb": 1024,
      "bandwidth_mbps": 50,
      "vmm": "Xen"
    },
    {
      "id": 2,
      "host_id": 1,
      "cpu_speed_mips": 3968,
      "memory_mb": 117760,
      "cpu_cores": 56,
      "disk_mb": 1024,
      "bandwidth_mbps": 50,
      "vmm": "Xen"
    },
    {
      "id": 3,
      "host_id": 0,
      "cpu_speed_mips": 1205,
      "memory_mb": 60416,
      "cpu_cores": 40,
      "disk_mb": 1024,
      "bandwidth_mbps": 50,
      "vmm": "Xen"
    },
    {
      "id": 4,
      "host_id": 3,
      "cpu_speed_mips": 3099,
      "memory_mb": 105472,
      "cpu_cores": 16,
      "disk_mb": 1024,
      "bandwidth_mbps": 50,
      "vmm": "Xen"
    },
    {
      "id": 5,
      "host_id": 2,
      "cpu_speed_mips": 2722,
      "memory_mb": 90112,
      "cpu_cores": 16,
      "disk_mb": 1024,
      "bandwidth_mbps": 50,
      "vmm": "Xen"
    },
    {
      "id": 6,
      "host_id": 1,
      "cpu_speed_mips": 3397,
      "memory_mb": 91136,
      "cpu_cores": 56,
      "disk_mb": 1024,
      "bandwidth_mbps": 50,
      "vmm": "Xen"
    },
    {
      "id": 7,
      "host_id": 0,
      "cpu_speed_mips": 1037,
      "memory_mb": 38912,
      "cpu_cores": 40,
      "disk_mb": 1024,
      "bandwidth_mbps": 50,
      "vmm": "Xen"
    },
    {
      "id": 8,
      "host_id": 3,
      "cpu_speed_mips": 2663,
      "memory_mb": 79872,
      "cpu_cores": 16,
      "disk_mb": 1024,
      "bandwidth_mbps": 50,
      "vmm": "Xen"
    },
    {
      "id": 9,
      "host_id": 2,
      "cpu_speed_mips": 2546,
      "memory_mb": 82944,
      "cpu_cores": 16,
      "disk_mb": 1024,
      "bandwidth_mbps": 50,
      "vmm": "Xen"
    },
    {
      "id": 10,
      "host_id": 1,
      "cpu_speed_mips": 2996,
      "memory_mb": 81920,
      "cpu_cores": 56,
      "disk_mb": 1024,
      "bandwidth_mbps": 50,
      "vmm": "Xen"
    },
    {
      "id": 11,
      "host_id": 0,
      "cpu_speed_mips": 599,
      "memory_mb": 84992,
      "cpu_cores": 40,
      "disk_mb": 1024,
      "bandwidth_mbps": 50,
      "vmm": "Xen"
    }
  ],
  "hosts": [
    {
      "id": 0,
      "cores": 40,
      "cpu_speed_mips": 512000,
      "power_idle_watt": 85,
      "power_peak_watt": 450,
      "memory_mb": 131072,
      "disk_mb": 12000000,
      "bandwidth_mbps": 2048
    },
    {
      "id": 1,
      "cores": 56,
      "cpu_speed_mips": 604800,
      "power_idle_watt": 50,
      "power_peak_watt": 432,
      "memory_mb": 167936,
      "disk_mb": 10000000,
      "bandwidth_mbps": 1536
    },
    {
      "id": 2,
      "cores": 16,
      "cpu_speed_mips": 187712,
      "power_idle_watt": 116,
      "power_peak_watt": 475,
      "memory_mb": 49152,
      "disk_mb": 10000000,
      "bandwidth_mbps": 1024
    },
    {
      "id": 3,
      "cores": 16,
      "cpu_speed_mips": 187712,
      "power_idle_watt": 116,
      "power_peak_watt": 475,
      "memory_mb": 49152,
      "disk_mb": 10000000,
      "bandwidth_mbps": 1024
    }
  ]
}