{
  "workflows": [
    {
      "id": 0,
      "tasks": [
        {
          "id": 0,
          "workflow_id": 0,
          "length": 51601,
          "req_memory_mb": 80896,
          "req_cpu_cores": 5,
          "child_ids": [
            1,
            2,
            3,
            4,
            5,
            6,
            10,
            14,
            15,
            16,
            17,
            18,
            19,
            20,
            21,
            22,
            23,
            24,
            26,
            27
          ]
        },
        {
          "id": 1,
          "workflow_id": 0,
          "length": 45286,
          "req_memory_mb": 12288,
          "req_cpu_cores": 7,
          "child_ids": [
            25
          ]
        },
        {
          "id": 2,
          "workflow_id": 0,
          "length": 51874,
          "req_memory_mb": 77824,
          "req_cpu_cores": 14,
          "child_ids": [
            8
          ]
        },
        {
          "id": 3,
          "workflow_id": 0,
          "length": 40281,
          "req_memory_mb": 46080,
          "req_cpu_cores": 7,
          "child_ids": [
            9,
            11
          ]
        },
        {
          "id": 4,
          "workflow_id": 0,
          "length": 72133,
          "req_memory_mb": 36864,
          "req_cpu_cores": 5,
          "child_ids": [
            7
          ]
        },
        {
          "id": 5,
          "workflow_id": 0,
          "length": 86979,
          "req_memory_mb": 11264,
          "req_cpu_cores": 9,
          "child_ids": []
        },
        {
          "id": 6,
          "workflow_id": 0,
          "length": 51975,
          "req_memory_mb": 35840,
          "req_cpu_cores": 14,
          "child_ids": []
        },
        {
          "id": 7,
          "workflow_id": 0,
          "length": 44938,
          "req_memory_mb": 14336,
          "req_cpu_cores": 14,
          "child_ids": []
        },
        {
          "id": 8,
          "workflow_id": 0,
          "length": 52638,
          "req_memory_mb": 8192,
          "req_cpu_cores": 32,
          "child_ids": [
            13
          ]
        },
        {
          "id": 9,
          "workflow_id": 0,
          "length": 71869,
          "req_memory_mb": 62464,
          "req_cpu_cores": 7,
          "child_ids": []
        },
        {
          "id": 10,
          "workflow_id": 0,
          "length": 71303,
          "req_memory_mb": 31744,
          "req_cpu_cores": 26,
          "child_ids": [
            12
          ]
        },
        {
          "id": 11,
          "workflow_id": 0,
          "length": 50863,
          "req_memory_mb": 1024,
          "req_cpu_cores": 30,
          "child_ids": []
        },
        {
          "id": 12,
          "workflow_id": 0,
          "length": 49247,
          "req_memory_mb": 68608,
          "req_cpu_cores": 23,
          "child_ids": []
        },
        {
          "id": 13,
          "workflow_id": 0,
          "length": 74189,
          "req_memory_mb": 75776,
          "req_cpu_cores": 30,
          "child_ids": []
        },
        {
          "id": 14,
          "workflow_id": 0,
          "length": 54805,
          "req_memory_mb": 28672,
          "req_cpu_cores": 23,
          "child_ids": []
        },
        {
          "id": 15,
          "workflow_id": 0,
          "length": 41650,
          "req_memory_mb": 36864,
          "req_cpu_cores": 12,
          "child_ids": []
        },
        {
          "id": 16,
          "workflow_id": 0,
          "length": 60762,
          "req_memory_mb": 6144,
          "req_cpu_cores": 12,
          "child_ids": []
        },
        {
          "id": 17,
          "workflow_id": 0,
          "length": 46548,
          "req_memory_mb": 34816,
          "req_cpu_cores": 14,
          "child_ids": []
        },
        {
          "id": 18,
          "workflow_id": 0,
          "length": 55022,
          "req_memory_mb": 49152,
          "req_cpu_cores": 12,
          "child_ids": [
            28
          ]
        },
        {
          "id": 19,
          "workflow_id": 0,
          "length": 46310,
          "req_memory_mb": 53248,
          "req_cpu_cores": 14,
          "child_ids": []
        },
        {
          "id": 20,
          "workflow_id": 0,
          "length": 57076,
          "req_memory_mb": 51200,
          "req_cpu_cores": 9,
          "child_ids": []
        },
        {
          "id": 21,
          "workflow_id": 0,
          "length": 56119,
          "req_memory_mb": 80896,
          "req_cpu_cores": 16,
          "child_ids": []
        },
        {
          "id": 22,
          "workflow_id": 0,
          "length": 58850,
          "req_memory_mb": 56320,
          "req_cpu_cores": 23,
          "child_ids": []
        },
        {
          "id": 23,
          "workflow_id": 0,
          "length": 39760,
          "req_memory_mb": 63488,
          "req_cpu_cores": 2,
          "child_ids": []
        },
        {
          "id": 24,
          "workflow_id": 0,
          "length": 21780,
          "req_memory_mb": 32768,
          "req_cpu_cores": 16,
          "child_ids": []
        },
        {
          "id": 25,
          "workflow_id": 0,
          "length": 43356,
          "req_memory_mb": 8192,
          "req_cpu_cores": 19,
          "child_ids": []
        },
        {
          "id": 26,
          "workflow_id": 0,
          "length": 54396,
          "req_memory_mb": 8192,
          "req_cpu_cores": 28,
          "child_ids": []
        },
        {
          "id": 27,
          "workflow_id": 0,
          "length": 35835,
          "req_memory_mb": 68608,
          "req_cpu_cores": 2,
          "child_ids": []
        },
        {
          "id": 28,
          "workflow_id": 0,
          "length": 83917,
          "req_memory_mb": 73728,
          "req_cpu_cores": 30,
          "child_ids": []
        }
      ],
      "arrival_time": 0
    }
  ],
  "vms": [
    {
      "id": 0,
      "host_id": 3,
      "cpu_speed_mips": 1533,
      "memory_mb": 106496,
      "cpu_cores": 16,
      "disk_mb": 1024,
      "bandwidth_mbps": 50,
      "vmm": "Xen"
    },
    {
      "id": 1,
      "host_id": 2,
      "cpu_speed_mips": 4873,
      "memory_mb": 86016,
      "cpu_cores": 16,
      "disk_mb": 1024,
      "bandwidth_mbps": 50,
      "vmm": "Xen"
    },
    {
      "id": 2,
      "host_id": 1,
      "cpu_speed_mips": 3968,
      "memory_mb": 117760,
      "cpu_cores": 56,
      "disk_mb": 1024,
      "bandwidth_mbps": 50,
      "vmm": "Xen"
    },
    {
      "id": 3,
      "host_id": 0,
      "cpu_speed_mips": 1205,
      "memory_mb": 60416,
      "cpu_cores": 40,
      "disk_mb": 1024,
      "bandwidth_mbps": 50,
      "vmm": "Xen"
    },
    {
      "id": 4,
      "host_id": 3,
      "cpu_speed_mips": 3099,
      "memory_mb": 105472,
      "cpu_cores": 16,
      "disk_mb": 1024,
      "bandwidth_mbps": 50,
      "vmm": "Xen"
    },
    {
      "id": 5,
      "host_id": 2,
      "cpu_speed_mips": 2722,
      "memory_mb": 90112,
      "cpu_cores": 16,
      "disk_mb": 1024,
      "bandwidth_mbps": 50,
      "vmm": "Xen"
    },
    {
      "id": 6,
      "host_id": 1,
      "cpu_speed_mips": 3397,
      "memory_mb": 91136,
      "cpu_cores": 56,
      "disk_mb": 1024,
      "bandwidth_mbps": 50,
      "vmm": "Xen"
    },
    {
      "id": 7,
      "host_id": 0,
      "cpu_speed_mips": 1037,
      "memory_mb": 38912,
      "cpu_cores": 40,
      "disk_mb": 1024,
      "bandwidth_mbps": 50,
      "vmm": "Xen"
    },
    {
      "id": 8,
      "host_id": 3,
      "cpu_speed_mips": 2663,
      "memory_mb": 79872,
      "cpu_cores": 16,
      "disk_mb": 1024,
      "bandwidth_mbps": 50,
      "vmm": "Xen"
    },
    {
      "id": 9,
      "host_id": 2,
      "cpu_speed_mips": 2546,
      "memory_mb": 82944,
      "cpu_cores": 16,
      "disk_mb": 1024,
      "bandwidth_mbps": 50,
      "vmm": "Xen"
    },
    {
      "id": 10,
      "host_id": 1,
      "cpu_speed_mips": 2996,
      "memory_mb": 81920,
      "cpu_cores": 56,
      "disk_mb": 1024,
      "bandwidth_mbps": 50,
      "vmm": "Xen"
    },
    {
      "id": 11,
      "host_id": 0,
      "cpu_speed_mips": 599,
      "memory_mb": 84992,
      "cpu_cores": 40,
      "disk_mb": 1024,
      "bandwidth_mbps": 50,
      "vmm": "Xen"
    }
  ],
  "hosts": [
    {
      "id": 0,
      "cores": 40,
      "cpu_speed_mips": 512000,
      "power_idle_watt": 85,
      "power_peak_watt": 450,
      "memory_mb": 131072,
      "disk_mb": 12000000,
      "bandwidth_mbps": 2048
    },
    {
      "id": 1,
      "cores": 56,
      "cpu_speed_mips": 604800,
      "power_idle_watt": 50,
      "power_peak_watt": 432,
      "memory_mb": 167936,
      "disk_mb": 10000000,
      "bandwidth_mbps": 1536
    },
    {
      "id": 2,
      "cores": 16,
      "cpu_speed_mips": 187712,
      "power_idle_watt": 116,
      "power_peak_watt": 475,
      "memory_mb": 49152,
      "disk_mb": 10000000,
      "bandwidth_mbps": 1024
    },
    {
      "id": 3,
      "cores": 16,
      "cpu_speed_mips": 187712,
      "power_idle_watt": 116,
      "power_peak_watt": 475,
      "memory_mb": 49152,
      "disk_mb": 10000000,
      "bandwidth_mbps": 1024
    }
  ]
}