{
  "workflows": [
    {
      "id": 0,
      "tasks": [
        {
          "id": 0,
          "workflow_id": 0,
          "length": 46422,
          "req_memory_mb": 23552,
          "req_cpu_cores": 10,
          "child_ids": [
            1,
            2,
            3,
            4,
            5,
            6,
            7,
            8,
            9,
            10,
            11,
            13,
            19,
            21,
            24
          ]
        },
        {
          "id": 1,
          "workflow_id": 0,
          "length": 56371,
          "req_memory_mb": 12288,
          "req_cpu_cores": 5,
          "child_ids": []
        },
        {
          "id": 2,
          "workflow_id": 0,
          "length": 53917,
          "req_memory_mb": 71680,
          "req_cpu_cores": 15,
          "child_ids": [
            12
          ]
        },
        {
          "id": 3,
          "workflow_id": 0,
          "length": 33988,
          "req_memory_mb": 47104,
          "req_cpu_cores": 23,
          "child_ids": []
        },
        {
          "id": 4,
          "workflow_id": 0,
          "length": 47682,
          "req_memory_mb": 34816,
          "req_cpu_cores": 18,
          "child_ids": [
            18
          ]
        },
        {
          "id": 5,
          "workflow_id": 0,
          "length": 45380,
          "req_memory_mb": 83968,
          "req_cpu_cores": 20,
          "child_ids": []
        },
        {
          "id": 6,
          "workflow_id": 0,
          "length": 50659,
          "req_memory_mb": 27648,
          "req_cpu_cores": 25,
          "child_ids": []
        },
        {
          "id": 7,
          "workflow_id": 0,
          "length": 59436,
          "req_memory_mb": 92160,
          "req_cpu_cores": 20,
          "child_ids": [
            20
          ]
        },
        {
          "id": 8,
          "workflow_id": 0,
          "length": 51462,
          "req_memory_mb": 18432,
          "req_cpu_cores": 28,
          "child_ids": []
        },
        {
          "id": 9,
          "workflow_id": 0,
          "length": 63228,
          "req_memory_mb": 88064,
          "req_cpu_cores": 31,
          "child_ids": []
        },
        {
          "id": 10,
          "workflow_id": 0,
          "length": 34891,
          "req_memory_mb": 91136,
          "req_cpu_cores": 15,
          "child_ids": [
            14,
            15
          ]
        },
        {
          "id": 11,
          "workflow_id": 0,
          "length": 64501,
          "req_memory_mb": 88064,
          "req_cpu_cores": 13,
          "child_ids": [
            16
          ]
        },
        {
          "id": 12,
          "workflow_id": 0,
          "length": 38951,
          "req_memory_mb": 79872,
          "req_cpu_cores": 25,
          "child_ids": []
        },
        {
          "id": 13,
          "workflow_id": 0,
          "length": 24984,
          "req_memory_mb": 60416,
          "req_cpu_cores": 13,
          "child_ids": [
            17,
            18,
            23
          ]
        },
        {
          "id": 14,
          "workflow_id": 0,
          "length": 74344,
          "req_memory_mb": 33792,
          "req_cpu_cores": 25,
          "child_ids": []
        },
        {
          "id": 15,
          "workflow_id": 0,
          "length": 45413,
          "req_memory_mb": 89088,
          "req_cpu_cores": 31,
          "child_ids": []
        },
        {
          "id": 16,
          "workflow_id": 0,
          "length": 51311,
          "req_memory_mb": 34816,
          "req_cpu_cores": 13,
          "child_ids": []
        },
        {
          "id": 17,
          "workflow_id": 0,
          "length": 52502,
          "req_memory_mb": 54272,
          "req_cpu_cores": 15,
          "child_ids": []
        },
        {
          "id": 18,
          "workflow_id": 0,
          "length": 34100,
          "req_memory_mb": 34816,
          "req_cpu_cores": 5,
          "child_ids": []
        },
        {
          "id": 19,
          "workflow_id": 0,
          "length": 35225,
          "req_memory_mb": 80896,
          "req_cpu_cores": 25,
          "child_ids": [
            22
          ]
        },
        {
          "id": 20,
          "workflow_id": 0,
          "length": 28717,
          "req_memory_mb": 25600,
          "req_cpu_cores": 25,
          "child_ids": []
        },
        {
          "id": 21,
          "workflow_id": 0,
          "length": 57871,
          "req_memory_mb": 75776,
          "req_cpu_cores": 36,
          "child_ids": []
        },
        {
          "id": 22,
          "workflow_id": 0,
          "length": 67077,
          "req_memory_mb": 62464,
          "req_cpu_cores": 36,
          "child_ids": []
        },
        {
          "id": 23,
          "workflow_id": 0,
          "length": 38604,
          "req_memory_mb": 21504,
          "req_cpu_cores": 28,
          "child_ids": []
        },
        {
          "id": 24,
          "workflow_id": 0,
          "length": 19631,
          "req_memory_mb": 82944,
          "req_cpu_cores": 28,
          "child_ids": []
        }
      ],
      "arrival_time": 0
    }
  ],
  "vms": [
    {
      "id": 0,
      "host_id": 3,
      "cpu_speed_mips": 1533,
      "memory_mb": 106496,
      "cpu_cores": 16,
      "disk_mb": 1024,
      "bandwidth_mbps": 50,
      "vmm": "Xen"
    },
    {
      "id": 1,
      "host_id": 2,
      "cpu_speed_mips": 4873,
      "memory_mb": 86016,
      "cpu_cores": 16,
      "disk_mb": 1024,
      "bandwidth_mbps": 50,
      "vmm": "Xen"
    },
    {
      "id": 2,
      "host_id": 1,
      "cpu_speed_mips": 3968,
      "memory_mb": 117760,
      "cpu_cores": 56,
      "disk_mb": 1024,
      "bandwidth_mbps": 50,
      "vmm": "Xen"
    },
    {
      "id": 3,
      "host_id": 0,
      "cpu_speed_mips": 1205,
      "memory_mb": 60416,
      "cpu_cores": 40,
      "disk_mb": 1024,
      "bandwidth_mbps": 50,
      "vmm": "Xen"
    },
    {
      "id": 4,
      "host_id": 3,
      "cpu_speed_mips": 3099,
      "memory_mb": 105472,
      "cpu_cores": 16,
      "disk_mb": 1024,
      "bandwidth_mbps": 50,
      "vmm": "Xen"
    },
    {
      "id": 5,
      "host_id": 2,
      "cpu_speed_mips": 2722,
      "memory_mb": 90112,
      "cpu_cores": 16,
      "disk_mb": 1024,
      "bandwidth_mbps": 50,
      "vmm": "Xen"
    },
    {
      "id": 6,
      "host_id": 1,
      "cpu_speed_mips": 3397,
      "memory_mb": 91136,
      "cpu_cores": 56,
      "disk_mb": 1024,
      "bandwidth_mbps": 50,
      "vmm": "Xen"
    },
    {
      "id": 7,
      "host_id": 0,
      "cpu_speed_mips": 1037,
      "memory_mb": 38912,
      "cpu_cores": 40,
      "disk_mb": 1024,
      "bandwidth_mbps": 50,
      "vmm": "Xen"
    },
    {
      "id": 8,
      "host_id": 3,
      "cpu_speed_mips": 2663,
      "memory_mb": 79872,
      "cpu_cores": 16,
      "disk_mb": 1024,
      "bandwidth_mbps": 50,
      "vmm": "Xen"
    },
    {
      "id": 9,
      "host_id": 2,
      "cpu_speed_mips": 2546,
      "memory_mb": 82944,
      "cpu_cores": 16,
      "disk_mb": 1024,
      "bandwidth_mbps": 50,
      "vmm": "Xen"
    },
    {
      "id": 10,
      "host_id": 1,
      "cpu_speed_mips": 2996,
      "memory_mb": 81920,
      "cpu_cores": 56,
      "disk_mb": 1024,
      "bandwidth_mbps": 50,
      "vmm": "Xen"
    },
    {
      "id": 11,
      "host_id": 0,
      "cpu_speed_mips": 599,
      "memory_mb": 84992,
      "cpu_cores": 40,
      "disk_mb": 1024,
      "bandwidth_mbps": 50,
      "vmm": "Xen"
    }
  ],
  "hosts": [
    {
      "id": 0,
      "cores": 40,
      "cpu_speed_mips": 512000,
      "power_idle_watt": 85,
      "power_peak_watt": 450,
      "memory_mb": 131072,
      "disk_mb": 12000000,
      "bandwidth_mbps": 2048
    },
    {
      "id": 1,
      "cores": 56,
      "cpu_speed_mips": 604800,
      "power_idle_watt": 50,
      "power_peak_watt": 432,
      "memory_mb": 167936,
      "disk_mb": 10000000,
      "bandwidth_mbps": 1536
    },
    {
      "id": 2,
      "cores": 16,
      "cpu_speed_mips": 187712,
      "power_idle_watt": 116,
      "power_peak_watt": 475,
      "memory_mb": 49152,
      "disk_mb": 10000000,
      "bandwidth_mbps": 1024
    },
    {
      "id": 3,
      "cores": 16,
      "cpu_speed_mips": 187712,
      "power_idle_watt": 116,
      "power_peak_watt": 475,
      "memory_mb": 49152,
      "disk_mb": 10000000,
      "bandwidth_mbps": 1024
    }
  ]
}