{
  "workflows": [
    {
      "id": 0,
      "tasks": [
        {
          "id": 0,
          "workflow_id": 0,
          "length": 52185,
          "req_memory_mb": 53248,
          "req_cpu_cores": 26,
          "child_ids": [
            1,
            2,
            3,
            4,
            5,
            6,
            7,
            8,
            9,
            10,
            11,
            12,
            13,
            14,
            17,
            20,
            22,
            23,
            26,
            27
          ]
        },
        {
          "id": 1,
          "workflow_id": 0,
          "length": 41465,
          "req_memory_mb": 38912,
          "req_cpu_cores": 19,
          "child_ids": [
            18
          ]
        },
        {
          "id": 2,
          "workflow_id": 0,
          "length": 63322,
          "req_memory_mb": 22528,
          "req_cpu_cores": 11,
          "child_ids": []
        },
        {
          "id": 3,
          "workflow_id": 0,
          "length": 34638,
          "req_memory_mb": 71680,
          "req_cpu_cores": 17,
          "child_ids": [
            21
          ]
        },
        {
          "id": 4,
          "workflow_id": 0,
          "length": 45598,
          "req_memory_mb": 69632,
          "req_cpu_cores": 26,
          "child_ids": [
            16,
            15
          ]
        },
        {
          "id": 5,
          "workflow_id": 0,
          "length": 47728,
          "req_memory_mb": 37888,
          "req_cpu_cores": 17,
          "child_ids": []
        },
        {
          "id": 6,
          "workflow_id": 0,
          "length": 65467,
          "req_memory_mb": 6144,
          "req_cpu_cores": 19,
          "child_ids": [
            24
          ]
        },
        {
          "id": 7,
          "workflow_id": 0,
          "length": 54958,
          "req_memory_mb": 30720,
          "req_cpu_cores": 9,
          "child_ids": []
        },
        {
          "id": 8,
          "workflow_id": 0,
          "length": 33414,
          "req_memory_mb": 4096,
          "req_cpu_cores": 13,
          "child_ids": []
        },
        {
          "id": 9,
          "workflow_id": 0,
          "length": 51129,
          "req_memory_mb": 66560,
          "req_cpu_cores": 11,
          "child_ids": [
            19
          ]
        },
        {
          "id": 10,
          "workflow_id": 0,
          "length": 52245,
          "req_memory_mb": 6144,
          "req_cpu_cores": 15,
          "child_ids": []
        },
        {
          "id": 11,
          "workflow_id": 0,
          "length": 73295,
          "req_memory_mb": 83968,
          "req_cpu_cores": 15,
          "child_ids": []
        },
        {
          "id": 12,
          "workflow_id": 0,
          "length": 58995,
          "req_memory_mb": 71680,
          "req_cpu_cores": 28,
          "child_ids": [
            29
          ]
        },
        {
          "id": 13,
          "workflow_id": 0,
          "length": 38900,
          "req_memory_mb": 37888,
          "req_cpu_cores": 11,
          "child_ids": [
            25
          ]
        },
        {
          "id": 14,
          "workflow_id": 0,
          "length": 16689,
          "req_memory_mb": 68608,
          "req_cpu_cores": 26,
          "child_ids": []
        },
        {
          "id": 15,
          "workflow_id": 0,
          "length": 34739,
          "req_memory_mb": 47104,
          "req_cpu_cores": 26,
          "child_ids": []
        },
        {
          "id": 16,
          "workflow_id": 0,
          "length": 37911,
          "req_memory_mb": 82944,
          "req_cpu_cores": 2,
          "child_ids": []
        },
        {
          "id": 17,
          "workflow_id": 0,
          "length": 32046,
          "req_memory_mb": 51200,
          "req_cpu_cores": 30,
          "child_ids": []
        },
        {
          "id": 18,
          "workflow_id": 0,
          "length": 63135,
          "req_memory_mb": 12288,
          "req_cpu_cores": 26,
          "child_ids": [
            28
          ]
        },
        {
          "id": 19,
          "workflow_id": 0,
          "length": 74661,
          "req_memory_mb": 16384,
          "req_cpu_cores": 15,
          "child_ids": []
        },
        {
          "id": 20,
          "workflow_id": 0,
          "length": 40634,
          "req_memory_mb": 22528,
          "req_cpu_cores": 19,
          "child_ids": []
        },
        {
          "id": 21,
          "workflow_id": 0,
          "length": 69988,
          "req_memory_mb": 44032,
          "req_cpu_cores": 11,
          "child_ids": []
        },
        {
          "id": 22,
          "workflow_id": 0,
          "length": 45050,
          "req_memory_mb": 38912,
          "req_cpu_cores": 13,
          "child_ids": []
        },
        {
          "id": 23,
          "workflow_id": 0,
          "length": 71732,
          "req_memory_mb": 48128,
          "req_cpu_cores": 9,
          "child_ids": []
        },
        {
          "id": 24,
          "workflow_id": 0,
          "length": 18455,
          "req_memory_mb": 75776,
          "req_cpu_cores": 11,
          "child_ids": []
        },
        {
          "id": 25,
          "workflow_id": 0,
          "length": 31000,
          "req_memory_mb": 62464,
          "req_cpu_cores": 6,
          "child_ids": []
        },
        {
          "id": 26,
          "workflow_id": 0,
          "length": 52464,
          "req_memory_mb": 20480,
          "req_cpu_cores": 30,
          "child_ids": []
        },
        {
          "id": 27,
          "workflow_id": 0,
          "length": 47003,
          "req_memory_mb": 33792,
          "req_cpu_cores": 9,
          "child_ids": []
        },
        {
          "id": 28,
          "workflow_id": 0,
          "length": 35163,
          "req_memory_mb": 61440,
          "req_cpu_cores": 2,
          "child_ids": []
        },
        {
          "id": 29,
          "workflow_id": 0,
          "length": 17232,
          "req_memory_mb": 1024,
          "req_cpu_cores": 15,
          "child_ids": []
        }
      ],
      "arrival_time": 0
    }
  ],
  "vms": [
    {
      "id": 0,
      "host_id": 3,
      "cpu_speed_mips": 1533,
      "memory_mb": 106496,
      "cpu_cores": 16,
      "disk_mb": 1024,
      "bandwidth_mbps": 50,
      "vmm": "Xen"
    },
    {
      "id": 1,
      "host_id": 2,
      "cpu_speed_mips": 4873,
      "memory_mb": 86016,
      "cpu_cores": 16,
      "disk_mb": 1024,
      "bandwidth_mbps": 50,
      "vmm": "Xen"
    },
    {
      "id": 2,
      "host_id": 1,
      "cpu_speed_mips": 3968,
      "memory_mb": 117760,
      "cpu_cores": 56,
      "disk_mb": 1024,
      "bandwidth_mbps": 50,
      "vmm": "Xen"
    },
    {
      "id": 3,
      "host_id": 0,
      "cpu_speed_mips": 1205,
      "memory_mb": 60416,
      "cpu_cores": 40,
      "disk_mb": 1024,
      "bandwidth_mbps": 50,
      "vmm": "Xen"
    },
    {
      "id": 4,
      "host_id": 3,
      "cpu_speed_mips": 3099,
      "memory_mb": 105472,
      "cpu_cores": 16,
      "disk_mb": 1024,
      "bandwidth_mbps": 50,
      "vmm": "Xen"
    },
    {
      "id": 5,
      "host_id": 2,
      "cpu_speed_mips": 2722,
      "memory_mb": 90112,
      "cpu_cores": 16,
      "disk_mb": 1024,
      "bandwidth_mbps": 50,
      "vmm": "Xen"
    },
    {
      "id": 6,
      "host_id": 1,
      "cpu_speed_mips": 3397,
      "memory_mb": 91136,
      "cpu_cores": 56,
      "disk_mb": 1024,
      "bandwidth_mbps": 50,
      "vmm": "Xen"
    },
    {
      "id": 7,
      "host_id": 0,
      "cpu_speed_mips": 1037,
      "memory_mb": 38912,
      "cpu_cores": 40,
      "disk_mb": 1024,
      "bandwidth_mbps": 50,
      "vmm": "Xen"
    },
    {
      "id": 8,
      "host_id": 3,
      "cpu_speed_mips": 2663,
      "memory_mb": 79872,
      "cpu_cores": 16,
      "disk_mb": 1024,
      "bandwidth_mbps": 50,
      "vmm": "Xen"
    },
    {
      "id": 9,
      "host_id": 2,
      "cpu_speed_mips": 2546,
      "memory_mb": 82944,
      "cpu_cores": 16,
      "disk_mb": 1024,
      "bandwidth_mbps": 50,
      "vmm": "Xen"
    },
    {
      "id": 10,
      "host_id": 1,
      "cpu_speed_mips": 2996,
      "memory_mb": 81920,
      "cpu_cores": 56,
      "disk_mb": 1024,
      "bandwidth_mbps": 50,
      "vmm": "Xen"
    },
    {
      "id": 11,
      "host_id": 0,
      "cpu_speed_mips": 599,
      "memory_mb": 84992,
      "cpu_cores": 40,
      "disk_mb": 1024,
      "bandwidth_mbps": 50,
      "vmm": "Xen"
    }
  ],
  "hosts": [
    {
      "id": 0,
      "cores": 40,
      "cpu_speed_mips": 512000,
      "power_idle_watt": 85,
      "power_peak_watt": 450,
      "memory_mb": 131072,
      "disk_mb": 12000000,
      "bandwidth_mbps": 2048
    },
    {
      "id": 1,
      "cores": 56,
      "cpu_speed_mips": 604800,
      "power_idle_watt": 50,
      "power_peak_watt": 432,
      "memory_mb": 167936,
      "disk_mb": 10000000,
      "bandwidth_mbps": 1536
    },
    {
      "id": 2,
      "cores": 16,
      "cpu_speed_mips": 187712,
      "power_idle_watt": 116,
      "power_peak_watt": 475,
      "memory_mb": 49152,
      "disk_mb": 10000000,
      "bandwidth_mbps": 1024
    },
    {
      "id": 3,
      "cores": 16,
      "cpu_speed_mips": 187712,
      "power_idle_watt": 116,
      "power_peak_watt": 475,
      "memory_mb": 49152,
      "disk_mb": 10000000,
      "bandwidth_mbps": 1024
    }
  ]
}