{
  "workflows": [
    {
      "id": 0,
      "tasks": [
        {
          "id": 0,
          "workflow_id": 0,
          "length": 77586,
          "req_memory_mb": 51200,
          "req_cpu_cores": 38,
          "child_ids": [
            1,
            2,
            3,
            4,
            5,
            7,
            8,
            9,
            10,
            11,
            12,
            13,
            16,
            22
          ]
        },
        {
          "id": 1,
          "workflow_id": 0,
          "length": 45976,
          "req_memory_mb": 67584,
          "req_cpu_cores": 32,
          "child_ids": [
            21,
            15
          ]
        },
        {
          "id": 2,
          "workflow_id": 0,
          "length": 56989,
          "req_memory_mb": 26624,
          "req_cpu_cores": 17,
          "child_ids": [
            17,
            6,
            14
          ]
        },
        {
          "id": 3,
          "workflow_id": 0,
          "length": 47536,
          "req_memory_mb": 18432,
          "req_cpu_cores": 38,
          "child_ids": [
            19,
            23
          ]
        },
        {
          "id": 4,
          "workflow_id": 0,
          "length": 30497,
          "req_memory_mb": 63488,
          "req_cpu_cores": 38,
          "child_ids": [
            24,
            26
          ]
        },
        {
          "id": 5,
          "workflow_id": 0,
          "length": 28483,
          "req_memory_mb": 58368,
          "req_cpu_cores": 26,
          "child_ids": [
            18,
            14
          ]
        },
        {
          "id": 6,
          "workflow_id": 0,
          "length": 57353,
          "req_memory_mb": 63488,
          "req_cpu_cores": 17,
          "child_ids": []
        },
        {
          "id": 7,
          "workflow_id": 0,
          "length": 58627,
          "req_memory_mb": 39936,
          "req_cpu_cores": 38,
          "child_ids": []
        },
        {
          "id": 8,
          "workflow_id": 0,
          "length": 18163,
          "req_memory_mb": 60416,
          "req_cpu_cores": 3,
          "child_ids": []
        },
        {
          "id": 9,
          "workflow_id": 0,
          "length": 40519,
          "req_memory_mb": 97280,
          "req_cpu_cores": 38,
          "child_ids": []
        },
        {
          "id": 10,
          "workflow_id": 0,
          "length": 44843,
          "req_memory_mb": 3072,
          "req_cpu_cores": 15,
          "child_ids": [
            23
          ]
        },
        {
          "id": 11,
          "workflow_id": 0,
          "length": 75334,
          "req_memory_mb": 75776,
          "req_cpu_cores": 20,
          "child_ids": [
            25
          ]
        },
        {
          "id": 12,
          "workflow_id": 0,
          "length": 71131,
          "req_memory_mb": 14336,
          "req_cpu_cores": 3,
          "child_ids": []
        },
        {
          "id": 13,
          "workflow_id": 0,
          "length": 32237,
          "req_memory_mb": 16384,
          "req_cpu_cores": 32,
          "child_ids": []
        },
        {
          "id": 14,
          "workflow_id": 0,
          "length": 35481,
          "req_memory_mb": 99328,
          "req_cpu_cores": 26,
          "child_ids": []
        },
        {
          "id": 15,
          "workflow_id": 0,
          "length": 49062,
          "req_memory_mb": 52224,
          "req_cpu_cores": 3,
          "child_ids": []
        },
        {
          "id": 16,
          "workflow_id": 0,
          "length": 46329,
          "req_memory_mb": 93184,
          "req_cpu_cores": 12,
          "child_ids": []
        },
        {
          "id": 17,
          "workflow_id": 0,
          "length": 36766,
          "req_memory_mb": 75776,
          "req_cpu_cores": 12,
          "child_ids": []
        },
        {
          "id": 18,
          "workflow_id": 0,
          "length": 35146,
          "req_memory_mb": 91136,
          "req_cpu_cores": 17,
          "child_ids": []
        },
        {
          "id": 19,
          "workflow_id": 0,
          "length": 45329,
          "req_memory_mb": 64512,
          "req_cpu_cores": 15,
          "child_ids": [
            20
          ]
        },
        {
          "id": 20,
          "workflow_id": 0,
          "length": 53898,
          "req_memory_mb": 90112,
          "req_cpu_cores": 41,
          "child_ids": [
            21
          ]
        },
        {
          "id": 21,
          "workflow_id": 0,
          "length": 60784,
          "req_memory_mb": 98304,
          "req_cpu_cores": 3,
          "child_ids": []
        },
        {
          "id": 22,
          "workflow_id": 0,
          "length": 64922,
          "req_memory_mb": 82944,
          "req_cpu_cores": 6,
          "child_ids": []
        },
        {
          "id": 23,
          "workflow_id": 0,
          "length": 67436,
          "req_memory_mb": 63488,
          "req_cpu_cores": 20,
          "child_ids": []
        },
        {
          "id": 24,
          "workflow_id": 0,
          "length": 40761,
          "req_memory_mb": 44032,
          "req_cpu_cores": 29,
          "child_ids": []
        },
        {
          "id": 25,
          "workflow_id": 0,
          "length": 34530,
          "req_memory_mb": 46080,
          "req_cpu_cores": 20,
          "child_ids": []
        },
        {
          "id": 26,
          "workflow_id": 0,
          "length": 23681,
          "req_memory_mb": 49152,
          "req_cpu_cores": 41,
          "child_ids": []
        }
      ],
      "arrival_time": 0
    }
  ],
  "vms": [
    {
      "id": 0,
      "host_id": 3,
      "cpu_speed_mips": 1533,
      "memory_mb": 106496,
      "cpu_cores": 16,
      "disk_mb": 1024,
      "bandwidth_mbps": 50,
      "vmm": "Xen"
    },
    {
      "id": 1,
      "host_id": 2,
      "cpu_speed_mips": 4873,
      "memory_mb": 86016,
      "cpu_cores": 16,
      "disk_mb": 1024,
      "bandwidth_mbps": 50,
      "vmm": "Xen"
    },
    {
      "id": 2,
      "host_id": 1,
      "cpu_speed_mips": 3968,
      "memory_mb": 117760,
      "cpu_cores": 56,
      "disk_mb": 1024,
      "bandwidth_mbps": 50,
      "vmm": "Xen"
    },
    {
      "id": 3,
      "host_id": 0,
      "cpu_speed_mips": 1205,
      "memory_mb": 60416,
      "cpu_cores": 40,
      "disk_mb": 1024,
      "bandwidth_mbps": 50,
      "vmm": "Xen"
    },
    {
      "id": 4,
      "host_id": 3,
      "cpu_speed_mips": 3099,
      "memory_mb": 105472,
      "cpu_cores": 16,
      "disk_mb": 1024,
      "bandwidth_mbps": 50,
      "vmm": "Xen"
    },
    {
      "id": 5,
      "host_id": 2,
      "cpu_speed_mips": 2722,
      "memory_mb": 90112,
      "cpu_cores": 16,
      "disk_mb": 1024,
      "bandwidth_mbps": 50,
      "vmm": "Xen"
    },
    {
      "id": 6,
      "host_id": 1,
      "cpu_speed_mips": 3397,
      "memory_mb": 91136,
      "cpu_cores": 56,
      "disk_mb": 1024,
      "bandwidth_mbps": 50,
      "vmm": "Xen"
    },
    {
      "id": 7,
      "host_id": 0,
      "cpu_speed_mips": 1037,
      "memory_mb": 38912,
      "cpu_cores": 40,
      "disk_mb": 1024,
      "bandwidth_mbps": 50,
      "vmm": "Xen"
    },
    {
      "id": 8,
      "host_id": 3,
      "cpu_speed_mips": 2663,
      "memory_mb": 79872,
      "cpu_cores": 16,
      "disk_mb": 1024,
      "bandwidth_mbps": 50,
      "vmm": "Xen"
    },
    {
      "id": 9,
      "host_id": 2,
      "cpu_speed_mips": 2546,
      "memory_mb": 82944,
      "cpu_cores": 16,
      "disk_mb": 1024,
      "bandwidth_mbps": 50,
      "vmm": "Xen"
    },
    {
      "id": 10,
      "host_id": 1,
      "cpu_speed_mips": 2996,
      "memory_mb": 81920,
      "cpu_cores": 56,
      "disk_mb": 1024,
      "bandwidth_mbps": 50,
      "vmm": "Xen"
    },
    {
      "id": 11,
      "host_id": 0,
      "cpu_speed_mips": 599,
      "memory_mb": 84992,
      "cpu_cores": 40,
      "disk_mb": 1024,
      "bandwidth_mbps": 50,
      "vmm": "Xen"
    }
  ],
  "hosts": [
    {
      "id": 0,
      "cores": 40,
      "cpu_speed_mips": 512000,
      "power_idle_watt": 85,
      "power_peak_watt": 450,
      "memory_mb": 131072,
      "disk_mb": 12000000,
      "bandwidth_mbps": 2048
    },
    {
      "id": 1,
      "cores": 56,
      "cpu_speed_mips": 604800,
      "power_idle_watt": 50,
      "power_peak_watt": 432,
      "memory_mb": 167936,
      "disk_mb": 10000000,
      "bandwidth_mbps": 1536
    },
    {
      "id": 2,
      "cores": 16,
      "cpu_speed_mips": 187712,
      "power_idle_watt": 116,
      "power_peak_watt": 475,
      "memory_mb": 49152,
      "disk_mb": 10000000,
      "bandwidth_mbps": 1024
    },
    {
      "id": 3,
      "cores": 16,
      "cpu_speed_mips": 187712,
      "power_idle_watt": 116,
      "power_peak_watt": 475,
      "memory_mb": 49152,
      "disk_mb": 10000000,
      "bandwidth_mbps": 1024
    }
  ]
}