{
  "workflows": [
    {
      "id": 0,
      "tasks": [
        {
          "id": 0,
          "workflow_id": 0,
          "length": 55340,
          "req_memory_mb": 30720,
          "req_cpu_cores": 37,
          "child_ids": [
            1,
            2,
            3,
            4,
            6,
            7,
            10,
            12,
            14,
            17,
            18,
            21,
            26,
            27
          ]
        },
        {
          "id": 1,
          "workflow_id": 0,
          "length": 65278,
          "req_memory_mb": 49152,
          "req_cpu_cores": 14,
          "child_ids": [
            9
          ]
        },
        {
          "id": 2,
          "workflow_id": 0,
          "length": 45639,
          "req_memory_mb": 14336,
          "req_cpu_cores": 23,
          "child_ids": []
        },
        {
          "id": 3,
          "workflow_id": 0,
          "length": 68247,
          "req_memory_mb": 99328,
          "req_cpu_cores": 14,
          "child_ids": [
            19
          ]
        },
        {
          "id": 4,
          "workflow_id": 0,
          "length": 33252,
          "req_memory_mb": 60416,
          "req_cpu_cores": 11,
          "child_ids": [
            5
          ]
        },
        {
          "id": 5,
          "workflow_id": 0,
          "length": 28064,
          "req_memory_mb": 7168,
          "req_cpu_cores": 40,
          "child_ids": []
        },
        {
          "id": 6,
          "workflow_id": 0,
          "length": 23241,
          "req_memory_mb": 12288,
          "req_cpu_cores": 34,
          "child_ids": [
            8,
            11,
            15
          ]
        },
        {
          "id": 7,
          "workflow_id": 0,
          "length": 55529,
          "req_memory_mb": 29696,
          "req_cpu_cores": 6,
          "child_ids": [
            22
          ]
        },
        {
          "id": 8,
          "workflow_id": 0,
          "length": 43531,
          "req_memory_mb": 99328,
          "req_cpu_cores": 26,
          "child_ids": [
            13
          ]
        },
        {
          "id": 9,
          "workflow_id": 0,
          "length": 35801,
          "req_memory_mb": 49152,
          "req_cpu_cores": 6,
          "child_ids": []
        },
        {
          "id": 10,
          "workflow_id": 0,
          "length": 74238,
          "req_memory_mb": 58368,
          "req_cpu_cores": 17,
          "child_ids": [
            20
          ]
        },
        {
          "id": 11,
          "workflow_id": 0,
          "length": 35381,
          "req_memory_mb": 29696,
          "req_cpu_cores": 6,
          "child_ids": [
            23
          ]
        },
        {
          "id": 12,
          "workflow_id": 0,
          "length": 52454,
          "req_memory_mb": 99328,
          "req_cpu_cores": 13,
          "child_ids": []
        },
        {
          "id": 13,
          "workflow_id": 0,
          "length": 53952,
          "req_memory_mb": 93184,
          "req_cpu_cores": 40,
          "child_ids": []
        },
        {
          "id": 14,
          "workflow_id": 0,
          "length": 46166,
          "req_memory_mb": 3072,
          "req_cpu_cores": 20,
          "child_ids": [
            24
          ]
        },
        {
          "id": 15,
          "workflow_id": 0,
          "length": 49900,
          "req_memory_mb": 99328,
          "req_cpu_cores": 8,
          "child_ids": [
            16
          ]
        },
        {
          "id": 16,
          "workflow_id": 0,
          "length": 82771,
          "req_memory_mb": 99328,
          "req_cpu_cores": 34,
          "child_ids": []
        },
        {
          "id": 17,
          "workflow_id": 0,
          "length": 58041,
          "req_memory_mb": 99328,
          "req_cpu_cores": 18,
          "child_ids": []
        },
        {
          "id": 18,
          "workflow_id": 0,
          "length": 32775,
          "req_memory_mb": 99328,
          "req_cpu_cores": 5,
          "child_ids": [
            25
          ]
        },
        {
          "id": 19,
          "workflow_id": 0,
          "length": 29409,
          "req_memory_mb": 62464,
          "req_cpu_cores": 34,
          "child_ids": [
            23
          ]
        },
        {
          "id": 20,
          "workflow_id": 0,
          "length": 69039,
          "req_memory_mb": 52224,
          "req_cpu_cores": 31,
          "child_ids": []
        },
        {
          "id": 21,
          "workflow_id": 0,
          "length": 60435,
          "req_memory_mb": 89088,
          "req_cpu_cores": 23,
          "child_ids": [
            22
          ]
        },
        {
          "id": 22,
          "workflow_id": 0,
          "length": 46159,
          "req_memory_mb": 26624,
          "req_cpu_cores": 34,
          "child_ids": []
        },
        {
          "id": 23,
          "workflow_id": 0,
          "length": 46867,
          "req_memory_mb": 29696,
          "req_cpu_cores": 25,
          "child_ids": []
        },
        {
          "id": 24,
          "workflow_id": 0,
          "length": 44473,
          "req_memory_mb": 53248,
          "req_cpu_cores": 6,
          "child_ids": []
        },
        {
          "id": 25,
          "workflow_id": 0,
          "length": 58855,
          "req_memory_mb": 29696,
          "req_cpu_cores": 17,
          "child_ids": []
        },
        {
          "id": 26,
          "workflow_id": 0,
          "length": 63334,
          "req_memory_mb": 7168,
          "req_cpu_cores": 23,
          "child_ids": []
        },
        {
          "id": 27,
          "workflow_id": 0,
          "length": 31389,
          "req_memory_mb": 7168,
          "req_cpu_cores": 14,
          "child_ids": []
        }
      ],
      "arrival_time": 0
    }
  ],
  "vms": [
    {
      "id": 0,
      "host_id": 3,
      "cpu_speed_mips": 1533,
      "memory_mb": 106496,
      "cpu_cores": 16,
      "disk_mb": 1024,
      "bandwidth_mbps": 50,
      "vmm": "Xen"
    },
    {
      "id": 1,
      "host_id": 2,
      "cpu_speed_mips": 4873,
      "memory_mb": 86016,
      "cpu_cores": 16,
      "disk_mb": 1024,
      "bandwidth_mbps": 50,
      "vmm": "Xen"
    },
    {
      "id": 2,
      "host_id": 1,
      "cpu_speed_mips": 3968,
      "memory_mb": 117760,
      "cpu_cores": 56,
      "disk_mb": 1024,
      "bandwidth_mbps": 50,
      "vmm": "Xen"
    },
    {
      "id": 3,
      "host_id": 0,
      "cpu_speed_mips": 1205,
      "memory_mb": 60416,
      "cpu_cores": 40,
      "disk_mb": 1024,
      "bandwidth_mbps": 50,
      "vmm": "Xen"
    },
    {
      "id": 4,
      "host_id": 3,
      "cpu_speed_mips": 3099,
      "memory_mb": 105472,
      "cpu_cores": 16,
      "disk_mb": 1024,
      "bandwidth_mbps": 50,
      "vmm": "Xen"
    },
    {
      "id": 5,
      "host_id": 2,
      "cpu_speed_mips": 2722,
      "memory_mb": 90112,
      "cpu_cores": 16,
      "disk_mb": 1024,
      "bandwidth_mbps": 50,
      "vmm": "Xen"
    },
    {
      "id": 6,
      "host_id": 1,
      "cpu_speed_mips": 3397,
      "memory_mb": 91136,
      "cpu_cores": 56,
      "disk_mb": 1024,
      "bandwidth_mbps": 50,
      "vmm": "Xen"
    },
    {
      "id": 7,
      "host_id": 0,
      "cpu_speed_mips": 1037,
      "memory_mb": 38912,
      "cpu_cores": 40,
      "disk_mb": 1024,
      "bandwidth_mbps": 50,
      "vmm": "Xen"
    },
    {
      "id": 8,
      "host_id": 3,
      "cpu_speed_mips": 2663,
      "memory_mb": 79872,
      "cpu_cores": 16,
      "disk_mb": 1024,
      "bandwidth_mbps": 50,
      "vmm": "Xen"
    },
    {
      "id": 9,
      "host_id": 2,
      "cpu_speed_mips": 2546,
      "memory_mb": 82944,
      "cpu_cores": 16,
      "disk_mb": 1024,
      "bandwidth_mbps": 50,
      "vmm": "Xen"
    },
    {
      "id": 10,
      "host_id": 1,
      "cpu_speed_mips": 2996,
      "memory_mb": 81920,
      "cpu_cores": 56,
      "disk_mb": 1024,
      "bandwidth_mbps": 50,
      "vmm": "Xen"
    },
    {
      "id": 11,
      "host_id": 0,
      "cpu_speed_mips": 599,
      "memory_mb": 84992,
      "cpu_cores": 40,
      "disk_mb": 1024,
      "bandwidth_mbps": 50,
      "vmm": "Xen"
    }
  ],
  "hosts": [
    {
      "id": 0,
      "cores": 40,
      "cpu_speed_mips": 512000,
      "power_idle_watt": 85,
      "power_peak_watt": 450,
      "memory_mb": 131072,
      "disk_mb": 12000000,
      "bandwidth_mbps": 2048
    },
    {
      "id": 1,
      "cores": 56,
      "cpu_speed_mips": 604800,
      "power_idle_watt": 50,
      "power_peak_watt": 432,
      "memory_mb": 167936,
      "disk_mb": 10000000,
      "bandwidth_mbps": 1536
    },
    {
      "id": 2,
      "cores": 16,
      "cpu_speed_mips": 187712,
      "power_idle_watt": 116,
      "power_peak_watt": 475,
      "memory_mb": 49152,
      "disk_mb": 10000000,
      "bandwidth_mbps": 1024
    },
    {
      "id": 3,
      "cores": 16,
      "cpu_speed_mips": 187712,
      "power_idle_watt": 116,
      "power_peak_watt": 475,
      "memory_mb": 49152,
      "disk_mb": 10000000,
      "bandwidth_mbps": 1024
    }
  ]
}