{
  "workflows": [
    {
      "id": 0,
      "tasks": [
        {
          "id": 0,
          "workflow_id": 0,
          "length": 50161,
          "req_memory_mb": 105472,
          "req_cpu_cores": 9,
          "child_ids": [
            1,
            2,
            3,
            4,
            5,
            6,
            7,
            8,
            9,
            10,
            11,
            12,
            14,
            15,
            17,
            21,
            23,
            27,
            29
          ]
        },
        {
          "id": 1,
          "workflow_id": 0,
          "length": 41543,
          "req_memory_mb": 58368,
          "req_cpu_cores": 22,
          "child_ids": [
            18
          ]
        },
        {
          "id": 2,
          "workflow_id": 0,
          "length": 35793,
          "req_memory_mb": 44032,
          "req_cpu_cores": 31,
          "child_ids": []
        },
        {
          "id": 3,
          "workflow_id": 0,
          "length": 60666,
          "req_memory_mb": 23552,
          "req_cpu_cores": 22,
          "child_ids": [
            20
          ]
        },
        {
          "id": 4,
          "workflow_id": 0,
          "length": 43183,
          "req_memory_mb": 11264,
          "req_cpu_cores": 28,
          "child_ids": []
        },
        {
          "id": 5,
          "workflow_id": 0,
          "length": 65349,
          "req_memory_mb": 61440,
          "req_cpu_cores": 22,
          "child_ids": [
            19,
            13
          ]
        },
        {
          "id": 6,
          "workflow_id": 0,
          "length": 36954,
          "req_memory_mb": 49152,
          "req_cpu_cores": 28,
          "child_ids": []
        },
        {
          "id": 7,
          "workflow_id": 0,
          "length": 26334,
          "req_memory_mb": 29696,
          "req_cpu_cores": 9,
          "child_ids": [
            24
          ]
        },
        {
          "id": 8,
          "workflow_id": 0,
          "length": 43494,
          "req_memory_mb": 62464,
          "req_cpu_cores": 26,
          "child_ids": [
            22
          ]
        },
        {
          "id": 9,
          "workflow_id": 0,
          "length": 48270,
          "req_memory_mb": 95232,
          "req_cpu_cores": 15,
          "child_ids": []
        },
        {
          "id": 10,
          "workflow_id": 0,
          "length": 63065,
          "req_memory_mb": 35840,
          "req_cpu_cores": 7,
          "child_ids": []
        },
        {
          "id": 11,
          "workflow_id": 0,
          "length": 29698,
          "req_memory_mb": 92160,
          "req_cpu_cores": 9,
          "child_ids": []
        },
        {
          "id": 12,
          "workflow_id": 0,
          "length": 54842,
          "req_memory_mb": 87040,
          "req_cpu_cores": 31,
          "child_ids": []
        },
        {
          "id": 13,
          "workflow_id": 0,
          "length": 25527,
          "req_memory_mb": 8192,
          "req_cpu_cores": 20,
          "child_ids": [
            16
          ]
        },
        {
          "id": 14,
          "workflow_id": 0,
          "length": 77907,
          "req_memory_mb": 45056,
          "req_cpu_cores": 26,
          "child_ids": []
        },
        {
          "id": 15,
          "workflow_id": 0,
          "length": 64590,
          "req_memory_mb": 56320,
          "req_cpu_cores": 4,
          "child_ids": [
            28
          ]
        },
        {
          "id": 16,
          "workflow_id": 0,
          "length": 62471,
          "req_memory_mb": 33792,
          "req_cpu_cores": 20,
          "child_ids": []
        },
        {
          "id": 17,
          "workflow_id": 0,
          "length": 58357,
          "req_memory_mb": 23552,
          "req_cpu_cores": 2,
          "child_ids": []
        },
        {
          "id": 18,
          "workflow_id": 0,
          "length": 52938,
          "req_memory_mb": 67584,
          "req_cpu_cores": 31,
          "child_ids": [
            26
          ]
        },
        {
          "id": 19,
          "workflow_id": 0,
          "length": 92608,
          "req_memory_mb": 46080,
          "req_cpu_cores": 17,
          "child_ids": []
        },
        {
          "id": 20,
          "workflow_id": 0,
          "length": 33266,
          "req_memory_mb": 1024,
          "req_cpu_cores": 22,
          "child_ids": [
            25
          ]
        },
        {
          "id": 21,
          "workflow_id": 0,
          "length": 40013,
          "req_memory_mb": 33792,
          "req_cpu_cores": 31,
          "child_ids": []
        },
        {
          "id": 22,
          "workflow_id": 0,
          "length": 52101,
          "req_memory_mb": 34816,
          "req_cpu_cores": 17,
          "child_ids": []
        },
        {
          "id": 23,
          "workflow_id": 0,
          "length": 33623,
          "req_memory_mb": 69632,
          "req_cpu_cores": 28,
          "child_ids": []
        },
        {
          "id": 24,
          "workflow_id": 0,
          "length": 64638,
          "req_memory_mb": 107520,
          "req_cpu_cores": 26,
          "child_ids": []
        },
        {
          "id": 25,
          "workflow_id": 0,
          "length": 40360,
          "req_memory_mb": 48128,
          "req_cpu_cores": 20,
          "child_ids": []
        },
        {
          "id": 26,
          "workflow_id": 0,
          "length": 53941,
          "req_memory_mb": 50176,
          "req_cpu_cores": 13,
          "child_ids": []
        },
        {
          "id": 27,
          "workflow_id": 0,
          "length": 40529,
          "req_memory_mb": 68608,
          "req_cpu_cores": 13,
          "child_ids": []
        },
        {
          "id": 28,
          "workflow_id": 0,
          "length": 54940,
          "req_memory_mb": 5120,
          "req_cpu_cores": 17,
          "child_ids": []
        },
        {
          "id": 29,
          "workflow_id": 0,
          "length": 51839,
          "req_memory_mb": 82944,
          "req_cpu_cores": 11,
          "child_ids": []
        }
      ],
      "arrival_time": 0
    }
  ],
  "vms": [
    {
      "id": 0,
      "host_id": 3,
      "cpu_speed_mips": 1533,
      "memory_mb": 106496,
      "cpu_cores": 16,
      "disk_mb": 1024,
      "bandwidth_mbps": 50,
      "vmm": "Xen"
    },
    {
      "id": 1,
      "host_id": 2,
      "cpu_speed_mips": 4873,
      "memory_mb": 86016,
      "cpu_cores": 16,
      "disk_mb": 1024,
      "bandwidth_mbps": 50,
      "vmm": "Xen"
    },
    {
      "id": 2,
      "host_id": 1,
      "cpu_speed_mips": 3968,
      "memory_mb": 117760,
      "cpu_cores": 56,
      "disk_mb": 1024,
      "bandwidth_mbps": 50,
      "vmm": "Xen"
    },
    {
      "id": 3,
      "host_id": 0,
      "cpu_speed_mips": 1205,
      "memory_mb": 60416,
      "cpu_cores": 40,
      "disk_mb": 1024,
      "bandwidth_mbps": 50,
      "vmm": "Xen"
    },
    {
      "id": 4,
      "host_id": 3,
      "cpu_speed_mips": 3099,
      "memory_mb": 105472,
      "cpu_cores": 16,
      "disk_mb": 1024,
      "bandwidth_mbps": 50,
      "vmm": "Xen"
    },
    {
      "id": 5,
      "host_id": 2,
      "cpu_speed_mips": 2722,
      "memory_mb": 90112,
      "cpu_cores": 16,
      "disk_mb": 1024,
      "bandwidth_mbps": 50,
      "vmm": "Xen"
    },
    {
      "id": 6,
      "host_id": 1,
      "cpu_speed_mips": 3397,
      "memory_mb": 91136,
      "cpu_cores": 56,
      "disk_mb": 1024,
      "bandwidth_mbps": 50,
      "vmm": "Xen"
    },
    {
      "id": 7,
      "host_id": 0,
      "cpu_speed_mips": 1037,
      "memory_mb": 38912,
      "cpu_cores": 40,
      "disk_mb": 1024,
      "bandwidth_mbps": 50,
      "vmm": "Xen"
    },
    {
      "id": 8,
      "host_id": 3,
      "cpu_speed_mips": 2663,
      "memory_mb": 79872,
      "cpu_cores": 16,
      "disk_mb": 1024,
      "bandwidth_mbps": 50,
      "vmm": "Xen"
    },
    {
      "id": 9,
      "host_id": 2,
      "cpu_speed_mips": 2546,
      "memory_mb": 82944,
      "cpu_cores": 16,
      "disk_mb": 1024,
      "bandwidth_mbps": 50,
      "vmm": "Xen"
    },
    {
      "id": 10,
      "host_id": 1,
      "cpu_speed_mips": 2996,
      "memory_mb": 81920,
      "cpu_cores": 56,
      "disk_mb": 1024,
      "bandwidth_mbps": 50,
      "vmm": "Xen"
    },
    {
      "id": 11,
      "host_id": 0,
      "cpu_speed_mips": 599,
      "memory_mb": 84992,
      "cpu_cores": 40,
      "disk_mb": 1024,
      "bandwidth_mbps": 50,
      "vmm": "Xen"
    }
  ],
  "hosts": [
    {
      "id": 0,
      "cores": 40,
      "cpu_speed_mips": 512000,
      "power_idle_watt": 85,
      "power_peak_watt": 450,
      "memory_mb": 131072,
      "disk_mb": 12000000,
      "bandwidth_mbps": 2048
    },
    {
      "id": 1,
      "cores": 56,
      "cpu_speed_mips": 604800,
      "power_idle_watt": 50,
      "power_peak_watt": 432,
      "memory_mb": 167936,
      "disk_mb": 10000000,
      "bandwidth_mbps": 1536
    },
    {
      "id": 2,
      "cores": 16,
      "cpu_speed_mips": 187712,
      "power_idle_watt": 116,
      "power_peak_watt": 475,
      "memory_mb": 49152,
      "disk_mb": 10000000,
      "bandwidth_mbps": 1024
    },
    {
      "id": 3,
      "cores": 16,
      "cpu_speed_mips": 187712,
      "power_idle_watt": 116,
      "power_peak_watt": 475,
      "memory_mb": 49152,
      "disk_mb": 10000000,
      "bandwidth_mbps": 1024
    }
  ]
}