{
  "workflows": [
    {
      "id": 0,
      "tasks": [
        {
          "id": 0,
          "workflow_id": 0,
          "length": 40873,
          "req_memory_mb": 46080,
          "req_cpu_cores": 10,
          "child_ids": [
            1,
            2,
            3,
            4,
            5,
            6,
            8,
            9,
            10,
            11,
            13,
            14,
            15,
            16,
            19,
            21,
            23,
            24,
            25
          ]
        },
        {
          "id": 1,
          "workflow_id": 0,
          "length": 77973,
          "req_memory_mb": 41984,
          "req_cpu_cores": 17,
          "child_ids": [
            26
          ]
        },
        {
          "id": 2,
          "workflow_id": 0,
          "length": 29304,
          "req_memory_mb": 64512,
          "req_cpu_cores": 23,
          "child_ids": [
            22
          ]
        },
        {
          "id": 3,
          "workflow_id": 0,
          "length": 40455,
          "req_memory_mb": 46080,
          "req_cpu_cores": 10,
          "child_ids": []
        },
        {
          "id": 4,
          "workflow_id": 0,
          "length": 46390,
          "req_memory_mb": 57344,
          "req_cpu_cores": 21,
          "child_ids": [
            27,
            7
          ]
        },
        {
          "id": 5,
          "workflow_id": 0,
          "length": 55592,
          "req_memory_mb": 59392,
          "req_cpu_cores": 15,
          "child_ids": [
            7
          ]
        },
        {
          "id": 6,
          "workflow_id": 0,
          "length": 55244,
          "req_memory_mb": 29696,
          "req_cpu_cores": 4,
          "child_ids": []
        },
        {
          "id": 7,
          "workflow_id": 0,
          "length": 73298,
          "req_memory_mb": 5120,
          "req_cpu_cores": 15,
          "child_ids": [
            18
          ]
        },
        {
          "id": 8,
          "workflow_id": 0,
          "length": 58335,
          "req_memory_mb": 41984,
          "req_cpu_cores": 15,
          "child_ids": [
            12
          ]
        },
        {
          "id": 9,
          "workflow_id": 0,
          "length": 56360,
          "req_memory_mb": 51200,
          "req_cpu_cores": 17,
          "child_ids": []
        },
        {
          "id": 10,
          "workflow_id": 0,
          "length": 36554,
          "req_memory_mb": 64512,
          "req_cpu_cores": 19,
          "child_ids": [
            20
          ]
        },
        {
          "id": 11,
          "workflow_id": 0,
          "length": 55104,
          "req_memory_mb": 5120,
          "req_cpu_cores": 15,
          "child_ids": [
            17
          ]
        },
        {
          "id": 12,
          "workflow_id": 0,
          "length": 63315,
          "req_memory_mb": 74752,
          "req_cpu_cores": 25,
          "child_ids": []
        },
        {
          "id": 13,
          "workflow_id": 0,
          "length": 55808,
          "req_memory_mb": 4096,
          "req_cpu_cores": 17,
          "child_ids": []
        },
        {
          "id": 14,
          "workflow_id": 0,
          "length": 47373,
          "req_memory_mb": 4096,
          "req_cpu_cores": 25,
          "child_ids": []
        },
        {
          "id": 15,
          "workflow_id": 0,
          "length": 52546,
          "req_memory_mb": 24576,
          "req_cpu_cores": 27,
          "child_ids": []
        },
        {
          "id": 16,
          "workflow_id": 0,
          "length": 28008,
          "req_memory_mb": 25600,
          "req_cpu_cores": 21,
          "child_ids": [
            18
          ]
        },
        {
          "id": 17,
          "workflow_id": 0,
          "length": 24385,
          "req_memory_mb": 6144,
          "req_cpu_cores": 8,
          "child_ids": []
        },
        {
          "id": 18,
          "workflow_id": 0,
          "length": 44321,
          "req_memory_mb": 75776,
          "req_cpu_cores": 12,
          "child_ids": []
        },
        {
          "id": 19,
          "workflow_id": 0,
          "length": 72746,
          "req_memory_mb": 34816,
          "req_cpu_cores": 15,
          "child_ids": []
        },
        {
          "id": 20,
          "workflow_id": 0,
          "length": 61880,
          "req_memory_mb": 12288,
          "req_cpu_cores": 19,
          "child_ids": []
        },
        {
          "id": 21,
          "workflow_id": 0,
          "length": 41965,
          "req_memory_mb": 73728,
          "req_cpu_cores": 15,
          "child_ids": []
        },
        {
          "id": 22,
          "workflow_id": 0,
          "length": 36475,
          "req_memory_mb": 81920,
          "req_cpu_cores": 15,
          "child_ids": []
        },
        {
          "id": 23,
          "workflow_id": 0,
          "length": 15129,
          "req_memory_mb": 58368,
          "req_cpu_cores": 8,
          "child_ids": []
        },
        {
          "id": 24,
          "workflow_id": 0,
          "length": 46639,
          "req_memory_mb": 80896,
          "req_cpu_cores": 4,
          "child_ids": []
        },
        {
          "id": 25,
          "workflow_id": 0,
          "length": 50445,
          "req_memory_mb": 70656,
          "req_cpu_cores": 23,
          "child_ids": []
        },
        {
          "id": 26,
          "workflow_id": 0,
          "length": 75150,
          "req_memory_mb": 61440,
          "req_cpu_cores": 21,
          "child_ids": []
        },
        {
          "id": 27,
          "workflow_id": 0,
          "length": 54503,
          "req_memory_mb": 20480,
          "req_cpu_cores": 15,
          "child_ids": []
        }
      ],
      "arrival_time": 0
    }
  ],
  "vms": [
    {
      "id": 0,
      "host_id": 3,
      "cpu_speed_mips": 1533,
      "memory_mb": 106496,
      "cpu_cores": 16,
      "disk_mb": 1024,
      "bandwidth_mbps": 50,
      "vmm": "Xen"
    },
    {
      "id": 1,
      "host_id": 2,
      "cpu_speed_mips": 4873,
      "memory_mb": 86016,
      "cpu_cores": 16,
      "disk_mb": 1024,
      "bandwidth_mbps": 50,
      "vmm": "Xen"
    },
    {
      "id": 2,
      "host_id": 1,
      "cpu_speed_mips": 3968,
      "memory_mb": 117760,
      "cpu_cores": 56,
      "disk_mb": 1024,
      "bandwidth_mbps": 50,
      "vmm": "Xen"
    },
    {
      "id": 3,
      "host_id": 0,
      "cpu_speed_mips": 1205,
      "memory_mb": 60416,
      "cpu_cores": 40,
      "disk_mb": 1024,
      "bandwidth_mbps": 50,
      "vmm": "Xen"
    },
    {
      "id": 4,
      "host_id": 3,
      "cpu_speed_mips": 3099,
      "memory_mb": 105472,
      "cpu_cores": 16,
      "disk_mb": 1024,
      "bandwidth_mbps": 50,
      "vmm": "Xen"
    },
    {
      "id": 5,
      "host_id": 2,
      "cpu_speed_mips": 2722,
      "memory_mb": 90112,
      "cpu_cores": 16,
      "disk_mb": 1024,
      "bandwidth_mbps": 50,
      "vmm": "Xen"
    },
    {
      "id": 6,
      "host_id": 1,
      "cpu_speed_mips": 3397,
      "memory_mb": 91136,
      "cpu_cores": 56,
      "disk_mb": 1024,
      "bandwidth_mbps": 50,
      "vmm": "Xen"
    },
    {
      "id": 7,
      "host_id": 0,
      "cpu_speed_mips": 1037,
      "memory_mb": 38912,
      "cpu_cores": 40,
      "disk_mb": 1024,
      "bandwidth_mbps": 50,
      "vmm": "Xen"
    },
    {
      "id": 8,
      "host_id": 3,
      "cpu_speed_mips": 2663,
      "memory_mb": 79872,
      "cpu_cores": 16,
      "disk_mb": 1024,
      "bandwidth_mbps": 50,
      "vmm": "Xen"
    },
    {
      "id": 9,
      "host_id": 2,
      "cpu_speed_mips": 2546,
      "memory_mb": 82944,
      "cpu_cores": 16,
      "disk_mb": 1024,
      "bandwidth_mbps": 50,
      "vmm": "Xen"
    },
    {
      "id": 10,
      "host_id": 1,
      "cpu_speed_mips": 2996,
      "memory_mb": 81920,
      "cpu_cores": 56,
      "disk_mb": 1024,
      "bandwidth_mbps": 50,
      "vmm": "Xen"
    },
    {
      "id": 11,
      "host_id": 0,
      "cpu_speed_mips": 599,
      "memory_mb": 84992,
      "cpu_cores": 40,
      "disk_mb": 1024,
      "bandwidth_mbps": 50,
      "vmm": "Xen"
    }
  ],
  "hosts": [
    {
      "id": 0,
      "cores": 40,
      "cpu_speed_mips": 512000,
      "power_idle_watt": 85,
      "power_peak_watt": 450,
      "memory_mb": 131072,
      "disk_mb": 12000000,
      "bandwidth_mbps": 2048
    },
    {
      "id": 1,
      "cores": 56,
      "cpu_speed_mips": 604800,
      "power_idle_watt": 50,
      "power_peak_watt": 432,
      "memory_mb": 167936,
      "disk_mb": 10000000,
      "bandwidth_mbps": 1536
    },
    {
      "id": 2,
      "cores": 16,
      "cpu_speed_mips": 187712,
      "power_idle_watt": 116,
      "power_peak_watt": 475,
      "memory_mb": 49152,
      "disk_mb": 10000000,
      "bandwidth_mbps": 1024
    },
    {
      "id": 3,
      "cores": 16,
      "cpu_speed_mips": 187712,
      "power_idle_watt": 116,
      "power_peak_watt": 475,
      "memory_mb": 49152,
      "disk_mb": 10000000,
      "bandwidth_mbps": 1024
    }
  ]
}