{
  "workflows": [
    {
      "id": 0,
      "tasks": [
        {
          "id": 0,
          "workflow_id": 0,
          "length": 49685,
          "req_memory_mb": 21504,
          "req_cpu_cores": 35,
          "child_ids": [
            1,
            3,
            4,
            6,
            7,
            8,
            10,
            11,
            12,
            15,
            16,
            17,
            18,
            19,
            20,
            21,
            22,
            26,
            27
          ]
        },
        {
          "id": 1,
          "workflow_id": 0,
          "length": 39923,
          "req_memory_mb": 40960,
          "req_cpu_cores": 8,
          "child_ids": [
            2,
            14
          ]
        },
        {
          "id": 2,
          "workflow_id": 0,
          "length": 25045,
          "req_memory_mb": 39936,
          "req_cpu_cores": 28,
          "child_ids": []
        },
        {
          "id": 3,
          "workflow_id": 0,
          "length": 75693,
          "req_memory_mb": 69632,
          "req_cpu_cores": 18,
          "child_ids": [
            9,
            5
          ]
        },
        {
          "id": 4,
          "workflow_id": 0,
          "length": 76111,
          "req_memory_mb": 71680,
          "req_cpu_cores": 15,
          "child_ids": [
            9,
            23
          ]
        },
        {
          "id": 5,
          "workflow_id": 0,
          "length": 68607,
          "req_memory_mb": 9216,
          "req_cpu_cores": 5,
          "child_ids": []
        },
        {
          "id": 6,
          "workflow_id": 0,
          "length": 60348,
          "req_memory_mb": 83968,
          "req_cpu_cores": 3,
          "child_ids": []
        },
        {
          "id": 7,
          "workflow_id": 0,
          "length": 61086,
          "req_memory_mb": 11264,
          "req_cpu_cores": 30,
          "child_ids": []
        },
        {
          "id": 8,
          "workflow_id": 0,
          "length": 47496,
          "req_memory_mb": 7168,
          "req_cpu_cores": 25,
          "child_ids": []
        },
        {
          "id": 9,
          "workflow_id": 0,
          "length": 31117,
          "req_memory_mb": 4096,
          "req_cpu_cores": 3,
          "child_ids": [
            13
          ]
        },
        {
          "id": 10,
          "workflow_id": 0,
          "length": 38759,
          "req_memory_mb": 79872,
          "req_cpu_cores": 20,
          "child_ids": []
        },
        {
          "id": 11,
          "workflow_id": 0,
          "length": 37631,
          "req_memory_mb": 32768,
          "req_cpu_cores": 28,
          "child_ids": []
        },
        {
          "id": 12,
          "workflow_id": 0,
          "length": 21357,
          "req_memory_mb": 37888,
          "req_cpu_cores": 8,
          "child_ids": []
        },
        {
          "id": 13,
          "workflow_id": 0,
          "length": 40479,
          "req_memory_mb": 45056,
          "req_cpu_cores": 20,
          "child_ids": [
            28
          ]
        },
        {
          "id": 14,
          "workflow_id": 0,
          "length": 42124,
          "req_memory_mb": 51200,
          "req_cpu_cores": 13,
          "child_ids": [
            24
          ]
        },
        {
          "id": 15,
          "workflow_id": 0,
          "length": 56814,
          "req_memory_mb": 23552,
          "req_cpu_cores": 33,
          "child_ids": []
        },
        {
          "id": 16,
          "workflow_id": 0,
          "length": 45680,
          "req_memory_mb": 71680,
          "req_cpu_cores": 8,
          "child_ids": []
        },
        {
          "id": 17,
          "workflow_id": 0,
          "length": 64158,
          "req_memory_mb": 72704,
          "req_cpu_cores": 15,
          "child_ids": [
            28
          ]
        },
        {
          "id": 18,
          "workflow_id": 0,
          "length": 39317,
          "req_memory_mb": 31744,
          "req_cpu_cores": 25,
          "child_ids": []
        },
        {
          "id": 19,
          "workflow_id": 0,
          "length": 73509,
          "req_memory_mb": 45056,
          "req_cpu_cores": 5,
          "child_ids": []
        },
        {
          "id": 20,
          "workflow_id": 0,
          "length": 43982,
          "req_memory_mb": 34816,
          "req_cpu_cores": 10,
          "child_ids": []
        },
        {
          "id": 21,
          "workflow_id": 0,
          "length": 47595,
          "req_memory_mb": 24576,
          "req_cpu_cores": 5,
          "child_ids": []
        },
        {
          "id": 22,
          "workflow_id": 0,
          "length": 19496,
          "req_memory_mb": 47104,
          "req_cpu_cores": 13,
          "child_ids": []
        },
        {
          "id": 23,
          "workflow_id": 0,
          "length": 51590,
          "req_memory_mb": 52224,
          "req_cpu_cores": 25,
          "child_ids": [
            25
          ]
        },
        {
          "id": 24,
          "workflow_id": 0,
          "length": 87808,
          "req_memory_mb": 88064,
          "req_cpu_cores": 25,
          "child_ids": []
        },
        {
          "id": 25,
          "workflow_id": 0,
          "length": 53722,
          "req_memory_mb": 19456,
          "req_cpu_cores": 13,
          "child_ids": []
        },
        {
          "id": 26,
          "workflow_id": 0,
          "length": 26809,
          "req_memory_mb": 78848,
          "req_cpu_cores": 13,
          "child_ids": []
        },
        {
          "id": 27,
          "workflow_id": 0,
          "length": 54478,
          "req_memory_mb": 61440,
          "req_cpu_cores": 20,
          "child_ids": []
        },
        {
          "id": 28,
          "workflow_id": 0,
          "length": 65494,
          "req_memory_mb": 65536,
          "req_cpu_cores": 28,
          "child_ids": []
        }
      ],
      "arrival_time": 0
    }
  ],
  "vms": [
    {
      "id": 0,
      "host_id": 3,
      "cpu_speed_mips": 1533,
      "memory_mb": 106496,
      "cpu_cores": 16,
      "disk_mb": 1024,
      "bandwidth_mbps": 50,
      "vmm": "Xen"
    },
    {
      "id": 1,
      "host_id": 2,
      "cpu_speed_mips": 4873,
      "memory_mb": 86016,
      "cpu_cores": 16,
      "disk_mb": 1024,
      "bandwidth_mbps": 50,
      "vmm": "Xen"
    },
    {
      "id": 2,
      "host_id": 1,
      "cpu_speed_mips": 3968,
      "memory_mb": 117760,
      "cpu_cores": 56,
      "disk_mb": 1024,
      "bandwidth_mbps": 50,
      "vmm": "Xen"
    },
    {
      "id": 3,
      "host_id": 0,
      "cpu_speed_mips": 1205,
      "memory_mb": 60416,
      "cpu_cores": 40,
      "disk_mb": 1024,
      "bandwidth_mbps": 50,
      "vmm": "Xen"
    },
    {
      "id": 4,
      "host_id": 3,
      "cpu_speed_mips": 3099,
      "memory_mb": 105472,
      "cpu_cores": 16,
      "disk_mb": 1024,
      "bandwidth_mbps": 50,
      "vmm": "Xen"
    },
    {
      "id": 5,
      "host_id": 2,
      "cpu_speed_mips": 2722,
      "memory_mb": 90112,
      "cpu_cores": 16,
      "disk_mb": 1024,
      "bandwidth_mbps": 50,
      "vmm": "Xen"
    },
    {
      "id": 6,
      "host_id": 1,
      "cpu_speed_mips": 3397,
      "memory_mb": 91136,
      "cpu_cores": 56,
      "disk_mb": 1024,
      "bandwidth_mbps": 50,
      "vmm": "Xen"
    },
    {
      "id": 7,
      "host_id": 0,
      "cpu_speed_mips": 1037,
      "memory_mb": 38912,
      "cpu_cores": 40,
      "disk_mb": 1024,
      "bandwidth_mbps": 50,
      "vmm": "Xen"
    },
    {
      "id": 8,
      "host_id": 3,
      "cpu_speed_mips": 2663,
      "memory_mb": 79872,
      "cpu_cores": 16,
      "disk_mb": 1024,
      "bandwidth_mbps": 50,
      "vmm": "Xen"
    },
    {
      "id": 9,
      "host_id": 2,
      "cpu_speed_mips": 2546,
      "memory_mb": 82944,
      "cpu_cores": 16,
      "disk_mb": 1024,
      "bandwidth_mbps": 50,
      "vmm": "Xen"
    },
    {
      "id": 10,
      "host_id": 1,
      "cpu_speed_mips": 2996,
      "memory_mb": 81920,
      "cpu_cores": 56,
      "disk_mb": 1024,
      "bandwidth_mbps": 50,
      "vmm": "Xen"
    },
    {
      "id": 11,
      "host_id": 0,
      "cpu_speed_mips": 599,
      "memory_mb": 84992,
      "cpu_cores": 40,
      "disk_mb": 1024,
      "bandwidth_mbps": 50,
      "vmm": "Xen"
    }
  ],
  "hosts": [
    {
      "id": 0,
      "cores": 40,
      "cpu_speed_mips": 512000,
      "power_idle_watt": 85,
      "power_peak_watt": 450,
      "memory_mb": 131072,
      "disk_mb": 12000000,
      "bandwidth_mbps": 2048
    },
    {
      "id": 1,
      "cores": 56,
      "cpu_speed_mips": 604800,
      "power_idle_watt": 50,
      "power_peak_watt": 432,
      "memory_mb": 167936,
      "disk_mb": 10000000,
      "bandwidth_mbps": 1536
    },
    {
      "id": 2,
      "cores": 16,
      "cpu_speed_mips": 187712,
      "power_idle_watt": 116,
      "power_peak_watt": 475,
      "memory_mb": 49152,
      "disk_mb": 10000000,
      "bandwidth_mbps": 1024
    },
    {
      "id": 3,
      "cores": 16,
      "cpu_speed_mips": 187712,
      "power_idle_watt": 116,
      "power_peak_watt": 475,
      "memory_mb": 49152,
      "disk_mb": 10000000,
      "bandwidth_mbps": 1024
    }
  ]
}