{
  "workflows": [
    {
      "id": 0,
      "tasks": [
        {
          "id": 0,
          "workflow_id": 0,
          "length": 71135,
          "req_memory_mb": 33792,
          "req_cpu_cores": 30,
          "child_ids": [
            1,
            2,
            3,
            4,
            5,
            6,
            7,
            8,
            9,
            12,
            13,
            14,
            15,
            16,
            17,
            18,
            19,
            20,
            21
          ]
        },
        {
          "id": 1,
          "workflow_id": 0,
          "length": 33270,
          "req_memory_mb": 73728,
          "req_cpu_cores": 22,
          "child_ids": [
            24,
            10,
            22
          ]
        },
        {
          "id": 2,
          "workflow_id": 0,
          "length": 57000,
          "req_memory_mb": 35840,
          "req_cpu_cores": 3,
          "child_ids": []
        },
        {
          "id": 3,
          "workflow_id": 0,
          "length": 66619,
          "req_memory_mb": 88064,
          "req_cpu_cores": 5,
          "child_ids": []
        },
        {
          "id": 4,
          "workflow_id": 0,
          "length": 36451,
          "req_memory_mb": 44032,
          "req_cpu_cores": 24,
          "child_ids": []
        },
        {
          "id": 5,
          "workflow_id": 0,
          "length": 68904,
          "req_memory_mb": 86016,
          "req_cpu_cores": 24,
          "child_ids": []
        },
        {
          "id": 6,
          "workflow_id": 0,
          "length": 33574,
          "req_memory_mb": 17408,
          "req_cpu_cores": 14,
          "child_ids": []
        },
        {
          "id": 7,
          "workflow_id": 0,
          "length": 44322,
          "req_memory_mb": 53248,
          "req_cpu_cores": 19,
          "child_ids": []
        },
        {
          "id": 8,
          "workflow_id": 0,
          "length": 30441,
          "req_memory_mb": 63488,
          "req_cpu_cores": 33,
          "child_ids": [
            25,
            23
          ]
        },
        {
          "id": 9,
          "workflow_id": 0,
          "length": 47268,
          "req_memory_mb": 73728,
          "req_cpu_cores": 3,
          "child_ids": []
        },
        {
          "id": 10,
          "workflow_id": 0,
          "length": 52481,
          "req_memory_mb": 23552,
          "req_cpu_cores": 19,
          "child_ids": [
            11,
            23
          ]
        },
        {
          "id": 11,
          "workflow_id": 0,
          "length": 39457,
          "req_memory_mb": 16384,
          "req_cpu_cores": 3,
          "child_ids": []
        },
        {
          "id": 12,
          "workflow_id": 0,
          "length": 65622,
          "req_memory_mb": 53248,
          "req_cpu_cores": 5,
          "child_ids": []
        },
        {
          "id": 13,
          "workflow_id": 0,
          "length": 30354,
          "req_memory_mb": 3072,
          "req_cpu_cores": 24,
          "child_ids": []
        },
        {
          "id": 14,
          "workflow_id": 0,
          "length": 86354,
          "req_memory_mb": 30720,
          "req_cpu_cores": 27,
          "child_ids": []
        },
        {
          "id": 15,
          "workflow_id": 0,
          "length": 39302,
          "req_memory_mb": 77824,
          "req_cpu_cores": 38,
          "child_ids": [
            25
          ]
        },
        {
          "id": 16,
          "workflow_id": 0,
          "length": 31153,
          "req_memory_mb": 51200,
          "req_cpu_cores": 5,
          "child_ids": []
        },
        {
          "id": 17,
          "workflow_id": 0,
          "length": 60573,
          "req_memory_mb": 73728,
          "req_cpu_cores": 14,
          "child_ids": []
        },
        {
          "id": 18,
          "workflow_id": 0,
          "length": 82188,
          "req_memory_mb": 8192,
          "req_cpu_cores": 27,
          "child_ids": []
        },
        {
          "id": 19,
          "workflow_id": 0,
          "length": 53602,
          "req_memory_mb": 72704,
          "req_cpu_cores": 24,
          "child_ids": []
        },
        {
          "id": 20,
          "workflow_id": 0,
          "length": 43933,
          "req_memory_mb": 80896,
          "req_cpu_cores": 8,
          "child_ids": []
        },
        {
          "id": 21,
          "workflow_id": 0,
          "length": 28667,
          "req_memory_mb": 87040,
          "req_cpu_cores": 16,
          "child_ids": []
        },
        {
          "id": 22,
          "workflow_id": 0,
          "length": 30912,
          "req_memory_mb": 43008,
          "req_cpu_cores": 24,
          "child_ids": []
        },
        {
          "id": 23,
          "workflow_id": 0,
          "length": 74513,
          "req_memory_mb": 27648,
          "req_cpu_cores": 24,
          "child_ids": []
        },
        {
          "id": 24,
          "workflow_id": 0,
          "length": 55997,
          "req_memory_mb": 88064,
          "req_cpu_cores": 24,
          "child_ids": []
        },
        {
          "id": 25,
          "workflow_id": 0,
          "length": 49069,
          "req_memory_mb": 13312,
          "req_cpu_cores": 35,
          "child_ids": []
        }
      ],
      "arrival_time": 0
    }
  ],
  "vms": [
    {
      "id": 0,
      "host_id": 3,
      "cpu_speed_mips": 1533,
      "memory_mb": 106496,
      "cpu_cores": 16,
      "disk_mb": 1024,
      "bandwidth_mbps": 50,
      "vmm": "Xen"
    },
    {
      "id": 1,
      "host_id": 2,
      "cpu_speed_mips": 4873,
      "memory_mb": 86016,
      "cpu_cores": 16,
      "disk_mb": 1024,
      "bandwidth_mbps": 50,
      "vmm": "Xen"
    },
    {
      "id": 2,
      "host_id": 1,
      "cpu_speed_mips": 3968,
      "memory_mb": 117760,
      "cpu_cores": 56,
      "disk_mb": 1024,
      "bandwidth_mbps": 50,
      "vmm": "Xen"
    },
    {
      "id": 3,
      "host_id": 0,
      "cpu_speed_mips": 1205,
      "memory_mb": 60416,
      "cpu_cores": 40,
      "disk_mb": 1024,
      "bandwidth_mbps": 50,
      "vmm": "Xen"
    },
    {
      "id": 4,
      "host_id": 3,
      "cpu_speed_mips": 3099,
      "memory_mb": 105472,
      "cpu_cores": 16,
      "disk_mb": 1024,
      "bandwidth_mbps": 50,
      "vmm": "Xen"
    },
    {
      "id": 5,
      "host_id": 2,
      "cpu_speed_mips": 2722,
      "memory_mb": 90112,
      "cpu_cores": 16,
      "disk_mb": 1024,
      "bandwidth_mbps": 50,
      "vmm": "Xen"
    },
    {
      "id": 6,
      "host_id": 1,
      "cpu_speed_mips": 3397,
      "memory_mb": 91136,
      "cpu_cores": 56,
      "disk_mb": 1024,
      "bandwidth_mbps": 50,
      "vmm": "Xen"
    },
    {
      "id": 7,
      "host_id": 0,
      "cpu_speed_mips": 1037,
      "memory_mb": 38912,
      "cpu_cores": 40,
      "disk_mb": 1024,
      "bandwidth_mbps": 50,
      "vmm": "Xen"
    },
    {
      "id": 8,
      "host_id": 3,
      "cpu_speed_mips": 2663,
      "memory_mb": 79872,
      "cpu_cores": 16,
      "disk_mb": 1024,
      "bandwidth_mbps": 50,
      "vmm": "Xen"
    },
    {
      "id": 9,
      "host_id": 2,
      "cpu_speed_mips": 2546,
      "memory_mb": 82944,
      "cpu_cores": 16,
      "disk_mb": 1024,
      "bandwidth_mbps": 50,
      "vmm": "Xen"
    },
    {
      "id": 10,
      "host_id": 1,
      "cpu_speed_mips": 2996,
      "memory_mb": 81920,
      "cpu_cores": 56,
      "disk_mb": 1024,
      "bandwidth_mbps": 50,
      "vmm": "Xen"
    },
    {
      "id": 11,
      "host_id": 0,
      "cpu_speed_mips": 599,
      "memory_mb": 84992,
      "cpu_cores": 40,
      "disk_mb": 1024,
      "bandwidth_mbps": 50,
      "vmm": "Xen"
    }
  ],
  "hosts": [
    {
      "id": 0,
      "cores": 40,
      "cpu_speed_mips": 512000,
      "power_idle_watt": 85,
      "power_peak_watt": 450,
      "memory_mb": 131072,
      "disk_mb": 12000000,
      "bandwidth_mbps": 2048
    },
    {
      "id": 1,
      "cores": 56,
      "cpu_speed_mips": 604800,
      "power_idle_watt": 50,
      "power_peak_watt": 432,
      "memory_mb": 167936,
      "disk_mb": 10000000,
      "bandwidth_mbps": 1536
    },
    {
      "id": 2,
      "cores": 16,
      "cpu_speed_mips": 187712,
      "power_idle_watt": 116,
      "power_peak_watt": 475,
      "memory_mb": 49152,
      "disk_mb": 10000000,
      "bandwidth_mbps": 1024
    },
    {
      "id": 3,
      "cores": 16,
      "cpu_speed_mips": 187712,
      "power_idle_watt": 116,
      "power_peak_watt": 475,
      "memory_mb": 49152,
      "disk_mb": 10000000,
      "bandwidth_mbps": 1024
    }
  ]
}