{
  "workflows": [
    {
      "id": 0,
      "tasks": [
        {
          "id": 0,
          "workflow_id": 0,
          "length": 35756,
          "req_memory_mb": 39936,
          "req_cpu_cores": 29,
          "child_ids": [
            1,
            2,
            3,
            4,
            5,
            6,
            7,
            8,
            9,
            10,
            11,
            12,
            15,
            17,
            18,
            20,
            22,
            26
          ]
        },
        {
          "id": 1,
          "workflow_id": 0,
          "length": 60160,
          "req_memory_mb": 66560,
          "req_cpu_cores": 29,
          "child_ids": []
        },
        {
          "id": 2,
          "workflow_id": 0,
          "length": 40776,
          "req_memory_mb": 43008,
          "req_cpu_cores": 12,
          "child_ids": []
        },
        {
          "id": 3,
          "workflow_id": 0,
          "length": 34701,
          "req_memory_mb": 25600,
          "req_cpu_cores": 12,
          "child_ids": [
            14
          ]
        },
        {
          "id": 4,
          "workflow_id": 0,
          "length": 62659,
          "req_memory_mb": 64512,
          "req_cpu_cores": 10,
          "child_ids": [
            24
          ]
        },
        {
          "id": 5,
          "workflow_id": 0,
          "length": 51043,
          "req_memory_mb": 11264,
          "req_cpu_cores": 14,
          "child_ids": []
        },
        {
          "id": 6,
          "workflow_id": 0,
          "length": 45874,
          "req_memory_mb": 101376,
          "req_cpu_cores": 22,
          "child_ids": [
            16
          ]
        },
        {
          "id": 7,
          "workflow_id": 0,
          "length": 42807,
          "req_memory_mb": 30720,
          "req_cpu_cores": 31,
          "child_ids": []
        },
        {
          "id": 8,
          "workflow_id": 0,
          "length": 50926,
          "req_memory_mb": 68608,
          "req_cpu_cores": 14,
          "child_ids": []
        },
        {
          "id": 9,
          "workflow_id": 0,
          "length": 49517,
          "req_memory_mb": 43008,
          "req_cpu_cores": 34,
          "child_ids": [
            13,
            23
          ]
        },
        {
          "id": 10,
          "workflow_id": 0,
          "length": 52849,
          "req_memory_mb": 53248,
          "req_cpu_cores": 5,
          "child_ids": [
            14
          ]
        },
        {
          "id": 11,
          "workflow_id": 0,
          "length": 72858,
          "req_memory_mb": 55296,
          "req_cpu_cores": 17,
          "child_ids": []
        },
        {
          "id": 12,
          "workflow_id": 0,
          "length": 57336,
          "req_memory_mb": 8192,
          "req_cpu_cores": 14,
          "child_ids": [
            19
          ]
        },
        {
          "id": 13,
          "workflow_id": 0,
          "length": 38213,
          "req_memory_mb": 82944,
          "req_cpu_cores": 26,
          "child_ids": []
        },
        {
          "id": 14,
          "workflow_id": 0,
          "length": 69219,
          "req_memory_mb": 9216,
          "req_cpu_cores": 26,
          "child_ids": []
        },
        {
          "id": 15,
          "workflow_id": 0,
          "length": 68263,
          "req_memory_mb": 49152,
          "req_cpu_cores": 22,
          "child_ids": []
        },
        {
          "id": 16,
          "workflow_id": 0,
          "length": 65845,
          "req_memory_mb": 26624,
          "req_cpu_cores": 2,
          "child_ids": []
        },
        {
          "id": 17,
          "workflow_id": 0,
          "length": 60078,
          "req_memory_mb": 101376,
          "req_cpu_cores": 34,
          "child_ids": [
            25
          ]
        },
        {
          "id": 18,
          "workflow_id": 0,
          "length": 40278,
          "req_memory_mb": 102400,
          "req_cpu_cores": 2,
          "child_ids": []
        },
        {
          "id": 19,
          "workflow_id": 0,
          "length": 34679,
          "req_memory_mb": 67584,
          "req_cpu_cores": 22,
          "child_ids": []
        },
        {
          "id": 20,
          "workflow_id": 0,
          "length": 37243,
          "req_memory_mb": 93184,
          "req_cpu_cores": 34,
          "child_ids": [
            21
          ]
        },
        {
          "id": 21,
          "workflow_id": 0,
          "length": 52985,
          "req_memory_mb": 58368,
          "req_cpu_cores": 2,
          "child_ids": []
        },
        {
          "id": 22,
          "workflow_id": 0,
          "length": 54198,
          "req_memory_mb": 59392,
          "req_cpu_cores": 29,
          "child_ids": [
            24
          ]
        },
        {
          "id": 23,
          "workflow_id": 0,
          "length": 9180,
          "req_memory_mb": 39936,
          "req_cpu_cores": 19,
          "child_ids": []
        },
        {
          "id": 24,
          "workflow_id": 0,
          "length": 47861,
          "req_memory_mb": 47104,
          "req_cpu_cores": 29,
          "child_ids": []
        },
        {
          "id": 25,
          "workflow_id": 0,
          "length": 59783,
          "req_memory_mb": 43008,
          "req_cpu_cores": 24,
          "child_ids": []
        },
        {
          "id": 26,
          "workflow_id": 0,
          "length": 38269,
          "req_memory_mb": 57344,
          "req_cpu_cores": 29,
          "child_ids": []
        }
      ],
      "arrival_time": 0
    }
  ],
  "vms": [
    {
      "id": 0,
      "host_id": 3,
      "cpu_speed_mips": 1533,
      "memory_mb": 106496,
      "cpu_cores": 16,
      "disk_mb": 1024,
      "bandwidth_mbps": 50,
      "vmm": "Xen"
    },
    {
      "id": 1,
      "host_id": 2,
      "cpu_speed_mips": 4873,
      "memory_mb": 86016,
      "cpu_cores": 16,
      "disk_mb": 1024,
      "bandwidth_mbps": 50,
      "vmm": "Xen"
    },
    {
      "id": 2,
      "host_id": 1,
      "cpu_speed_mips": 3968,
      "memory_mb": 117760,
      "cpu_cores": 56,
      "disk_mb": 1024,
      "bandwidth_mbps": 50,
      "vmm": "Xen"
    },
    {
      "id": 3,
      "host_id": 0,
      "cpu_speed_mips": 1205,
      "memory_mb": 60416,
      "cpu_cores": 40,
      "disk_mb": 1024,
      "bandwidth_mbps": 50,
      "vmm": "Xen"
    },
    {
      "id": 4,
      "host_id": 3,
      "cpu_speed_mips": 3099,
      "memory_mb": 105472,
      "cpu_cores": 16,
      "disk_mb": 1024,
      "bandwidth_mbps": 50,
      "vmm": "Xen"
    },
    {
      "id": 5,
      "host_id": 2,
      "cpu_speed_mips": 2722,
      "memory_mb": 90112,
      "cpu_cores": 16,
      "disk_mb": 1024,
      "bandwidth_mbps": 50,
      "vmm": "Xen"
    },
    {
      "id": 6,
      "host_id": 1,
      "cpu_speed_mips": 3397,
      "memory_mb": 91136,
      "cpu_cores": 56,
      "disk_mb": 1024,
      "bandwidth_mbps": 50,
      "vmm": "Xen"
    },
    {
      "id": 7,
      "host_id": 0,
      "cpu_speed_mips": 1037,
      "memory_mb": 38912,
      "cpu_cores": 40,
      "disk_mb": 1024,
      "bandwidth_mbps": 50,
      "vmm": "Xen"
    },
    {
      "id": 8,
      "host_id": 3,
      "cpu_speed_mips": 2663,
      "memory_mb": 79872,
      "cpu_cores": 16,
      "disk_mb": 1024,
      "bandwidth_mbps": 50,
      "vmm": "Xen"
    },
    {
      "id": 9,
      "host_id": 2,
      "cpu_speed_mips": 2546,
      "memory_mb": 82944,
      "cpu_cores": 16,
      "disk_mb": 1024,
      "bandwidth_mbps": 50,
      "vmm": "Xen"
    },
    {
      "id": 10,
      "host_id": 1,
      "cpu_speed_mips": 2996,
      "memory_mb": 81920,
      "cpu_cores": 56,
      "disk_mb": 1024,
      "bandwidth_mbps": 50,
      "vmm": "Xen"
    },
    {
      "id": 11,
      "host_id": 0,
      "cpu_speed_mips": 599,
      "memory_mb": 84992,
      "cpu_cores": 40,
      "disk_mb": 1024,
      "bandwidth_mbps": 50,
      "vmm": "Xen"
    }
  ],
  "hosts": [
    {
      "id": 0,
      "cores": 40,
      "cpu_speed_mips": 512000,
      "power_idle_watt": 85,
      "power_peak_watt": 450,
      "memory_mb": 131072,
      "disk_mb": 12000000,
      "bandwidth_mbps": 2048
    },
    {
      "id": 1,
      "cores": 56,
      "cpu_speed_mips": 604800,
      "power_idle_watt": 50,
      "power_peak_watt": 432,
      "memory_mb": 167936,
      "disk_mb": 10000000,
      "bandwidth_mbps": 1536
    },
    {
      "id": 2,
      "cores": 16,
      "cpu_speed_mips": 187712,
      "power_idle_watt": 116,
      "power_peak_watt": 475,
      "memory_mb": 49152,
      "disk_mb": 10000000,
      "bandwidth_mbps": 1024
    },
    {
      "id": 3,
      "cores": 16,
      "cpu_speed_mips": 187712,
      "power_idle_watt": 116,
      "power_peak_watt": 475,
      "memory_mb": 49152,
      "disk_mb": 10000000,
      "bandwidth_mbps": 1024
    }
  ]
}