{
  "workflows": [
    {
      "id": 0,
      "tasks": [
        {
          "id": 0,
          "workflow_id": 0,
          "length": 57966,
          "req_memory_mb": 61440,
          "req_cpu_cores": 22,
          "child_ids": [
            1,
            2,
            3,
            4,
            5,
            6,
            7,
            8,
            9,
            12,
            14,
            16,
            22,
            24
          ]
        },
        {
          "id": 1,
          "workflow_id": 0,
          "length": 43447,
          "req_memory_mb": 50176,
          "req_cpu_cores": 39,
          "child_ids": [
            11,
            13
          ]
        },
        {
          "id": 2,
          "workflow_id": 0,
          "length": 31473,
          "req_memory_mb": 61440,
          "req_cpu_cores": 28,
          "child_ids": [
            20
          ]
        },
        {
          "id": 3,
          "workflow_id": 0,
          "length": 63585,
          "req_memory_mb": 77824,
          "req_cpu_cores": 28,
          "child_ids": [
            18
          ]
        },
        {
          "id": 4,
          "workflow_id": 0,
          "length": 45956,
          "req_memory_mb": 74752,
          "req_cpu_cores": 6,
          "child_ids": [
            10,
            15
          ]
        },
        {
          "id": 5,
          "workflow_id": 0,
          "length": 76409,
          "req_memory_mb": 70656,
          "req_cpu_cores": 22,
          "child_ids": []
        },
        {
          "id": 6,
          "workflow_id": 0,
          "length": 16191,
          "req_memory_mb": 52224,
          "req_cpu_cores": 25,
          "child_ids": [
            11
          ]
        },
        {
          "id": 7,
          "workflow_id": 0,
          "length": 29489,
          "req_memory_mb": 103424,
          "req_cpu_cores": 19,
          "child_ids": []
        },
        {
          "id": 8,
          "workflow_id": 0,
          "length": 51093,
          "req_memory_mb": 87040,
          "req_cpu_cores": 39,
          "child_ids": [
            10
          ]
        },
        {
          "id": 9,
          "workflow_id": 0,
          "length": 78748,
          "req_memory_mb": 47104,
          "req_cpu_cores": 3,
          "child_ids": [
            19
          ]
        },
        {
          "id": 10,
          "workflow_id": 0,
          "length": 53070,
          "req_memory_mb": 82944,
          "req_cpu_cores": 28,
          "child_ids": []
        },
        {
          "id": 11,
          "workflow_id": 0,
          "length": 64037,
          "req_memory_mb": 32768,
          "req_cpu_cores": 28,
          "child_ids": [
            18
          ]
        },
        {
          "id": 12,
          "workflow_id": 0,
          "length": 27485,
          "req_memory_mb": 89088,
          "req_cpu_cores": 36,
          "child_ids": []
        },
        {
          "id": 13,
          "workflow_id": 0,
          "length": 43473,
          "req_memory_mb": 27648,
          "req_cpu_cores": 17,
          "child_ids": [
            21
          ]
        },
        {
          "id": 14,
          "workflow_id": 0,
          "length": 29980,
          "req_memory_mb": 102400,
          "req_cpu_cores": 25,
          "child_ids": []
        },
        {
          "id": 15,
          "workflow_id": 0,
          "length": 45704,
          "req_memory_mb": 81920,
          "req_cpu_cores": 36,
          "child_ids": [
            17,
            23
          ]
        },
        {
          "id": 16,
          "workflow_id": 0,
          "length": 80989,
          "req_memory_mb": 23552,
          "req_cpu_cores": 28,
          "child_ids": []
        },
        {
          "id": 17,
          "workflow_id": 0,
          "length": 84759,
          "req_memory_mb": 83968,
          "req_cpu_cores": 22,
          "child_ids": []
        },
        {
          "id": 18,
          "workflow_id": 0,
          "length": 51700,
          "req_memory_mb": 63488,
          "req_cpu_cores": 33,
          "child_ids": []
        },
        {
          "id": 19,
          "workflow_id": 0,
          "length": 57306,
          "req_memory_mb": 71680,
          "req_cpu_cores": 39,
          "child_ids": []
        },
        {
          "id": 20,
          "workflow_id": 0,
          "length": 52547,
          "req_memory_mb": 94208,
          "req_cpu_cores": 39,
          "child_ids": []
        },
        {
          "id": 21,
          "workflow_id": 0,
          "length": 44111,
          "req_memory_mb": 40960,
          "req_cpu_cores": 36,
          "child_ids": [
            23
          ]
        },
        {
          "id": 22,
          "workflow_id": 0,
          "length": 87140,
          "req_memory_mb": 10240,
          "req_cpu_cores": 25,
          "child_ids": []
        },
        {
          "id": 23,
          "workflow_id": 0,
          "length": 20739,
          "req_memory_mb": 77824,
          "req_cpu_cores": 6,
          "child_ids": []
        },
        {
          "id": 24,
          "workflow_id": 0,
          "length": 88914,
          "req_memory_mb": 102400,
          "req_cpu_cores": 3,
          "child_ids": []
        }
      ],
      "arrival_time": 0
    }
  ],
  "vms": [
    {
      "id": 0,
      "host_id": 3,
      "cpu_speed_mips": 1533,
      "memory_mb": 106496,
      "cpu_cores": 16,
      "disk_mb": 1024,
      "bandwidth_mbps": 50,
      "vmm": "Xen"
    },
    {
      "id": 1,
      "host_id": 2,
      "cpu_speed_mips": 4873,
      "memory_mb": 86016,
      "cpu_cores": 16,
      "disk_mb": 1024,
      "bandwidth_mbps": 50,
      "vmm": "Xen"
    },
    {
      "id": 2,
      "host_id": 1,
      "cpu_speed_mips": 3968,
      "memory_mb": 117760,
      "cpu_cores": 56,
      "disk_mb": 1024,
      "bandwidth_mbps": 50,
      "vmm": "Xen"
    },
    {
      "id": 3,
      "host_id": 0,
      "cpu_speed_mips": 1205,
      "memory_mb": 60416,
      "cpu_cores": 40,
      "disk_mb": 1024,
      "bandwidth_mbps": 50,
      "vmm": "Xen"
    },
    {
      "id": 4,
      "host_id": 3,
      "cpu_speed_mips": 3099,
      "memory_mb": 105472,
      "cpu_cores": 16,
      "disk_mb": 1024,
      "bandwidth_mbps": 50,
      "vmm": "Xen"
    },
    {
      "id": 5,
      "host_id": 2,
      "cpu_speed_mips": 2722,
      "memory_mb": 90112,
      "cpu_cores": 16,
      "disk_mb": 1024,
      "bandwidth_mbps": 50,
      "vmm": "Xen"
    },
    {
      "id": 6,
      "host_id": 1,
      "cpu_speed_mips": 3397,
      "memory_mb": 91136,
      "cpu_cores": 56,
      "disk_mb": 1024,
      "bandwidth_mbps": 50,
      "vmm": "Xen"
    },
    {
      "id": 7,
      "host_id": 0,
      "cpu_speed_mips": 1037,
      "memory_mb": 38912,
      "cpu_cores": 40,
      "disk_mb": 1024,
      "bandwidth_mbps": 50,
      "vmm": "Xen"
    },
    {
      "id": 8,
      "host_id": 3,
      "cpu_speed_mips": 2663,
      "memory_mb": 79872,
      "cpu_cores": 16,
      "disk_mb": 1024,
      "bandwidth_mbps": 50,
      "vmm": "Xen"
    },
    {
      "id": 9,
      "host_id": 2,
      "cpu_speed_mips": 2546,
      "memory_mb": 82944,
      "cpu_cores": 16,
      "disk_mb": 1024,
      "bandwidth_mbps": 50,
      "vmm": "Xen"
    },
    {
      "id": 10,
      "host_id": 1,
      "cpu_speed_mips": 2996,
      "memory_mb": 81920,
      "cpu_cores": 56,
      "disk_mb": 1024,
      "bandwidth_mbps": 50,
      "vmm": "Xen"
    },
    {
      "id": 11,
      "host_id": 0,
      "cpu_speed_mips": 599,
      "memory_mb": 84992,
      "cpu_cores": 40,
      "disk_mb": 1024,
      "bandwidth_mbps": 50,
      "vmm": "Xen"
    }
  ],
  "hosts": [
    {
      "id": 0,
      "cores": 40,
      "cpu_speed_mips": 512000,
      "power_idle_watt": 85,
      "power_peak_watt": 450,
      "memory_mb": 131072,
      "disk_mb": 12000000,
      "bandwidth_mbps": 2048
    },
    {
      "id": 1,
      "cores": 56,
      "cpu_speed_mips": 604800,
      "power_idle_watt": 50,
      "power_peak_watt": 432,
      "memory_mb": 167936,
      "disk_mb": 10000000,
      "bandwidth_mbps": 1536
    },
    {
      "id": 2,
      "cores": 16,
      "cpu_speed_mips": 187712,
      "power_idle_watt": 116,
      "power_peak_watt": 475,
      "memory_mb": 49152,
      "disk_mb": 10000000,
      "bandwidth_mbps": 1024
    },
    {
      "id": 3,
      "cores": 16,
      "cpu_speed_mips": 187712,
      "power_idle_watt": 116,
      "power_peak_watt": 475,
      "memory_mb": 49152,
      "disk_mb": 10000000,
      "bandwidth_mbps": 1024
    }
  ]
}