{
  "workflows": [
    {
      "id": 0,
      "tasks": [
        {
          "id": 0,
          "workflow_id": 0,
          "length": 32075,
          "req_memory_mb": 8192,
          "req_cpu_cores": 11,
          "child_ids": [
            1,
            2,
            3,
            4,
            6,
            7,
            8,
            10,
            12,
            13,
            14,
            15,
            16,
            17,
            18,
            19,
            23,
            24
          ]
        },
        {
          "id": 1,
          "workflow_id": 0,
          "length": 52448,
          "req_memory_mb": 48128,
          "req_cpu_cores": 6,
          "child_ids": [
            11
          ]
        },
        {
          "id": 2,
          "workflow_id": 0,
          "length": 40413,
          "req_memory_mb": 15360,
          "req_cpu_cores": 22,
          "child_ids": [
            9,
            11
          ]
        },
        {
          "id": 3,
          "workflow_id": 0,
          "length": 63627,
          "req_memory_mb": 30720,
          "req_cpu_cores": 18,
          "child_ids": [
            5
          ]
        },
        {
          "id": 4,
          "workflow_id": 0,
          "length": 42665,
          "req_memory_mb": 24576,
          "req_cpu_cores": 15,
          "child_ids": []
        },
        {
          "id": 5,
          "workflow_id": 0,
          "length": 53858,
          "req_memory_mb": 48128,
          "req_cpu_cores": 11,
          "child_ids": []
        },
        {
          "id": 6,
          "workflow_id": 0,
          "length": 61929,
          "req_memory_mb": 33792,
          "req_cpu_cores": 11,
          "child_ids": []
        },
        {
          "id": 7,
          "workflow_id": 0,
          "length": 57774,
          "req_memory_mb": 47104,
          "req_cpu_cores": 22,
          "child_ids": [
            25
          ]
        },
        {
          "id": 8,
          "workflow_id": 0,
          "length": 66081,
          "req_memory_mb": 103424,
          "req_cpu_cores": 9,
          "child_ids": []
        },
        {
          "id": 9,
          "workflow_id": 0,
          "length": 29661,
          "req_memory_mb": 19456,
          "req_cpu_cores": 2,
          "child_ids": []
        },
        {
          "id": 10,
          "workflow_id": 0,
          "length": 11609,
          "req_memory_mb": 26624,
          "req_cpu_cores": 22,
          "child_ids": [
            20,
            21
          ]
        },
        {
          "id": 11,
          "workflow_id": 0,
          "length": 95766,
          "req_memory_mb": 45056,
          "req_cpu_cores": 28,
          "child_ids": []
        },
        {
          "id": 12,
          "workflow_id": 0,
          "length": 27372,
          "req_memory_mb": 4096,
          "req_cpu_cores": 20,
          "child_ids": []
        },
        {
          "id": 13,
          "workflow_id": 0,
          "length": 30525,
          "req_memory_mb": 104448,
          "req_cpu_cores": 14,
          "child_ids": []
        },
        {
          "id": 14,
          "workflow_id": 0,
          "length": 74635,
          "req_memory_mb": 40960,
          "req_cpu_cores": 4,
          "child_ids": []
        },
        {
          "id": 15,
          "workflow_id": 0,
          "length": 73827,
          "req_memory_mb": 37888,
          "req_cpu_cores": 13,
          "child_ids": []
        },
        {
          "id": 16,
          "workflow_id": 0,
          "length": 54473,
          "req_memory_mb": 69632,
          "req_cpu_cores": 13,
          "child_ids": []
        },
        {
          "id": 17,
          "workflow_id": 0,
          "length": 17126,
          "req_memory_mb": 7168,
          "req_cpu_cores": 11,
          "child_ids": [
            22
          ]
        },
        {
          "id": 18,
          "workflow_id": 0,
          "length": 46449,
          "req_memory_mb": 22528,
          "req_cpu_cores": 20,
          "child_ids": []
        },
        {
          "id": 19,
          "workflow_id": 0,
          "length": 31967,
          "req_memory_mb": 1024,
          "req_cpu_cores": 11,
          "child_ids": []
        },
        {
          "id": 20,
          "workflow_id": 0,
          "length": 60490,
          "req_memory_mb": 98304,
          "req_cpu_cores": 9,
          "child_ids": []
        },
        {
          "id": 21,
          "workflow_id": 0,
          "length": 60212,
          "req_memory_mb": 36864,
          "req_cpu_cores": 24,
          "child_ids": []
        },
        {
          "id": 22,
          "workflow_id": 0,
          "length": 39434,
          "req_memory_mb": 89088,
          "req_cpu_cores": 28,
          "child_ids": []
        },
        {
          "id": 23,
          "workflow_id": 0,
          "length": 24846,
          "req_memory_mb": 104448,
          "req_cpu_cores": 28,
          "child_ids": []
        },
        {
          "id": 24,
          "workflow_id": 0,
          "length": 62641,
          "req_memory_mb": 13312,
          "req_cpu_cores": 28,
          "child_ids": []
        },
        {
          "id": 25,
          "workflow_id": 0,
          "length": 35261,
          "req_memory_mb": 27648,
          "req_cpu_cores": 13,
          "child_ids": []
        }
      ],
      "arrival_time": 0
    }
  ],
  "vms": [
    {
      "id": 0,
      "host_id": 3,
      "cpu_speed_mips": 1533,
      "memory_mb": 106496,
      "cpu_cores": 16,
      "disk_mb": 1024,
      "bandwidth_mbps": 50,
      "vmm": "Xen"
    },
    {
      "id": 1,
      "host_id": 2,
      "cpu_speed_mips": 4873,
      "memory_mb": 86016,
      "cpu_cores": 16,
      "disk_mb": 1024,
      "bandwidth_mbps": 50,
      "vmm": "Xen"
    },
    {
      "id": 2,
      "host_id": 1,
      "cpu_speed_mips": 3968,
      "memory_mb": 117760,
      "cpu_cores": 56,
      "disk_mb": 1024,
      "bandwidth_mbps": 50,
      "vmm": "Xen"
    },
    {
      "id": 3,
      "host_id": 0,
      "cpu_speed_mips": 1205,
      "memory_mb": 60416,
      "cpu_cores": 40,
      "disk_mb": 1024,
      "bandwidth_mbps": 50,
      "vmm": "Xen"
    },
    {
      "id": 4,
      "host_id": 3,
      "cpu_speed_mips": 3099,
      "memory_mb": 105472,
      "cpu_cores": 16,
      "disk_mb": 1024,
      "bandwidth_mbps": 50,
      "vmm": "Xen"
    },
    {
      "id": 5,
      "host_id": 2,
      "cpu_speed_mips": 2722,
      "memory_mb": 90112,
      "cpu_cores": 16,
      "disk_mb": 1024,
      "bandwidth_mbps": 50,
      "vmm": "Xen"
    },
    {
      "id": 6,
      "host_id": 1,
      "cpu_speed_mips": 3397,
      "memory_mb": 91136,
      "cpu_cores": 56,
      "disk_mb": 1024,
      "bandwidth_mbps": 50,
      "vmm": "Xen"
    },
    {
      "id": 7,
      "host_id": 0,
      "cpu_speed_mips": 1037,
      "memory_mb": 38912,
      "cpu_cores": 40,
      "disk_mb": 1024,
      "bandwidth_mbps": 50,
      "vmm": "Xen"
    },
    {
      "id": 8,
      "host_id": 3,
      "cpu_speed_mips": 2663,
      "memory_mb": 79872,
      "cpu_cores": 16,
      "disk_mb": 1024,
      "bandwidth_mbps": 50,
      "vmm": "Xen"
    },
    {
      "id": 9,
      "host_id": 2,
      "cpu_speed_mips": 2546,
      "memory_mb": 82944,
      "cpu_cores": 16,
      "disk_mb": 1024,
      "bandwidth_mbps": 50,
      "vmm": "Xen"
    },
    {
      "id": 10,
      "host_id": 1,
      "cpu_speed_mips": 2996,
      "memory_mb": 81920,
      "cpu_cores": 56,
      "disk_mb": 1024,
      "bandwidth_mbps": 50,
      "vmm": "Xen"
    },
    {
      "id": 11,
      "host_id": 0,
      "cpu_speed_mips": 599,
      "memory_mb": 84992,
      "cpu_cores": 40,
      "disk_mb": 1024,
      "bandwidth_mbps": 50,
      "vmm": "Xen"
    }
  ],
  "hosts": [
    {
      "id": 0,
      "cores": 40,
      "cpu_speed_mips": 512000,
      "power_idle_watt": 85,
      "power_peak_watt": 450,
      "memory_mb": 131072,
      "disk_mb": 12000000,
      "bandwidth_mbps": 2048
    },
    {
      "id": 1,
      "cores": 56,
      "cpu_speed_mips": 604800,
      "power_idle_watt": 50,
      "power_peak_watt": 432,
      "memory_mb": 167936,
      "disk_mb": 10000000,
      "bandwidth_mbps": 1536
    },
    {
      "id": 2,
      "cores": 16,
      "cpu_speed_mips": 187712,
      "power_idle_watt": 116,
      "power_peak_watt": 475,
      "memory_mb": 49152,
      "disk_mb": 10000000,
      "bandwidth_mbps": 1024
    },
    {
      "id": 3,
      "cores": 16,
      "cpu_speed_mips": 187712,
      "power_idle_watt": 116,
      "power_peak_watt": 475,
      "memory_mb": 49152,
      "disk_mb": 10000000,
      "bandwidth_mbps": 1024
    }
  ]
}