{
  "workflows": [
    {
      "id": 0,
      "tasks": [
        {
          "id": 0,
          "workflow_id": 0,
          "length": 45072,
          "req_memory_mb": 59392,
          "req_cpu_cores": 19,
          "child_ids": [
            1,
            2,
            4,
            5,
            6,
            7,
            8,
            9,
            10,
            12,
            13,
            15,
            18,
            20,
            21,
            24
          ]
        },
        {
          "id": 1,
          "workflow_id": 0,
          "length": 30570,
          "req_memory_mb": 70656,
          "req_cpu_cores": 26,
          "child_ids": []
        },
        {
          "id": 2,
          "workflow_id": 0,
          "length": 66934,
          "req_memory_mb": 58368,
          "req_cpu_cores": 14,
          "child_ids": [
            3,
            23
          ]
        },
        {
          "id": 3,
          "workflow_id": 0,
          "length": 61590,
          "req_memory_mb": 32768,
          "req_cpu_cores": 10,
          "child_ids": [
            16
          ]
        },
        {
          "id": 4,
          "workflow_id": 0,
          "length": 57764,
          "req_memory_mb": 26624,
          "req_cpu_cores": 31,
          "child_ids": [
            23
          ]
        },
        {
          "id": 5,
          "workflow_id": 0,
          "length": 48664,
          "req_memory_mb": 23552,
          "req_cpu_cores": 24,
          "child_ids": [
            11
          ]
        },
        {
          "id": 6,
          "workflow_id": 0,
          "length": 76275,
          "req_memory_mb": 32768,
          "req_cpu_cores": 14,
          "child_ids": []
        },
        {
          "id": 7,
          "workflow_id": 0,
          "length": 55786,
          "req_memory_mb": 33792,
          "req_cpu_cores": 24,
          "child_ids": []
        },
        {
          "id": 8,
          "workflow_id": 0,
          "length": 61532,
          "req_memory_mb": 26624,
          "req_cpu_cores": 31,
          "child_ids": []
        },
        {
          "id": 9,
          "workflow_id": 0,
          "length": 71519,
          "req_memory_mb": 58368,
          "req_cpu_cores": 29,
          "child_ids": []
        },
        {
          "id": 10,
          "workflow_id": 0,
          "length": 19458,
          "req_memory_mb": 95232,
          "req_cpu_cores": 21,
          "child_ids": []
        },
        {
          "id": 11,
          "workflow_id": 0,
          "length": 36618,
          "req_memory_mb": 77824,
          "req_cpu_cores": 34,
          "child_ids": []
        },
        {
          "id": 12,
          "workflow_id": 0,
          "length": 58771,
          "req_memory_mb": 26624,
          "req_cpu_cores": 19,
          "child_ids": []
        },
        {
          "id": 13,
          "workflow_id": 0,
          "length": 55663,
          "req_memory_mb": 106496,
          "req_cpu_cores": 34,
          "child_ids": [
            17,
            14
          ]
        },
        {
          "id": 14,
          "workflow_id": 0,
          "length": 31501,
          "req_memory_mb": 41984,
          "req_cpu_cores": 24,
          "child_ids": [
            19
          ]
        },
        {
          "id": 15,
          "workflow_id": 0,
          "length": 55942,
          "req_memory_mb": 67584,
          "req_cpu_cores": 16,
          "child_ids": [
            22
          ]
        },
        {
          "id": 16,
          "workflow_id": 0,
          "length": 44143,
          "req_memory_mb": 24576,
          "req_cpu_cores": 12,
          "child_ids": []
        },
        {
          "id": 17,
          "workflow_id": 0,
          "length": 31176,
          "req_memory_mb": 92160,
          "req_cpu_cores": 26,
          "child_ids": []
        },
        {
          "id": 18,
          "workflow_id": 0,
          "length": 35810,
          "req_memory_mb": 66560,
          "req_cpu_cores": 21,
          "child_ids": []
        },
        {
          "id": 19,
          "workflow_id": 0,
          "length": 64553,
          "req_memory_mb": 91136,
          "req_cpu_cores": 26,
          "child_ids": []
        },
        {
          "id": 20,
          "workflow_id": 0,
          "length": 23593,
          "req_memory_mb": 106496,
          "req_cpu_cores": 34,
          "child_ids": []
        },
        {
          "id": 21,
          "workflow_id": 0,
          "length": 36523,
          "req_memory_mb": 67584,
          "req_cpu_cores": 2,
          "child_ids": []
        },
        {
          "id": 22,
          "workflow_id": 0,
          "length": 53193,
          "req_memory_mb": 79872,
          "req_cpu_cores": 24,
          "child_ids": []
        },
        {
          "id": 23,
          "workflow_id": 0,
          "length": 80050,
          "req_memory_mb": 34816,
          "req_cpu_cores": 5,
          "child_ids": []
        },
        {
          "id": 24,
          "workflow_id": 0,
          "length": 55608,
          "req_memory_mb": 61440,
          "req_cpu_cores": 29,
          "child_ids": []
        }
      ],
      "arrival_time": 0
    }
  ],
  "vms": [
    {
      "id": 0,
      "host_id": 3,
      "cpu_speed_mips": 1533,
      "memory_mb": 106496,
      "cpu_cores": 16,
      "disk_mb": 1024,
      "bandwidth_mbps": 50,
      "vmm": "Xen"
    },
    {
      "id": 1,
      "host_id": 2,
      "cpu_speed_mips": 4873,
      "memory_mb": 86016,
      "cpu_cores": 16,
      "disk_mb": 1024,
      "bandwidth_mbps": 50,
      "vmm": "Xen"
    },
    {
      "id": 2,
      "host_id": 1,
      "cpu_speed_mips": 3968,
      "memory_mb": 117760,
      "cpu_cores": 56,
      "disk_mb": 1024,
      "bandwidth_mbps": 50,
      "vmm": "Xen"
    },
    {
      "id": 3,
      "host_id": 0,
      "cpu_speed_mips": 1205,
      "memory_mb": 60416,
      "cpu_cores": 40,
      "disk_mb": 1024,
      "bandwidth_mbps": 50,
      "vmm": "Xen"
    },
    {
      "id": 4,
      "host_id": 3,
      "cpu_speed_mips": 3099,
      "memory_mb": 105472,
      "cpu_cores": 16,
      "disk_mb": 1024,
      "bandwidth_mbps": 50,
      "vmm": "Xen"
    },
    {
      "id": 5,
      "host_id": 2,
      "cpu_speed_mips": 2722,
      "memory_mb": 90112,
      "cpu_cores": 16,
      "disk_mb": 1024,
      "bandwidth_mbps": 50,
      "vmm": "Xen"
    },
    {
      "id": 6,
      "host_id": 1,
      "cpu_speed_mips": 3397,
      "memory_mb": 91136,
      "cpu_cores": 56,
      "disk_mb": 1024,
      "bandwidth_mbps": 50,
      "vmm": "Xen"
    },
    {
      "id": 7,
      "host_id": 0,
      "cpu_speed_mips": 1037,
      "memory_mb": 38912,
      "cpu_cores": 40,
      "disk_mb": 1024,
      "bandwidth_mbps": 50,
      "vmm": "Xen"
    },
    {
      "id": 8,
      "host_id": 3,
      "cpu_speed_mips": 2663,
      "memory_mb": 79872,
      "cpu_cores": 16,
      "disk_mb": 1024,
      "bandwidth_mbps": 50,
      "vmm": "Xen"
    },
    {
      "id": 9,
      "host_id": 2,
      "cpu_speed_mips": 2546,
      "memory_mb": 82944,
      "cpu_cores": 16,
      "disk_mb": 1024,
      "bandwidth_mbps": 50,
      "vmm": "Xen"
    },
    {
      "id": 10,
      "host_id": 1,
      "cpu_speed_mips": 2996,
      "memory_mb": 81920,
      "cpu_cores": 56,
      "disk_mb": 1024,
      "bandwidth_mbps": 50,
      "vmm": "Xen"
    },
    {
      "id": 11,
      "host_id": 0,
      "cpu_speed_mips": 599,
      "memory_mb": 84992,
      "cpu_cores": 40,
      "disk_mb": 1024,
      "bandwidth_mbps": 50,
      "vmm": "Xen"
    }
  ],
  "hosts": [
    {
      "id": 0,
      "cores": 40,
      "cpu_speed_mips": 512000,
      "power_idle_watt": 85,
      "power_peak_watt": 450,
      "memory_mb": 131072,
      "disk_mb": 12000000,
      "bandwidth_mbps": 2048
    },
    {
      "id": 1,
      "cores": 56,
      "cpu_speed_mips": 604800,
      "power_idle_watt": 50,
      "power_peak_watt": 432,
      "memory_mb": 167936,
      "disk_mb": 10000000,
      "bandwidth_mbps": 1536
    },
    {
      "id": 2,
      "cores": 16,
      "cpu_speed_mips": 187712,
      "power_idle_watt": 116,
      "power_peak_watt": 475,
      "memory_mb": 49152,
      "disk_mb": 10000000,
      "bandwidth_mbps": 1024
    },
    {
      "id": 3,
      "cores": 16,
      "cpu_speed_mips": 187712,
      "power_idle_watt": 116,
      "power_peak_watt": 475,
      "memory_mb": 49152,
      "disk_mb": 10000000,
      "bandwidth_mbps": 1024
    }
  ]
}