{
  "workflows": [
    {
      "id": 0,
      "tasks": [
        {
          "id": 0,
          "workflow_id": 0,
          "length": 62462,
          "req_memory_mb": 97280,
          "req_cpu_cores": 23,
          "child_ids": [
            1,
            2,
            3,
            4,
            5,
            6,
            7,
            8,
            9,
            10,
            11,
            12,
            13,
            14,
            15,
            16,
            17,
            20,
            23,
            24
          ]
        },
        {
          "id": 1,
          "workflow_id": 0,
          "length": 41381,
          "req_memory_mb": 10240,
          "req_cpu_cores": 25,
          "child_ids": [
            22
          ]
        },
        {
          "id": 2,
          "workflow_id": 0,
          "length": 27225,
          "req_memory_mb": 22528,
          "req_cpu_cores": 27,
          "child_ids": []
        },
        {
          "id": 3,
          "workflow_id": 0,
          "length": 8104,
          "req_memory_mb": 92160,
          "req_cpu_cores": 13,
          "child_ids": []
        },
        {
          "id": 4,
          "workflow_id": 0,
          "length": 63793,
          "req_memory_mb": 62464,
          "req_cpu_cores": 15,
          "child_ids": [
            19
          ]
        },
        {
          "id": 5,
          "workflow_id": 0,
          "length": 52464,
          "req_memory_mb": 83968,
          "req_cpu_cores": 13,
          "child_ids": [
            18
          ]
        },
        {
          "id": 6,
          "workflow_id": 0,
          "length": 31365,
          "req_memory_mb": 34816,
          "req_cpu_cores": 27,
          "child_ids": [
            26
          ]
        },
        {
          "id": 7,
          "workflow_id": 0,
          "length": 67708,
          "req_memory_mb": 98304,
          "req_cpu_cores": 13,
          "child_ids": []
        },
        {
          "id": 8,
          "workflow_id": 0,
          "length": 32676,
          "req_memory_mb": 7168,
          "req_cpu_cores": 6,
          "child_ids": []
        },
        {
          "id": 9,
          "workflow_id": 0,
          "length": 56312,
          "req_memory_mb": 70656,
          "req_cpu_cores": 27,
          "child_ids": [
            21
          ]
        },
        {
          "id": 10,
          "workflow_id": 0,
          "length": 77202,
          "req_memory_mb": 92160,
          "req_cpu_cores": 19,
          "child_ids": [
            25
          ]
        },
        {
          "id": 11,
          "workflow_id": 0,
          "length": 33421,
          "req_memory_mb": 10240,
          "req_cpu_cores": 2,
          "child_ids": []
        },
        {
          "id": 12,
          "workflow_id": 0,
          "length": 41657,
          "req_memory_mb": 18432,
          "req_cpu_cores": 4,
          "child_ids": []
        },
        {
          "id": 13,
          "workflow_id": 0,
          "length": 59072,
          "req_memory_mb": 2048,
          "req_cpu_cores": 2,
          "child_ids": [
            26
          ]
        },
        {
          "id": 14,
          "workflow_id": 0,
          "length": 23941,
          "req_memory_mb": 77824,
          "req_cpu_cores": 15,
          "child_ids": [
            26
          ]
        },
        {
          "id": 15,
          "workflow_id": 0,
          "length": 73878,
          "req_memory_mb": 44032,
          "req_cpu_cores": 13,
          "child_ids": []
        },
        {
          "id": 16,
          "workflow_id": 0,
          "length": 36415,
          "req_memory_mb": 74752,
          "req_cpu_cores": 25,
          "child_ids": []
        },
        {
          "id": 17,
          "workflow_id": 0,
          "length": 44909,
          "req_memory_mb": 87040,
          "req_cpu_cores": 19,
          "child_ids": []
        },
        {
          "id": 18,
          "workflow_id": 0,
          "length": 33659,
          "req_memory_mb": 13312,
          "req_cpu_cores": 15,
          "child_ids": []
        },
        {
          "id": 19,
          "workflow_id": 0,
          "length": 66196,
          "req_memory_mb": 47104,
          "req_cpu_cores": 11,
          "child_ids": []
        },
        {
          "id": 20,
          "workflow_id": 0,
          "length": 75643,
          "req_memory_mb": 14336,
          "req_cpu_cores": 25,
          "child_ids": []
        },
        {
          "id": 21,
          "workflow_id": 0,
          "length": 40167,
          "req_memory_mb": 57344,
          "req_cpu_cores": 13,
          "child_ids": []
        },
        {
          "id": 22,
          "workflow_id": 0,
          "length": 33816,
          "req_memory_mb": 30720,
          "req_cpu_cores": 25,
          "child_ids": []
        },
        {
          "id": 23,
          "workflow_id": 0,
          "length": 63827,
          "req_memory_mb": 21504,
          "req_cpu_cores": 25,
          "child_ids": []
        },
        {
          "id": 24,
          "workflow_id": 0,
          "length": 38278,
          "req_memory_mb": 5120,
          "req_cpu_cores": 17,
          "child_ids": []
        },
        {
          "id": 25,
          "workflow_id": 0,
          "length": 93636,
          "req_memory_mb": 11264,
          "req_cpu_cores": 27,
          "child_ids": []
        },
        {
          "id": 26,
          "workflow_id": 0,
          "length": 40778,
          "req_memory_mb": 10240,
          "req_cpu_cores": 2,
          "child_ids": []
        }
      ],
      "arrival_time": 0
    }
  ],
  "vms": [
    {
      "id": 0,
      "host_id": 3,
      "cpu_speed_mips": 1533,
      "memory_mb": 106496,
      "cpu_cores": 16,
      "disk_mb": 1024,
      "bandwidth_mbps": 50,
      "vmm": "Xen"
    },
    {
      "id": 1,
      "host_id": 2,
      "cpu_speed_mips": 4873,
      "memory_mb": 86016,
      "cpu_cores": 16,
      "disk_mb": 1024,
      "bandwidth_mbps": 50,
      "vmm": "Xen"
    },
    {
      "id": 2,
      "host_id": 1,
      "cpu_speed_mips": 3968,
      "memory_mb": 117760,
      "cpu_cores": 56,
      "disk_mb": 1024,
      "bandwidth_mbps": 50,
      "vmm": "Xen"
    },
    {
      "id": 3,
      "host_id": 0,
      "cpu_speed_mips": 1205,
      "memory_mb": 60416,
      "cpu_cores": 40,
      "disk_mb": 1024,
      "bandwidth_mbps": 50,
      "vmm": "Xen"
    },
    {
      "id": 4,
      "host_id": 3,
      "cpu_speed_mips": 3099,
      "memory_mb": 105472,
      "cpu_cores": 16,
      "disk_mb": 1024,
      "bandwidth_mbps": 50,
      "vmm": "Xen"
    },
    {
      "id": 5,
      "host_id": 2,
      "cpu_speed_mips": 2722,
      "memory_mb": 90112,
      "cpu_cores": 16,
      "disk_mb": 1024,
      "bandwidth_mbps": 50,
      "vmm": "Xen"
    },
    {
      "id": 6,
      "host_id": 1,
      "cpu_speed_mips": 3397,
      "memory_mb": 91136,
      "cpu_cores": 56,
      "disk_mb": 1024,
      "bandwidth_mbps": 50,
      "vmm": "Xen"
    },
    {
      "id": 7,
      "host_id": 0,
      "cpu_speed_mips": 1037,
      "memory_mb": 38912,
      "cpu_cores": 40,
      "disk_mb": 1024,
      "bandwidth_mbps": 50,
      "vmm": "Xen"
    },
    {
      "id": 8,
      "host_id": 3,
      "cpu_speed_mips": 2663,
      "memory_mb": 79872,
      "cpu_cores": 16,
      "disk_mb": 1024,
      "bandwidth_mbps": 50,
      "vmm": "Xen"
    },
    {
      "id": 9,
      "host_id": 2,
      "cpu_speed_mips": 2546,
      "memory_mb": 82944,
      "cpu_cores": 16,
      "disk_mb": 1024,
      "bandwidth_mbps": 50,
      "vmm": "Xen"
    },
    {
      "id": 10,
      "host_id": 1,
      "cpu_speed_mips": 2996,
      "memory_mb": 81920,
      "cpu_cores": 56,
      "disk_mb": 1024,
      "bandwidth_mbps": 50,
      "vmm": "Xen"
    },
    {
      "id": 11,
      "host_id": 0,
      "cpu_speed_mips": 599,
      "memory_mb": 84992,
      "cpu_cores": 40,
      "disk_mb": 1024,
      "bandwidth_mbps": 50,
      "vmm": "Xen"
    }
  ],
  "hosts": [
    {
      "id": 0,
      "cores": 40,
      "cpu_speed_mips": 512000,
      "power_idle_watt": 85,
      "power_peak_watt": 450,
      "memory_mb": 131072,
      "disk_mb": 12000000,
      "bandwidth_mbps": 2048
    },
    {
      "id": 1,
      "cores": 56,
      "cpu_speed_mips": 604800,
      "power_idle_watt": 50,
      "power_peak_watt": 432,
      "memory_mb": 167936,
      "disk_mb": 10000000,
      "bandwidth_mbps": 1536
    },
    {
      "id": 2,
      "cores": 16,
      "cpu_speed_mips": 187712,
      "power_idle_watt": 116,
      "power_peak_watt": 475,
      "memory_mb": 49152,
      "disk_mb": 10000000,
      "bandwidth_mbps": 1024
    },
    {
      "id": 3,
      "cores": 16,
      "cpu_speed_mips": 187712,
      "power_idle_watt": 116,
      "power_peak_watt": 475,
      "memory_mb": 49152,
      "disk_mb": 10000000,
      "bandwidth_mbps": 1024
    }
  ]
}