{
  "workflows": [
    {
      "id": 0,
      "tasks": [
        {
          "id": 0,
          "workflow_id": 0,
          "length": 67399,
          "req_memory_mb": 95232,
          "req_cpu_cores": 26,
          "child_ids": [
            1,
            2,
            4,
            5,
            6,
            7,
            8,
            10,
            12,
            14,
            17,
            21,
            23,
            24,
            25,
            28
          ]
        },
        {
          "id": 1,
          "workflow_id": 0,
          "length": 59936,
          "req_memory_mb": 41984,
          "req_cpu_cores": 21,
          "child_ids": [
            3,
            15
          ]
        },
        {
          "id": 2,
          "workflow_id": 0,
          "length": 37990,
          "req_memory_mb": 29696,
          "req_cpu_cores": 17,
          "child_ids": []
        },
        {
          "id": 3,
          "workflow_id": 0,
          "length": 50039,
          "req_memory_mb": 49152,
          "req_cpu_cores": 33,
          "child_ids": []
        },
        {
          "id": 4,
          "workflow_id": 0,
          "length": 80083,
          "req_memory_mb": 3072,
          "req_cpu_cores": 19,
          "child_ids": [
            11
          ]
        },
        {
          "id": 5,
          "workflow_id": 0,
          "length": 27817,
          "req_memory_mb": 54272,
          "req_cpu_cores": 17,
          "child_ids": []
        },
        {
          "id": 6,
          "workflow_id": 0,
          "length": 48292,
          "req_memory_mb": 41984,
          "req_cpu_cores": 31,
          "child_ids": []
        },
        {
          "id": 7,
          "workflow_id": 0,
          "length": 81580,
          "req_memory_mb": 93184,
          "req_cpu_cores": 33,
          "child_ids": [
            9
          ]
        },
        {
          "id": 8,
          "workflow_id": 0,
          "length": 11944,
          "req_memory_mb": 14336,
          "req_cpu_cores": 29,
          "child_ids": [
            13
          ]
        },
        {
          "id": 9,
          "workflow_id": 0,
          "length": 62438,
          "req_memory_mb": 107520,
          "req_cpu_cores": 33,
          "child_ids": []
        },
        {
          "id": 10,
          "workflow_id": 0,
          "length": 53111,
          "req_memory_mb": 58368,
          "req_cpu_cores": 14,
          "child_ids": []
        },
        {
          "id": 11,
          "workflow_id": 0,
          "length": 48976,
          "req_memory_mb": 116736,
          "req_cpu_cores": 7,
          "child_ids": [
            20
          ]
        },
        {
          "id": 12,
          "workflow_id": 0,
          "length": 60303,
          "req_memory_mb": 81920,
          "req_cpu_cores": 2,
          "child_ids": []
        },
        {
          "id": 13,
          "workflow_id": 0,
          "length": 38986,
          "req_memory_mb": 34816,
          "req_cpu_cores": 14,
          "child_ids": []
        },
        {
          "id": 14,
          "workflow_id": 0,
          "length": 65224,
          "req_memory_mb": 57344,
          "req_cpu_cores": 21,
          "child_ids": [
            16
          ]
        },
        {
          "id": 15,
          "workflow_id": 0,
          "length": 43265,
          "req_memory_mb": 21504,
          "req_cpu_cores": 2,
          "child_ids": [
            19
          ]
        },
        {
          "id": 16,
          "workflow_id": 0,
          "length": 40132,
          "req_memory_mb": 36864,
          "req_cpu_cores": 33,
          "child_ids": [
            18
          ]
        },
        {
          "id": 17,
          "workflow_id": 0,
          "length": 45214,
          "req_memory_mb": 23552,
          "req_cpu_cores": 17,
          "child_ids": []
        },
        {
          "id": 18,
          "workflow_id": 0,
          "length": 33041,
          "req_memory_mb": 64512,
          "req_cpu_cores": 7,
          "child_ids": [
            22
          ]
        },
        {
          "id": 19,
          "workflow_id": 0,
          "length": 48977,
          "req_memory_mb": 73728,
          "req_cpu_cores": 17,
          "child_ids": []
        },
        {
          "id": 20,
          "workflow_id": 0,
          "length": 55483,
          "req_memory_mb": 21504,
          "req_cpu_cores": 24,
          "child_ids": []
        },
        {
          "id": 21,
          "workflow_id": 0,
          "length": 62417,
          "req_memory_mb": 108544,
          "req_cpu_cores": 7,
          "child_ids": []
        },
        {
          "id": 22,
          "workflow_id": 0,
          "length": 64957,
          "req_memory_mb": 96256,
          "req_cpu_cores": 31,
          "child_ids": []
        },
        {
          "id": 23,
          "workflow_id": 0,
          "length": 49065,
          "req_memory_mb": 23552,
          "req_cpu_cores": 12,
          "child_ids": [
            26
          ]
        },
        {
          "id": 24,
          "workflow_id": 0,
          "length": 40378,
          "req_memory_mb": 25600,
          "req_cpu_cores": 29,
          "child_ids": []
        },
        {
          "id": 25,
          "workflow_id": 0,
          "length": 47410,
          "req_memory_mb": 67584,
          "req_cpu_cores": 14,
          "child_ids": [
            27
          ]
        },
        {
          "id": 26,
          "workflow_id": 0,
          "length": 34864,
          "req_memory_mb": 25600,
          "req_cpu_cores": 31,
          "child_ids": []
        },
        {
          "id": 27,
          "workflow_id": 0,
          "length": 20151,
          "req_memory_mb": 86016,
          "req_cpu_cores": 33,
          "child_ids": []
        },
        {
          "id": 28,
          "workflow_id": 0,
          "length": 50800,
          "req_memory_mb": 40960,
          "req_cpu_cores": 19,
          "child_ids": []
        }
      ],
      "arrival_time": 0
    }
  ],
  "vms": [
    {
      "id": 0,
      "host_id": 3,
      "cpu_speed_mips": 1533,
      "memory_mb": 106496,
      "cpu_cores": 16,
      "disk_mb": 1024,
      "bandwidth_mbps": 50,
      "vmm": "Xen"
    },
    {
      "id": 1,
      "host_id": 2,
      "cpu_speed_mips": 4873,
      "memory_mb": 86016,
      "cpu_cores": 16,
      "disk_mb": 1024,
      "bandwidth_mbps": 50,
      "vmm": "Xen"
    },
    {
      "id": 2,
      "host_id": 1,
      "cpu_speed_mips": 3968,
      "memory_mb": 117760,
      "cpu_cores": 56,
      "disk_mb": 1024,
      "bandwidth_mbps": 50,
      "vmm": "Xen"
    },
    {
      "id": 3,
      "host_id": 0,
      "cpu_speed_mips": 1205,
      "memory_mb": 60416,
      "cpu_cores": 40,
      "disk_mb": 1024,
      "bandwidth_mbps": 50,
      "vmm": "Xen"
    },
    {
      "id": 4,
      "host_id": 3,
      "cpu_speed_mips": 3099,
      "memory_mb": 105472,
      "cpu_cores": 16,
      "disk_mb": 1024,
      "bandwidth_mbps": 50,
      "vmm": "Xen"
    },
    {
      "id": 5,
      "host_id": 2,
      "cpu_speed_mips": 2722,
      "memory_mb": 90112,
      "cpu_cores": 16,
      "disk_mb": 1024,
      "bandwidth_mbps": 50,
      "vmm": "Xen"
    },
    {
      "id": 6,
      "host_id": 1,
      "cpu_speed_mips": 3397,
      "memory_mb": 91136,
      "cpu_cores": 56,
      "disk_mb": 1024,
      "bandwidth_mbps": 50,
      "vmm": "Xen"
    },
    {
      "id": 7,
      "host_id": 0,
      "cpu_speed_mips": 1037,
      "memory_mb": 38912,
      "cpu_cores": 40,
      "disk_mb": 1024,
      "bandwidth_mbps": 50,
      "vmm": "Xen"
    },
    {
      "id": 8,
      "host_id": 3,
      "cpu_speed_mips": 2663,
      "memory_mb": 79872,
      "cpu_cores": 16,
      "disk_mb": 1024,
      "bandwidth_mbps": 50,
      "vmm": "Xen"
    },
    {
      "id": 9,
      "host_id": 2,
      "cpu_speed_mips": 2546,
      "memory_mb": 82944,
      "cpu_cores": 16,
      "disk_mb": 1024,
      "bandwidth_mbps": 50,
      "vmm": "Xen"
    },
    {
      "id": 10,
      "host_id": 1,
      "cpu_speed_mips": 2996,
      "memory_mb": 81920,
      "cpu_cores": 56,
      "disk_mb": 1024,
      "bandwidth_mbps": 50,
      "vmm": "Xen"
    },
    {
      "id": 11,
      "host_id": 0,
      "cpu_speed_mips": 599,
      "memory_mb": 84992,
      "cpu_cores": 40,
      "disk_mb": 1024,
      "bandwidth_mbps": 50,
      "vmm": "Xen"
    }
  ],
  "hosts": [
    {
      "id": 0,
      "cores": 40,
      "cpu_speed_mips": 512000,
      "power_idle_watt": 85,
      "power_peak_watt": 450,
      "memory_mb": 131072,
      "disk_mb": 12000000,
      "bandwidth_mbps": 2048
    },
    {
      "id": 1,
      "cores": 56,
      "cpu_speed_mips": 604800,
      "power_idle_watt": 50,
      "power_peak_watt": 432,
      "memory_mb": 167936,
      "disk_mb": 10000000,
      "bandwidth_mbps": 1536
    },
    {
      "id": 2,
      "cores": 16,
      "cpu_speed_mips": 187712,
      "power_idle_watt": 116,
      "power_peak_watt": 475,
      "memory_mb": 49152,
      "disk_mb": 10000000,
      "bandwidth_mbps": 1024
    },
    {
      "id": 3,
      "cores": 16,
      "cpu_speed_mips": 187712,
      "power_idle_watt": 116,
      "power_peak_watt": 475,
      "memory_mb": 49152,
      "disk_mb": 10000000,
      "bandwidth_mbps": 1024
    }
  ]
}