{
  "workflows": [
    {
      "id": 0,
      "tasks": [
        {
          "id": 0,
          "workflow_id": 0,
          "length": 61728,
          "req_memory_mb": 74752,
          "req_cpu_cores": 16,
          "child_ids": [
            1,
            2,
            3,
            4,
            5,
            6,
            7,
            8,
            9,
            10,
            11,
            15,
            16,
            19,
            20,
            21,
            22,
            24,
            25
          ]
        },
        {
          "id": 1,
          "workflow_id": 0,
          "length": 47581,
          "req_memory_mb": 44032,
          "req_cpu_cores": 32,
          "child_ids": [
            23
          ]
        },
        {
          "id": 2,
          "workflow_id": 0,
          "length": 44078,
          "req_memory_mb": 22528,
          "req_cpu_cores": 21,
          "child_ids": []
        },
        {
          "id": 3,
          "workflow_id": 0,
          "length": 47550,
          "req_memory_mb": 68608,
          "req_cpu_cores": 8,
          "child_ids": []
        },
        {
          "id": 4,
          "workflow_id": 0,
          "length": 58507,
          "req_memory_mb": 74752,
          "req_cpu_cores": 5,
          "child_ids": [
            14
          ]
        },
        {
          "id": 5,
          "workflow_id": 0,
          "length": 70463,
          "req_memory_mb": 8192,
          "req_cpu_cores": 11,
          "child_ids": [
            12
          ]
        },
        {
          "id": 6,
          "workflow_id": 0,
          "length": 74144,
          "req_memory_mb": 5120,
          "req_cpu_cores": 35,
          "child_ids": []
        },
        {
          "id": 7,
          "workflow_id": 0,
          "length": 73157,
          "req_memory_mb": 36864,
          "req_cpu_cores": 5,
          "child_ids": []
        },
        {
          "id": 8,
          "workflow_id": 0,
          "length": 57622,
          "req_memory_mb": 7168,
          "req_cpu_cores": 11,
          "child_ids": [
            12
          ]
        },
        {
          "id": 9,
          "workflow_id": 0,
          "length": 54442,
          "req_memory_mb": 69632,
          "req_cpu_cores": 27,
          "child_ids": [
            18,
            14
          ]
        },
        {
          "id": 10,
          "workflow_id": 0,
          "length": 22514,
          "req_memory_mb": 44032,
          "req_cpu_cores": 27,
          "child_ids": []
        },
        {
          "id": 11,
          "workflow_id": 0,
          "length": 57249,
          "req_memory_mb": 66560,
          "req_cpu_cores": 8,
          "child_ids": [
            17,
            13,
            23
          ]
        },
        {
          "id": 12,
          "workflow_id": 0,
          "length": 63258,
          "req_memory_mb": 80896,
          "req_cpu_cores": 11,
          "child_ids": []
        },
        {
          "id": 13,
          "workflow_id": 0,
          "length": 72018,
          "req_memory_mb": 68608,
          "req_cpu_cores": 21,
          "child_ids": []
        },
        {
          "id": 14,
          "workflow_id": 0,
          "length": 59258,
          "req_memory_mb": 66560,
          "req_cpu_cores": 11,
          "child_ids": []
        },
        {
          "id": 15,
          "workflow_id": 0,
          "length": 48573,
          "req_memory_mb": 8192,
          "req_cpu_cores": 29,
          "child_ids": []
        },
        {
          "id": 16,
          "workflow_id": 0,
          "length": 59272,
          "req_memory_mb": 28672,
          "req_cpu_cores": 21,
          "child_ids": []
        },
        {
          "id": 17,
          "workflow_id": 0,
          "length": 58952,
          "req_memory_mb": 52224,
          "req_cpu_cores": 24,
          "child_ids": []
        },
        {
          "id": 18,
          "workflow_id": 0,
          "length": 69867,
          "req_memory_mb": 24576,
          "req_cpu_cores": 5,
          "child_ids": []
        },
        {
          "id": 19,
          "workflow_id": 0,
          "length": 69227,
          "req_memory_mb": 61440,
          "req_cpu_cores": 5,
          "child_ids": []
        },
        {
          "id": 20,
          "workflow_id": 0,
          "length": 84800,
          "req_memory_mb": 32768,
          "req_cpu_cores": 13,
          "child_ids": []
        },
        {
          "id": 21,
          "workflow_id": 0,
          "length": 35070,
          "req_memory_mb": 65536,
          "req_cpu_cores": 29,
          "child_ids": []
        },
        {
          "id": 22,
          "workflow_id": 0,
          "length": 24260,
          "req_memory_mb": 68608,
          "req_cpu_cores": 29,
          "child_ids": []
        },
        {
          "id": 23,
          "workflow_id": 0,
          "length": 25165,
          "req_memory_mb": 49152,
          "req_cpu_cores": 19,
          "child_ids": []
        },
        {
          "id": 24,
          "workflow_id": 0,
          "length": 35699,
          "req_memory_mb": 36864,
          "req_cpu_cores": 32,
          "child_ids": []
        },
        {
          "id": 25,
          "workflow_id": 0,
          "length": 39308,
          "req_memory_mb": 72704,
          "req_cpu_cores": 8,
          "child_ids": []
        }
      ],
      "arrival_time": 0
    }
  ],
  "vms": [
    {
      "id": 0,
      "host_id": 3,
      "cpu_speed_mips": 1533,
      "memory_mb": 106496,
      "cpu_cores": 16,
      "disk_mb": 1024,
      "bandwidth_mbps": 50,
      "vmm": "Xen"
    },
    {
      "id": 1,
      "host_id": 2,
      "cpu_speed_mips": 4873,
      "memory_mb": 86016,
      "cpu_cores": 16,
      "disk_mb": 1024,
      "bandwidth_mbps": 50,
      "vmm": "Xen"
    },
    {
      "id": 2,
      "host_id": 1,
      "cpu_speed_mips": 3968,
      "memory_mb": 117760,
      "cpu_cores": 56,
      "disk_mb": 1024,
      "bandwidth_mbps": 50,
      "vmm": "Xen"
    },
    {
      "id": 3,
      "host_id": 0,
      "cpu_speed_mips": 1205,
      "memory_mb": 60416,
      "cpu_cores": 40,
      "disk_mb": 1024,
      "bandwidth_mbps": 50,
      "vmm": "Xen"
    },
    {
      "id": 4,
      "host_id": 3,
      "cpu_speed_mips": 3099,
      "memory_mb": 105472,
      "cpu_cores": 16,
      "disk_mb": 1024,
      "bandwidth_mbps": 50,
      "vmm": "Xen"
    },
    {
      "id": 5,
      "host_id": 2,
      "cpu_speed_mips": 2722,
      "memory_mb": 90112,
      "cpu_cores": 16,
      "disk_mb": 1024,
      "bandwidth_mbps": 50,
      "vmm": "Xen"
    },
    {
      "id": 6,
      "host_id": 1,
      "cpu_speed_mips": 3397,
      "memory_mb": 91136,
      "cpu_cores": 56,
      "disk_mb": 1024,
      "bandwidth_mbps": 50,
      "vmm": "Xen"
    },
    {
      "id": 7,
      "host_id": 0,
      "cpu_speed_mips": 1037,
      "memory_mb": 38912,
      "cpu_cores": 40,
      "disk_mb": 1024,
      "bandwidth_mbps": 50,
      "vmm": "Xen"
    },
    {
      "id": 8,
      "host_id": 3,
      "cpu_speed_mips": 2663,
      "memory_mb": 79872,
      "cpu_cores": 16,
      "disk_mb": 1024,
      "bandwidth_mbps": 50,
      "vmm": "Xen"
    },
    {
      "id": 9,
      "host_id": 2,
      "cpu_speed_mips": 2546,
      "memory_mb": 82944,
      "cpu_cores": 16,
      "disk_mb": 1024,
      "bandwidth_mbps": 50,
      "vmm": "Xen"
    },
    {
      "id": 10,
      "host_id": 1,
      "cpu_speed_mips": 2996,
      "memory_mb": 81920,
      "cpu_cores": 56,
      "disk_mb": 1024,
      "bandwidth_mbps": 50,
      "vmm": "Xen"
    },
    {
      "id": 11,
      "host_id": 0,
      "cpu_speed_mips": 599,
      "memory_mb": 84992,
      "cpu_cores": 40,
      "disk_mb": 1024,
      "bandwidth_mbps": 50,
      "vmm": "Xen"
    }
  ],
  "hosts": [
    {
      "id": 0,
      "cores": 40,
      "cpu_speed_mips": 512000,
      "power_idle_watt": 85,
      "power_peak_watt": 450,
      "memory_mb": 131072,
      "disk_mb": 12000000,
      "bandwidth_mbps": 2048
    },
    {
      "id": 1,
      "cores": 56,
      "cpu_speed_mips": 604800,
      "power_idle_watt": 50,
      "power_peak_watt": 432,
      "memory_mb": 167936,
      "disk_mb": 10000000,
      "bandwidth_mbps": 1536
    },
    {
      "id": 2,
      "cores": 16,
      "cpu_speed_mips": 187712,
      "power_idle_watt": 116,
      "power_peak_watt": 475,
      "memory_mb": 49152,
      "disk_mb": 10000000,
      "bandwidth_mbps": 1024
    },
    {
      "id": 3,
      "cores": 16,
      "cpu_speed_mips": 187712,
      "power_idle_watt": 116,
      "power_peak_watt": 475,
      "memory_mb": 49152,
      "disk_mb": 10000000,
      "bandwidth_mbps": 1024
    }
  ]
}