{
  "workflows": [
    {
      "id": 0,
      "tasks": [
        {
          "id": 0,
          "workflow_id": 0,
          "length": 83710,
          "req_memory_mb": 81920,
          "req_cpu_cores": 19,
          "child_ids": [
            1,
            2,
            3,
            4,
            5,
            6,
            7,
            8,
            10,
            11,
            12,
            13,
            14,
            16,
            17,
            18,
            22,
            23,
            25,
            26,
            27,
            28
          ]
        },
        {
          "id": 1,
          "workflow_id": 0,
          "length": 19263,
          "req_memory_mb": 38912,
          "req_cpu_cores": 21,
          "child_ids": [
            15
          ]
        },
        {
          "id": 2,
          "workflow_id": 0,
          "length": 76629,
          "req_memory_mb": 36864,
          "req_cpu_cores": 12,
          "child_ids": [
            19
          ]
        },
        {
          "id": 3,
          "workflow_id": 0,
          "length": 53270,
          "req_memory_mb": 29696,
          "req_cpu_cores": 21,
          "child_ids": [
            15
          ]
        },
        {
          "id": 4,
          "workflow_id": 0,
          "length": 52991,
          "req_memory_mb": 70656,
          "req_cpu_cores": 10,
          "child_ids": [
            20
          ]
        },
        {
          "id": 5,
          "workflow_id": 0,
          "length": 46304,
          "req_memory_mb": 18432,
          "req_cpu_cores": 23,
          "child_ids": [
            9
          ]
        },
        {
          "id": 6,
          "workflow_id": 0,
          "length": 28053,
          "req_memory_mb": 46080,
          "req_cpu_cores": 2,
          "child_ids": [
            24
          ]
        },
        {
          "id": 7,
          "workflow_id": 0,
          "length": 42700,
          "req_memory_mb": 62464,
          "req_cpu_cores": 13,
          "child_ids": [
            24
          ]
        },
        {
          "id": 8,
          "workflow_id": 0,
          "length": 38119,
          "req_memory_mb": 72704,
          "req_cpu_cores": 2,
          "child_ids": []
        },
        {
          "id": 9,
          "workflow_id": 0,
          "length": 50405,
          "req_memory_mb": 11264,
          "req_cpu_cores": 27,
          "child_ids": []
        },
        {
          "id": 10,
          "workflow_id": 0,
          "length": 53711,
          "req_memory_mb": 2048,
          "req_cpu_cores": 13,
          "child_ids": []
        },
        {
          "id": 11,
          "workflow_id": 0,
          "length": 27886,
          "req_memory_mb": 61440,
          "req_cpu_cores": 23,
          "child_ids": [
            21
          ]
        },
        {
          "id": 12,
          "workflow_id": 0,
          "length": 32491,
          "req_memory_mb": 34816,
          "req_cpu_cores": 25,
          "child_ids": []
        },
        {
          "id": 13,
          "workflow_id": 0,
          "length": 26898,
          "req_memory_mb": 49152,
          "req_cpu_cores": 15,
          "child_ids": [
            29
          ]
        },
        {
          "id": 14,
          "workflow_id": 0,
          "length": 32648,
          "req_memory_mb": 43008,
          "req_cpu_cores": 21,
          "child_ids": []
        },
        {
          "id": 15,
          "workflow_id": 0,
          "length": 50077,
          "req_memory_mb": 33792,
          "req_cpu_cores": 27,
          "child_ids": []
        },
        {
          "id": 16,
          "workflow_id": 0,
          "length": 21345,
          "req_memory_mb": 27648,
          "req_cpu_cores": 17,
          "child_ids": [
            29
          ]
        },
        {
          "id": 17,
          "workflow_id": 0,
          "length": 12859,
          "req_memory_mb": 39936,
          "req_cpu_cores": 15,
          "child_ids": []
        },
        {
          "id": 18,
          "workflow_id": 0,
          "length": 51147,
          "req_memory_mb": 75776,
          "req_cpu_cores": 6,
          "child_ids": []
        },
        {
          "id": 19,
          "workflow_id": 0,
          "length": 59402,
          "req_memory_mb": 41984,
          "req_cpu_cores": 12,
          "child_ids": []
        },
        {
          "id": 20,
          "workflow_id": 0,
          "length": 67369,
          "req_memory_mb": 35840,
          "req_cpu_cores": 17,
          "child_ids": []
        },
        {
          "id": 21,
          "workflow_id": 0,
          "length": 23350,
          "req_memory_mb": 22528,
          "req_cpu_cores": 21,
          "child_ids": []
        },
        {
          "id": 22,
          "workflow_id": 0,
          "length": 50544,
          "req_memory_mb": 68608,
          "req_cpu_cores": 25,
          "child_ids": []
        },
        {
          "id": 23,
          "workflow_id": 0,
          "length": 61038,
          "req_memory_mb": 83968,
          "req_cpu_cores": 8,
          "child_ids": []
        },
        {
          "id": 24,
          "workflow_id": 0,
          "length": 32154,
          "req_memory_mb": 6144,
          "req_cpu_cores": 19,
          "child_ids": []
        },
        {
          "id": 25,
          "workflow_id": 0,
          "length": 38908,
          "req_memory_mb": 77824,
          "req_cpu_cores": 19,
          "child_ids": []
        },
        {
          "id": 26,
          "workflow_id": 0,
          "length": 56409,
          "req_memory_mb": 22528,
          "req_cpu_cores": 21,
          "child_ids": []
        },
        {
          "id": 27,
          "workflow_id": 0,
          "length": 36931,
          "req_memory_mb": 1024,
          "req_cpu_cores": 2,
          "child_ids": []
        },
        {
          "id": 28,
          "workflow_id": 0,
          "length": 62637,
          "req_memory_mb": 67584,
          "req_cpu_cores": 13,
          "child_ids": []
        },
        {
          "id": 29,
          "workflow_id": 0,
          "length": 24180,
          "req_memory_mb": 23552,
          "req_cpu_cores": 12,
          "child_ids": []
        }
      ],
      "arrival_time": 0
    }
  ],
  "vms": [
    {
      "id": 0,
      "host_id": 3,
      "cpu_speed_mips": 1533,
      "memory_mb": 106496,
      "cpu_cores": 16,
      "disk_mb": 1024,
      "bandwidth_mbps": 50,
      "vmm": "Xen"
    },
    {
      "id": 1,
      "host_id": 2,
      "cpu_speed_mips": 4873,
      "memory_mb": 86016,
      "cpu_cores": 16,
      "disk_mb": 1024,
      "bandwidth_mbps": 50,
      "vmm": "Xen"
    },
    {
      "id": 2,
      "host_id": 1,
      "cpu_speed_mips": 3968,
      "memory_mb": 117760,
      "cpu_cores": 56,
      "disk_mb": 1024,
      "bandwidth_mbps": 50,
      "vmm": "Xen"
    },
    {
      "id": 3,
      "host_id": 0,
      "cpu_speed_mips": 1205,
      "memory_mb": 60416,
      "cpu_cores": 40,
      "disk_mb": 1024,
      "bandwidth_mbps": 50,
      "vmm": "Xen"
    },
    {
      "id": 4,
      "host_id": 3,
      "cpu_speed_mips": 3099,
      "memory_mb": 105472,
      "cpu_cores": 16,
      "disk_mb": 1024,
      "bandwidth_mbps": 50,
      "vmm": "Xen"
    },
    {
      "id": 5,
      "host_id": 2,
      "cpu_speed_mips": 2722,
      "memory_mb": 90112,
      "cpu_cores": 16,
      "disk_mb": 1024,
      "bandwidth_mbps": 50,
      "vmm": "Xen"
    },
    {
      "id": 6,
      "host_id": 1,
      "cpu_speed_mips": 3397,
      "memory_mb": 91136,
      "cpu_cores": 56,
      "disk_mb": 1024,
      "bandwidth_mbps": 50,
      "vmm": "Xen"
    },
    {
      "id": 7,
      "host_id": 0,
      "cpu_speed_mips": 1037,
      "memory_mb": 38912,
      "cpu_cores": 40,
      "disk_mb": 1024,
      "bandwidth_mbps": 50,
      "vmm": "Xen"
    },
    {
      "id": 8,
      "host_id": 3,
      "cpu_speed_mips": 2663,
      "memory_mb": 79872,
      "cpu_cores": 16,
      "disk_mb": 1024,
      "bandwidth_mbps": 50,
      "vmm": "Xen"
    },
    {
      "id": 9,
      "host_id": 2,
      "cpu_speed_mips": 2546,
      "memory_mb": 82944,
      "cpu_cores": 16,
      "disk_mb": 1024,
      "bandwidth_mbps": 50,
      "vmm": "Xen"
    },
    {
      "id": 10,
      "host_id": 1,
      "cpu_speed_mips": 2996,
      "memory_mb": 81920,
      "cpu_cores": 56,
      "disk_mb": 1024,
      "bandwidth_mbps": 50,
      "vmm": "Xen"
    },
    {
      "id": 11,
      "host_id": 0,
      "cpu_speed_mips": 599,
      "memory_mb": 84992,
      "cpu_cores": 40,
      "disk_mb": 1024,
      "bandwidth_mbps": 50,
      "vmm": "Xen"
    }
  ],
  "hosts": [
    {
      "id": 0,
      "cores": 40,
      "cpu_speed_mips": 512000,
      "power_idle_watt": 85,
      "power_peak_watt": 450,
      "memory_mb": 131072,
      "disk_mb": 12000000,
      "bandwidth_mbps": 2048
    },
    {
      "id": 1,
      "cores": 56,
      "cpu_speed_mips": 604800,
      "power_idle_watt": 50,
      "power_peak_watt": 432,
      "memory_mb": 167936,
      "disk_mb": 10000000,
      "bandwidth_mbps": 1536
    },
    {
      "id": 2,
      "cores": 16,
      "cpu_speed_mips": 187712,
      "power_idle_watt": 116,
      "power_peak_watt": 475,
      "memory_mb": 49152,
      "disk_mb": 10000000,
      "bandwidth_mbps": 1024
    },
    {
      "id": 3,
      "cores": 16,
      "cpu_speed_mips": 187712,
      "power_idle_watt": 116,
      "power_peak_watt": 475,
      "memory_mb": 49152,
      "disk_mb": 10000000,
      "bandwidth_mbps": 1024
    }
  ]
}