{
  "workflows": [
    {
      "id": 0,
      "tasks": [
        {
          "id": 0,
          "workflow_id": 0,
          "length": 22825,
          "req_memory_mb": 36864,
          "req_cpu_cores": 18,
          "child_ids": [
            1,
            2,
            3,
            4,
            5,
            6,
            7,
            8,
            9,
            11,
            12,
            13,
            14,
            15,
            16,
            17,
            18,
            19,
            20,
            21
          ]
        },
        {
          "id": 1,
          "workflow_id": 0,
          "length": 45421,
          "req_memory_mb": 36864,
          "req_cpu_cores": 16,
          "child_ids": []
        },
        {
          "id": 2,
          "workflow_id": 0,
          "length": 51825,
          "req_memory_mb": 76800,
          "req_cpu_cores": 31,
          "child_ids": []
        },
        {
          "id": 3,
          "workflow_id": 0,
          "length": 68976,
          "req_memory_mb": 11264,
          "req_cpu_cores": 20,
          "child_ids": [
            23
          ]
        },
        {
          "id": 4,
          "workflow_id": 0,
          "length": 77364,
          "req_memory_mb": 23552,
          "req_cpu_cores": 16,
          "child_ids": []
        },
        {
          "id": 5,
          "workflow_id": 0,
          "length": 54555,
          "req_memory_mb": 6144,
          "req_cpu_cores": 20,
          "child_ids": []
        },
        {
          "id": 6,
          "workflow_id": 0,
          "length": 49973,
          "req_memory_mb": 81920,
          "req_cpu_cores": 24,
          "child_ids": [
            10
          ]
        },
        {
          "id": 7,
          "workflow_id": 0,
          "length": 71066,
          "req_memory_mb": 26624,
          "req_cpu_cores": 22,
          "child_ids": []
        },
        {
          "id": 8,
          "workflow_id": 0,
          "length": 61996,
          "req_memory_mb": 36864,
          "req_cpu_cores": 2,
          "child_ids": [
            22
          ]
        },
        {
          "id": 9,
          "workflow_id": 0,
          "length": 70228,
          "req_memory_mb": 30720,
          "req_cpu_cores": 13,
          "child_ids": []
        },
        {
          "id": 10,
          "workflow_id": 0,
          "length": 55070,
          "req_memory_mb": 12288,
          "req_cpu_cores": 16,
          "child_ids": []
        },
        {
          "id": 11,
          "workflow_id": 0,
          "length": 54255,
          "req_memory_mb": 72704,
          "req_cpu_cores": 7,
          "child_ids": []
        },
        {
          "id": 12,
          "workflow_id": 0,
          "length": 63673,
          "req_memory_mb": 31744,
          "req_cpu_cores": 20,
          "child_ids": [
            22
          ]
        },
        {
          "id": 13,
          "workflow_id": 0,
          "length": 57107,
          "req_memory_mb": 69632,
          "req_cpu_cores": 27,
          "child_ids": []
        },
        {
          "id": 14,
          "workflow_id": 0,
          "length": 64348,
          "req_memory_mb": 74752,
          "req_cpu_cores": 22,
          "child_ids": []
        },
        {
          "id": 15,
          "workflow_id": 0,
          "length": 46995,
          "req_memory_mb": 38912,
          "req_cpu_cores": 20,
          "child_ids": []
        },
        {
          "id": 16,
          "workflow_id": 0,
          "length": 8269,
          "req_memory_mb": 38912,
          "req_cpu_cores": 29,
          "child_ids": []
        },
        {
          "id": 17,
          "workflow_id": 0,
          "length": 38535,
          "req_memory_mb": 78848,
          "req_cpu_cores": 20,
          "child_ids": []
        },
        {
          "id": 18,
          "workflow_id": 0,
          "length": 57380,
          "req_memory_mb": 94208,
          "req_cpu_cores": 2,
          "child_ids": []
        },
        {
          "id": 19,
          "workflow_id": 0,
          "length": 30772,
          "req_memory_mb": 44032,
          "req_cpu_cores": 4,
          "child_ids": []
        },
        {
          "id": 20,
          "workflow_id": 0,
          "length": 27676,
          "req_memory_mb": 68608,
          "req_cpu_cores": 22,
          "child_ids": []
        },
        {
          "id": 21,
          "workflow_id": 0,
          "length": 39685,
          "req_memory_mb": 93184,
          "req_cpu_cores": 7,
          "child_ids": []
        },
        {
          "id": 22,
          "workflow_id": 0,
          "length": 72643,
          "req_memory_mb": 21504,
          "req_cpu_cores": 9,
          "child_ids": []
        },
        {
          "id": 23,
          "workflow_id": 0,
          "length": 44865,
          "req_memory_mb": 11264,
          "req_cpu_cores": 31,
          "child_ids": []
        }
      ],
      "arrival_time": 0
    }
  ],
  "vms": [
    {
      "id": 0,
      "host_id": 3,
      "cpu_speed_mips": 1533,
      "memory_mb": 106496,
      "cpu_cores": 16,
      "disk_mb": 1024,
      "bandwidth_mbps": 50,
      "vmm": "Xen"
    },
    {
      "id": 1,
      "host_id": 2,
      "cpu_speed_mips": 4873,
      "memory_mb": 86016,
      "cpu_cores": 16,
      "disk_mb": 1024,
      "bandwidth_mbps": 50,
      "vmm": "Xen"
    },
    {
      "id": 2,
      "host_id": 1,
      "cpu_speed_mips": 3968,
      "memory_mb": 117760,
      "cpu_cores": 56,
      "disk_mb": 1024,
      "bandwidth_mbps": 50,
      "vmm": "Xen"
    },
    {
      "id": 3,
      "host_id": 0,
      "cpu_speed_mips": 1205,
      "memory_mb": 60416,
      "cpu_cores": 40,
      "disk_mb": 1024,
      "bandwidth_mbps": 50,
      "vmm": "Xen"
    },
    {
      "id": 4,
      "host_id": 3,
      "cpu_speed_mips": 3099,
      "memory_mb": 105472,
      "cpu_cores": 16,
      "disk_mb": 1024,
      "bandwidth_mbps": 50,
      "vmm": "Xen"
    },
    {
      "id": 5,
      "host_id": 2,
      "cpu_speed_mips": 2722,
      "memory_mb": 90112,
      "cpu_cores": 16,
      "disk_mb": 1024,
      "bandwidth_mbps": 50,
      "vmm": "Xen"
    },
    {
      "id": 6,
      "host_id": 1,
      "cpu_speed_mips": 3397,
      "memory_mb": 91136,
      "cpu_cores": 56,
      "disk_mb": 1024,
      "bandwidth_mbps": 50,
      "vmm": "Xen"
    },
    {
      "id": 7,
      "host_id": 0,
      "cpu_speed_mips": 1037,
      "memory_mb": 38912,
      "cpu_cores": 40,
      "disk_mb": 1024,
      "bandwidth_mbps": 50,
      "vmm": "Xen"
    },
    {
      "id": 8,
      "host_id": 3,
      "cpu_speed_mips": 2663,
      "memory_mb": 79872,
      "cpu_cores": 16,
      "disk_mb": 1024,
      "bandwidth_mbps": 50,
      "vmm": "Xen"
    },
    {
      "id": 9,
      "host_id": 2,
      "cpu_speed_mips": 2546,
      "memory_mb": 82944,
      "cpu_cores": 16,
      "disk_mb": 1024,
      "bandwidth_mbps": 50,
      "vmm": "Xen"
    },
    {
      "id": 10,
      "host_id": 1,
      "cpu_speed_mips": 2996,
      "memory_mb": 81920,
      "cpu_cores": 56,
      "disk_mb": 1024,
      "bandwidth_mbps": 50,
      "vmm": "Xen"
    },
    {
      "id": 11,
      "host_id": 0,
      "cpu_speed_mips": 599,
      "memory_mb": 84992,
      "cpu_cores": 40,
      "disk_mb": 1024,
      "bandwidth_mbps": 50,
      "vmm": "Xen"
    }
  ],
  "hosts": [
    {
      "id": 0,
      "cores": 40,
      "cpu_speed_mips": 512000,
      "power_idle_watt": 85,
      "power_peak_watt": 450,
      "memory_mb": 131072,
      "disk_mb": 12000000,
      "bandwidth_mbps": 2048
    },
    {
      "id": 1,
      "cores": 56,
      "cpu_speed_mips": 604800,
      "power_idle_watt": 50,
      "power_peak_watt": 432,
      "memory_mb": 167936,
      "disk_mb": 10000000,
      "bandwidth_mbps": 1536
    },
    {
      "id": 2,
      "cores": 16,
      "cpu_speed_mips": 187712,
      "power_idle_watt": 116,
      "power_peak_watt": 475,
      "memory_mb": 49152,
      "disk_mb": 10000000,
      "bandwidth_mbps": 1024
    },
    {
      "id": 3,
      "cores": 16,
      "cpu_speed_mips": 187712,
      "power_idle_watt": 116,
      "power_peak_watt": 475,
      "memory_mb": 49152,
      "disk_mb": 10000000,
      "bandwidth_mbps": 1024
    }
  ]
}