{
  "workflows": [
    {
      "id": 0,
      "tasks": [
        {
          "id": 0,
          "workflow_id": 0,
          "length": 63555,
          "req_memory_mb": 12288,
          "req_cpu_cores": 14,
          "child_ids": [
            1,
            2,
            3,
            4,
            5,
            6,
            7,
            8,
            9,
            12,
            13,
            14,
            15,
            16,
            17,
            19,
            20,
            22,
            24,
            25
          ]
        },
        {
          "id": 1,
          "workflow_id": 0,
          "length": 30798,
          "req_memory_mb": 41984,
          "req_cpu_cores": 34,
          "child_ids": []
        },
        {
          "id": 2,
          "workflow_id": 0,
          "length": 45251,
          "req_memory_mb": 92160,
          "req_cpu_cores": 31,
          "child_ids": []
        },
        {
          "id": 3,
          "workflow_id": 0,
          "length": 37527,
          "req_memory_mb": 65536,
          "req_cpu_cores": 11,
          "child_ids": [
            18
          ]
        },
        {
          "id": 4,
          "workflow_id": 0,
          "length": 43739,
          "req_memory_mb": 34816,
          "req_cpu_cores": 11,
          "child_ids": []
        },
        {
          "id": 5,
          "workflow_id": 0,
          "length": 46104,
          "req_memory_mb": 16384,
          "req_cpu_cores": 3,
          "child_ids": []
        },
        {
          "id": 6,
          "workflow_id": 0,
          "length": 65216,
          "req_memory_mb": 1024,
          "req_cpu_cores": 20,
          "child_ids": []
        },
        {
          "id": 7,
          "workflow_id": 0,
          "length": 32593,
          "req_memory_mb": 18432,
          "req_cpu_cores": 34,
          "child_ids": [
            18,
            21,
            23
          ]
        },
        {
          "id": 8,
          "workflow_id": 0,
          "length": 69879,
          "req_memory_mb": 104448,
          "req_cpu_cores": 37,
          "child_ids": [
            10,
            26
          ]
        },
        {
          "id": 9,
          "workflow_id": 0,
          "length": 37306,
          "req_memory_mb": 48128,
          "req_cpu_cores": 26,
          "child_ids": []
        },
        {
          "id": 10,
          "workflow_id": 0,
          "length": 47269,
          "req_memory_mb": 46080,
          "req_cpu_cores": 20,
          "child_ids": [
            11
          ]
        },
        {
          "id": 11,
          "workflow_id": 0,
          "length": 90771,
          "req_memory_mb": 17408,
          "req_cpu_cores": 40,
          "child_ids": [
            18
          ]
        },
        {
          "id": 12,
          "workflow_id": 0,
          "length": 72961,
          "req_memory_mb": 94208,
          "req_cpu_cores": 3,
          "child_ids": []
        },
        {
          "id": 13,
          "workflow_id": 0,
          "length": 65756,
          "req_memory_mb": 88064,
          "req_cpu_cores": 20,
          "child_ids": []
        },
        {
          "id": 14,
          "workflow_id": 0,
          "length": 37023,
          "req_memory_mb": 5120,
          "req_cpu_cores": 14,
          "child_ids": [
            26
          ]
        },
        {
          "id": 15,
          "workflow_id": 0,
          "length": 57946,
          "req_memory_mb": 63488,
          "req_cpu_cores": 9,
          "child_ids": [
            23
          ]
        },
        {
          "id": 16,
          "workflow_id": 0,
          "length": 48647,
          "req_memory_mb": 71680,
          "req_cpu_cores": 6,
          "child_ids": []
        },
        {
          "id": 17,
          "workflow_id": 0,
          "length": 36828,
          "req_memory_mb": 40960,
          "req_cpu_cores": 3,
          "child_ids": []
        },
        {
          "id": 18,
          "workflow_id": 0,
          "length": 59671,
          "req_memory_mb": 5120,
          "req_cpu_cores": 3,
          "child_ids": []
        },
        {
          "id": 19,
          "workflow_id": 0,
          "length": 78709,
          "req_memory_mb": 36864,
          "req_cpu_cores": 9,
          "child_ids": []
        },
        {
          "id": 20,
          "workflow_id": 0,
          "length": 82344,
          "req_memory_mb": 36864,
          "req_cpu_cores": 34,
          "child_ids": []
        },
        {
          "id": 21,
          "workflow_id": 0,
          "length": 49634,
          "req_memory_mb": 105472,
          "req_cpu_cores": 9,
          "child_ids": []
        },
        {
          "id": 22,
          "workflow_id": 0,
          "length": 44904,
          "req_memory_mb": 15360,
          "req_cpu_cores": 3,
          "child_ids": []
        },
        {
          "id": 23,
          "workflow_id": 0,
          "length": 86141,
          "req_memory_mb": 70656,
          "req_cpu_cores": 31,
          "child_ids": []
        },
        {
          "id": 24,
          "workflow_id": 0,
          "length": 65149,
          "req_memory_mb": 40960,
          "req_cpu_cores": 26,
          "child_ids": []
        },
        {
          "id": 25,
          "workflow_id": 0,
          "length": 33201,
          "req_memory_mb": 105472,
          "req_cpu_cores": 3,
          "child_ids": []
        },
        {
          "id": 26,
          "workflow_id": 0,
          "length": 54531,
          "req_memory_mb": 23552,
          "req_cpu_cores": 40,
          "child_ids": []
        }
      ],
      "arrival_time": 0
    }
  ],
  "vms": [
    {
      "id": 0,
      "host_id": 3,
      "cpu_speed_mips": 1533,
      "memory_mb": 106496,
      "cpu_cores": 16,
      "disk_mb": 1024,
      "bandwidth_mbps": 50,
      "vmm": "Xen"
    },
    {
      "id": 1,
      "host_id": 2,
      "cpu_speed_mips": 4873,
      "memory_mb": 86016,
      "cpu_cores": 16,
      "disk_mb": 1024,
      "bandwidth_mbps": 50,
      "vmm": "Xen"
    },
    {
      "id": 2,
      "host_id": 1,
      "cpu_speed_mips": 3968,
      "memory_mb": 117760,
      "cpu_cores": 56,
      "disk_mb": 1024,
      "bandwidth_mbps": 50,
      "vmm": "Xen"
    },
    {
      "id": 3,
      "host_id": 0,
      "cpu_speed_mips": 1205,
      "memory_mb": 60416,
      "cpu_cores": 40,
      "disk_mb": 1024,
      "bandwidth_mbps": 50,
      "vmm": "Xen"
    },
    {
      "id": 4,
      "host_id": 3,
      "cpu_speed_mips": 3099,
      "memory_mb": 105472,
      "cpu_cores": 16,
      "disk_mb": 1024,
      "bandwidth_mbps": 50,
      "vmm": "Xen"
    },
    {
      "id": 5,
      "host_id": 2,
      "cpu_speed_mips": 2722,
      "memory_mb": 90112,
      "cpu_cores": 16,
      "disk_mb": 1024,
      "bandwidth_mbps": 50,
      "vmm": "Xen"
    },
    {
      "id": 6,
      "host_id": 1,
      "cpu_speed_mips": 3397,
      "memory_mb": 91136,
      "cpu_cores": 56,
      "disk_mb": 1024,
      "bandwidth_mbps": 50,
      "vmm": "Xen"
    },
    {
      "id": 7,
      "host_id": 0,
      "cpu_speed_mips": 1037,
      "memory_mb": 38912,
      "cpu_cores": 40,
      "disk_mb": 1024,
      "bandwidth_mbps": 50,
      "vmm": "Xen"
    },
    {
      "id": 8,
      "host_id": 3,
      "cpu_speed_mips": 2663,
      "memory_mb": 79872,
      "cpu_cores": 16,
      "disk_mb": 1024,
      "bandwidth_mbps": 50,
      "vmm": "Xen"
    },
    {
      "id": 9,
      "host_id": 2,
      "cpu_speed_mips": 2546,
      "memory_mb": 82944,
      "cpu_cores": 16,
      "disk_mb": 1024,
      "bandwidth_mbps": 50,
      "vmm": "Xen"
    },
    {
      "id": 10,
      "host_id": 1,
      "cpu_speed_mips": 2996,
      "memory_mb": 81920,
      "cpu_cores": 56,
      "disk_mb": 1024,
      "bandwidth_mbps": 50,
      "vmm": "Xen"
    },
    {
      "id": 11,
      "host_id": 0,
      "cpu_speed_mips": 599,
      "memory_mb": 84992,
      "cpu_cores": 40,
      "disk_mb": 1024,
      "bandwidth_mbps": 50,
      "vmm": "Xen"
    }
  ],
  "hosts": [
    {
      "id": 0,
      "cores": 40,
      "cpu_speed_mips": 512000,
      "power_idle_watt": 85,
      "power_peak_watt": 450,
      "memory_mb": 131072,
      "disk_mb": 12000000,
      "bandwidth_mbps": 2048
    },
    {
      "id": 1,
      "cores": 56,
      "cpu_speed_mips": 604800,
      "power_idle_watt": 50,
      "power_peak_watt": 432,
      "memory_mb": 167936,
      "disk_mb": 10000000,
      "bandwidth_mbps": 1536
    },
    {
      "id": 2,
      "cores": 16,
      "cpu_speed_mips": 187712,
      "power_idle_watt": 116,
      "power_peak_watt": 475,
      "memory_mb": 49152,
      "disk_mb": 10000000,
      "bandwidth_mbps": 1024
    },
    {
      "id": 3,
      "cores": 16,
      "cpu_speed_mips": 187712,
      "power_idle_watt": 116,
      "power_peak_watt": 475,
      "memory_mb": 49152,
      "disk_mb": 10000000,
      "bandwidth_mbps": 1024
    }
  ]
}