{
  "workflows": [
    {
      "id": 0,
      "tasks": [
        {
          "id": 0,
          "workflow_id": 0,
          "length": 48657,
          "req_memory_mb": 65536,
          "req_cpu_cores": 2,
          "child_ids": [
            1,
            2,
            3,
            4,
            5,
            6,
            7,
            9,
            10,
            11,
            12,
            13,
            14,
            15,
            18,
            21,
            23,
            26,
            27,
            28
          ]
        },
        {
          "id": 1,
          "workflow_id": 0,
          "length": 95274,
          "req_memory_mb": 54272,
          "req_cpu_cores": 26,
          "child_ids": []
        },
        {
          "id": 2,
          "workflow_id": 0,
          "length": 50308,
          "req_memory_mb": 17408,
          "req_cpu_cores": 24,
          "child_ids": [
            25
          ]
        },
        {
          "id": 3,
          "workflow_id": 0,
          "length": 15670,
          "req_memory_mb": 28672,
          "req_cpu_cores": 2,
          "child_ids": [
            25
          ]
        },
        {
          "id": 4,
          "workflow_id": 0,
          "length": 32409,
          "req_memory_mb": 28672,
          "req_cpu_cores": 22,
          "child_ids": [
            8,
            20
          ]
        },
        {
          "id": 5,
          "workflow_id": 0,
          "length": 38976,
          "req_memory_mb": 88064,
          "req_cpu_cores": 26,
          "child_ids": [
            16,
            17
          ]
        },
        {
          "id": 6,
          "workflow_id": 0,
          "length": 35734,
          "req_memory_mb": 11264,
          "req_cpu_cores": 7,
          "child_ids": [
            22
          ]
        },
        {
          "id": 7,
          "workflow_id": 0,
          "length": 22545,
          "req_memory_mb": 11264,
          "req_cpu_cores": 13,
          "child_ids": []
        },
        {
          "id": 8,
          "workflow_id": 0,
          "length": 42717,
          "req_memory_mb": 83968,
          "req_cpu_cores": 31,
          "child_ids": []
        },
        {
          "id": 9,
          "workflow_id": 0,
          "length": 43720,
          "req_memory_mb": 4096,
          "req_cpu_cores": 9,
          "child_ids": []
        },
        {
          "id": 10,
          "workflow_id": 0,
          "length": 48330,
          "req_memory_mb": 57344,
          "req_cpu_cores": 20,
          "child_ids": [
            17
          ]
        },
        {
          "id": 11,
          "workflow_id": 0,
          "length": 61973,
          "req_memory_mb": 57344,
          "req_cpu_cores": 31,
          "child_ids": [
            19
          ]
        },
        {
          "id": 12,
          "workflow_id": 0,
          "length": 56028,
          "req_memory_mb": 31744,
          "req_cpu_cores": 28,
          "child_ids": []
        },
        {
          "id": 13,
          "workflow_id": 0,
          "length": 68204,
          "req_memory_mb": 40960,
          "req_cpu_cores": 2,
          "child_ids": [
            20
          ]
        },
        {
          "id": 14,
          "workflow_id": 0,
          "length": 55516,
          "req_memory_mb": 2048,
          "req_cpu_cores": 13,
          "child_ids": [
            22
          ]
        },
        {
          "id": 15,
          "workflow_id": 0,
          "length": 56328,
          "req_memory_mb": 53248,
          "req_cpu_cores": 24,
          "child_ids": [
            24
          ]
        },
        {
          "id": 16,
          "workflow_id": 0,
          "length": 54706,
          "req_memory_mb": 80896,
          "req_cpu_cores": 17,
          "child_ids": []
        },
        {
          "id": 17,
          "workflow_id": 0,
          "length": 32619,
          "req_memory_mb": 38912,
          "req_cpu_cores": 15,
          "child_ids": [
            19
          ]
        },
        {
          "id": 18,
          "workflow_id": 0,
          "length": 64403,
          "req_memory_mb": 59392,
          "req_cpu_cores": 15,
          "child_ids": []
        },
        {
          "id": 19,
          "workflow_id": 0,
          "length": 62012,
          "req_memory_mb": 20480,
          "req_cpu_cores": 22,
          "child_ids": [
            24
          ]
        },
        {
          "id": 20,
          "workflow_id": 0,
          "length": 70978,
          "req_memory_mb": 55296,
          "req_cpu_cores": 17,
          "child_ids": []
        },
        {
          "id": 21,
          "workflow_id": 0,
          "length": 43630,
          "req_memory_mb": 70656,
          "req_cpu_cores": 20,
          "child_ids": []
        },
        {
          "id": 22,
          "workflow_id": 0,
          "length": 55269,
          "req_memory_mb": 22528,
          "req_cpu_cores": 15,
          "child_ids": []
        },
        {
          "id": 23,
          "workflow_id": 0,
          "length": 37338,
          "req_memory_mb": 44032,
          "req_cpu_cores": 13,
          "child_ids": []
        },
        {
          "id": 24,
          "workflow_id": 0,
          "length": 36939,
          "req_memory_mb": 81920,
          "req_cpu_cores": 17,
          "child_ids": []
        },
        {
          "id": 25,
          "workflow_id": 0,
          "length": 22188,
          "req_memory_mb": 69632,
          "req_cpu_cores": 15,
          "child_ids": []
        },
        {
          "id": 26,
          "workflow_id": 0,
          "length": 42430,
          "req_memory_mb": 67584,
          "req_cpu_cores": 17,
          "child_ids": []
        },
        {
          "id": 27,
          "workflow_id": 0,
          "length": 19661,
          "req_memory_mb": 41984,
          "req_cpu_cores": 17,
          "child_ids": []
        },
        {
          "id": 28,
          "workflow_id": 0,
          "length": 53197,
          "req_memory_mb": 25600,
          "req_cpu_cores": 9,
          "child_ids": []
        }
      ],
      "arrival_time": 0
    }
  ],
  "vms": [
    {
      "id": 0,
      "host_id": 3,
      "cpu_speed_mips": 1533,
      "memory_mb": 106496,
      "cpu_cores": 16,
      "disk_mb": 1024,
      "bandwidth_mbps": 50,
      "vmm": "Xen"
    },
    {
      "id": 1,
      "host_id": 2,
      "cpu_speed_mips": 4873,
      "memory_mb": 86016,
      "cpu_cores": 16,
      "disk_mb": 1024,
      "bandwidth_mbps": 50,
      "vmm": "Xen"
    },
    {
      "id": 2,
      "host_id": 1,
      "cpu_speed_mips": 3968,
      "memory_mb": 117760,
      "cpu_cores": 56,
      "disk_mb": 1024,
      "bandwidth_mbps": 50,
      "vmm": "Xen"
    },
    {
      "id": 3,
      "host_id": 0,
      "cpu_speed_mips": 1205,
      "memory_mb": 60416,
      "cpu_cores": 40,
      "disk_mb": 1024,
      "bandwidth_mbps": 50,
      "vmm": "Xen"
    },
    {
      "id": 4,
      "host_id": 3,
      "cpu_speed_mips": 3099,
      "memory_mb": 105472,
      "cpu_cores": 16,
      "disk_mb": 1024,
      "bandwidth_mbps": 50,
      "vmm": "Xen"
    },
    {
      "id": 5,
      "host_id": 2,
      "cpu_speed_mips": 2722,
      "memory_mb": 90112,
      "cpu_cores": 16,
      "disk_mb": 1024,
      "bandwidth_mbps": 50,
      "vmm": "Xen"
    },
    {
      "id": 6,
      "host_id": 1,
      "cpu_speed_mips": 3397,
      "memory_mb": 91136,
      "cpu_cores": 56,
      "disk_mb": 1024,
      "bandwidth_mbps": 50,
      "vmm": "Xen"
    },
    {
      "id": 7,
      "host_id": 0,
      "cpu_speed_mips": 1037,
      "memory_mb": 38912,
      "cpu_cores": 40,
      "disk_mb": 1024,
      "bandwidth_mbps": 50,
      "vmm": "Xen"
    },
    {
      "id": 8,
      "host_id": 3,
      "cpu_speed_mips": 2663,
      "memory_mb": 79872,
      "cpu_cores": 16,
      "disk_mb": 1024,
      "bandwidth_mbps": 50,
      "vmm": "Xen"
    },
    {
      "id": 9,
      "host_id": 2,
      "cpu_speed_mips": 2546,
      "memory_mb": 82944,
      "cpu_cores": 16,
      "disk_mb": 1024,
      "bandwidth_mbps": 50,
      "vmm": "Xen"
    },
    {
      "id": 10,
      "host_id": 1,
      "cpu_speed_mips": 2996,
      "memory_mb": 81920,
      "cpu_cores": 56,
      "disk_mb": 1024,
      "bandwidth_mbps": 50,
      "vmm": "Xen"
    },
    {
      "id": 11,
      "host_id": 0,
      "cpu_speed_mips": 599,
      "memory_mb": 84992,
      "cpu_cores": 40,
      "disk_mb": 1024,
      "bandwidth_mbps": 50,
      "vmm": "Xen"
    }
  ],
  "hosts": [
    {
      "id": 0,
      "cores": 40,
      "cpu_speed_mips": 512000,
      "power_idle_watt": 85,
      "power_peak_watt": 450,
      "memory_mb": 131072,
      "disk_mb": 12000000,
      "bandwidth_mbps": 2048
    },
    {
      "id": 1,
      "cores": 56,
      "cpu_speed_mips": 604800,
      "power_idle_watt": 50,
      "power_peak_watt": 432,
      "memory_mb": 167936,
      "disk_mb": 10000000,
      "bandwidth_mbps": 1536
    },
    {
      "id": 2,
      "cores": 16,
      "cpu_speed_mips": 187712,
      "power_idle_watt": 116,
      "power_peak_watt": 475,
      "memory_mb": 49152,
      "disk_mb": 10000000,
      "bandwidth_mbps": 1024
    },
    {
      "id": 3,
      "cores": 16,
      "cpu_speed_mips": 187712,
      "power_idle_watt": 116,
      "power_peak_watt": 475,
      "memory_mb": 49152,
      "disk_mb": 10000000,
      "bandwidth_mbps": 1024
    }
  ]
}