{
  "workflows": [
    {
      "id": 0,
      "tasks": [
        {
          "id": 0,
          "workflow_id": 0,
          "length": 7333,
          "req_memory_mb": 68608,
          "req_cpu_cores": 14,
          "child_ids": [
            1,
            2,
            3,
            5,
            6,
            7,
            8,
            9,
            10,
            11,
            12,
            13,
            14,
            15,
            16,
            17,
            18,
            19,
            21,
            22,
            23
          ]
        },
        {
          "id": 1,
          "workflow_id": 0,
          "length": 72672,
          "req_memory_mb": 13312,
          "req_cpu_cores": 20,
          "child_ids": [
            4
          ]
        },
        {
          "id": 2,
          "workflow_id": 0,
          "length": 54592,
          "req_memory_mb": 46080,
          "req_cpu_cores": 23,
          "child_ids": []
        },
        {
          "id": 3,
          "workflow_id": 0,
          "length": 32545,
          "req_memory_mb": 8192,
          "req_cpu_cores": 7,
          "child_ids": []
        },
        {
          "id": 4,
          "workflow_id": 0,
          "length": 82863,
          "req_memory_mb": 9216,
          "req_cpu_cores": 16,
          "child_ids": []
        },
        {
          "id": 5,
          "workflow_id": 0,
          "length": 47560,
          "req_memory_mb": 14336,
          "req_cpu_cores": 11,
          "child_ids": []
        },
        {
          "id": 6,
          "workflow_id": 0,
          "length": 68039,
          "req_memory_mb": 80896,
          "req_cpu_cores": 21,
          "child_ids": []
        },
        {
          "id": 7,
          "workflow_id": 0,
          "length": 34412,
          "req_memory_mb": 78848,
          "req_cpu_cores": 18,
          "child_ids": []
        },
        {
          "id": 8,
          "workflow_id": 0,
          "length": 85908,
          "req_memory_mb": 21504,
          "req_cpu_cores": 21,
          "child_ids": [
            20
          ]
        },
        {
          "id": 9,
          "workflow_id": 0,
          "length": 66741,
          "req_memory_mb": 58368,
          "req_cpu_cores": 23,
          "child_ids": []
        },
        {
          "id": 10,
          "workflow_id": 0,
          "length": 44595,
          "req_memory_mb": 57344,
          "req_cpu_cores": 4,
          "child_ids": []
        },
        {
          "id": 11,
          "workflow_id": 0,
          "length": 69870,
          "req_memory_mb": 11264,
          "req_cpu_cores": 23,
          "child_ids": []
        },
        {
          "id": 12,
          "workflow_id": 0,
          "length": 65869,
          "req_memory_mb": 45056,
          "req_cpu_cores": 16,
          "child_ids": []
        },
        {
          "id": 13,
          "workflow_id": 0,
          "length": 42881,
          "req_memory_mb": 72704,
          "req_cpu_cores": 14,
          "child_ids": []
        },
        {
          "id": 14,
          "workflow_id": 0,
          "length": 34724,
          "req_memory_mb": 51200,
          "req_cpu_cores": 2,
          "child_ids": []
        },
        {
          "id": 15,
          "workflow_id": 0,
          "length": 66774,
          "req_memory_mb": 62464,
          "req_cpu_cores": 18,
          "child_ids": []
        },
        {
          "id": 16,
          "workflow_id": 0,
          "length": 84669,
          "req_memory_mb": 5120,
          "req_cpu_cores": 16,
          "child_ids": []
        },
        {
          "id": 17,
          "workflow_id": 0,
          "length": 39003,
          "req_memory_mb": 55296,
          "req_cpu_cores": 18,
          "child_ids": []
        },
        {
          "id": 18,
          "workflow_id": 0,
          "length": 44892,
          "req_memory_mb": 67584,
          "req_cpu_cores": 21,
          "child_ids": []
        },
        {
          "id": 19,
          "workflow_id": 0,
          "length": 40038,
          "req_memory_mb": 40960,
          "req_cpu_cores": 21,
          "child_ids": []
        },
        {
          "id": 20,
          "workflow_id": 0,
          "length": 70602,
          "req_memory_mb": 13312,
          "req_cpu_cores": 9,
          "child_ids": []
        },
        {
          "id": 21,
          "workflow_id": 0,
          "length": 41081,
          "req_memory_mb": 41984,
          "req_cpu_cores": 16,
          "child_ids": []
        },
        {
          "id": 22,
          "workflow_id": 0,
          "length": 65893,
          "req_memory_mb": 79872,
          "req_cpu_cores": 12,
          "child_ids": []
        },
        {
          "id": 23,
          "workflow_id": 0,
          "length": 49960,
          "req_memory_mb": 33792,
          "req_cpu_cores": 23,
          "child_ids": []
        }
      ],
      "arrival_time": 0
    }
  ],
  "vms": [
    {
      "id": 0,
      "host_id": 3,
      "cpu_speed_mips": 1533,
      "memory_mb": 106496,
      "cpu_cores": 16,
      "disk_mb": 1024,
      "bandwidth_mbps": 50,
      "vmm": "Xen"
    },
    {
      "id": 1,
      "host_id": 2,
      "cpu_speed_mips": 4873,
      "memory_mb": 86016,
      "cpu_cores": 16,
      "disk_mb": 1024,
      "bandwidth_mbps": 50,
      "vmm": "Xen"
    },
    {
      "id": 2,
      "host_id": 1,
      "cpu_speed_mips": 3968,
      "memory_mb": 117760,
      "cpu_cores": 56,
      "disk_mb": 1024,
      "bandwidth_mbps": 50,
      "vmm": "Xen"
    },
    {
      "id": 3,
      "host_id": 0,
      "cpu_speed_mips": 1205,
      "memory_mb": 60416,
      "cpu_cores": 40,
      "disk_mb": 1024,
      "bandwidth_mbps": 50,
      "vmm": "Xen"
    },
    {
      "id": 4,
      "host_id": 3,
      "cpu_speed_mips": 3099,
      "memory_mb": 105472,
      "cpu_cores": 16,
      "disk_mb": 1024,
      "bandwidth_mbps": 50,
      "vmm": "Xen"
    },
    {
      "id": 5,
      "host_id": 2,
      "cpu_speed_mips": 2722,
      "memory_mb": 90112,
      "cpu_cores": 16,
      "disk_mb": 1024,
      "bandwidth_mbps": 50,
      "vmm": "Xen"
    },
    {
      "id": 6,
      "host_id": 1,
      "cpu_speed_mips": 3397,
      "memory_mb": 91136,
      "cpu_cores": 56,
      "disk_mb": 1024,
      "bandwidth_mbps": 50,
      "vmm": "Xen"
    },
    {
      "id": 7,
      "host_id": 0,
      "cpu_speed_mips": 1037,
      "memory_mb": 38912,
      "cpu_cores": 40,
      "disk_mb": 1024,
      "bandwidth_mbps": 50,
      "vmm": "Xen"
    },
    {
      "id": 8,
      "host_id": 3,
      "cpu_speed_mips": 2663,
      "memory_mb": 79872,
      "cpu_cores": 16,
      "disk_mb": 1024,
      "bandwidth_mbps": 50,
      "vmm": "Xen"
    },
    {
      "id": 9,
      "host_id": 2,
      "cpu_speed_mips": 2546,
      "memory_mb": 82944,
      "cpu_cores": 16,
      "disk_mb": 1024,
      "bandwidth_mbps": 50,
      "vmm": "Xen"
    },
    {
      "id": 10,
      "host_id": 1,
      "cpu_speed_mips": 2996,
      "memory_mb": 81920,
      "cpu_cores": 56,
      "disk_mb": 1024,
      "bandwidth_mbps": 50,
      "vmm": "Xen"
    },
    {
      "id": 11,
      "host_id": 0,
      "cpu_speed_mips": 599,
      "memory_mb": 84992,
      "cpu_cores": 40,
      "disk_mb": 1024,
      "bandwidth_mbps": 50,
      "vmm": "Xen"
    }
  ],
  "hosts": [
    {
      "id": 0,
      "cores": 40,
      "cpu_speed_mips": 512000,
      "power_idle_watt": 85,
      "power_peak_watt": 450,
      "memory_mb": 131072,
      "disk_mb": 12000000,
      "bandwidth_mbps": 2048
    },
    {
      "id": 1,
      "cores": 56,
      "cpu_speed_mips": 604800,
      "power_idle_watt": 50,
      "power_peak_watt": 432,
      "memory_mb": 167936,
      "disk_mb": 10000000,
      "bandwidth_mbps": 1536
    },
    {
      "id": 2,
      "cores": 16,
      "cpu_speed_mips": 187712,
      "power_idle_watt": 116,
      "power_peak_watt": 475,
      "memory_mb": 49152,
      "disk_mb": 10000000,
      "bandwidth_mbps": 1024
    },
    {
      "id": 3,
      "cores": 16,
      "cpu_speed_mips": 187712,
      "power_idle_watt": 116,
      "power_peak_watt": 475,
      "memory_mb": 49152,
      "disk_mb": 10000000,
      "bandwidth_mbps": 1024
    }
  ]
}