{
  "workflows": [
    {
      "id": 0,
      "tasks": [
        {
          "id": 0,
          "workflow_id": 0,
          "length": 55929,
          "req_memory_mb": 49152,
          "req_cpu_cores": 7,
          "child_ids": [
            1,
            2,
            3,
            4,
            5,
            6,
            7,
            8,
            9,
            10,
            12,
            13,
            15,
            16,
            17,
            18,
            19,
            22,
            26
          ]
        },
        {
          "id": 1,
          "workflow_id": 0,
          "length": 68714,
          "req_memory_mb": 6144,
          "req_cpu_cores": 2,
          "child_ids": []
        },
        {
          "id": 2,
          "workflow_id": 0,
          "length": 68533,
          "req_memory_mb": 37888,
          "req_cpu_cores": 26,
          "child_ids": [
            11
          ]
        },
        {
          "id": 3,
          "workflow_id": 0,
          "length": 68210,
          "req_memory_mb": 75776,
          "req_cpu_cores": 24,
          "child_ids": [
            25
          ]
        },
        {
          "id": 4,
          "workflow_id": 0,
          "length": 69677,
          "req_memory_mb": 45056,
          "req_cpu_cores": 21,
          "child_ids": []
        },
        {
          "id": 5,
          "workflow_id": 0,
          "length": 45682,
          "req_memory_mb": 39936,
          "req_cpu_cores": 19,
          "child_ids": [
            23
          ]
        },
        {
          "id": 6,
          "workflow_id": 0,
          "length": 71619,
          "req_memory_mb": 38912,
          "req_cpu_cores": 2,
          "child_ids": [
            24
          ]
        },
        {
          "id": 7,
          "workflow_id": 0,
          "length": 98051,
          "req_memory_mb": 66560,
          "req_cpu_cores": 21,
          "child_ids": []
        },
        {
          "id": 8,
          "workflow_id": 0,
          "length": 49785,
          "req_memory_mb": 41984,
          "req_cpu_cores": 14,
          "child_ids": []
        },
        {
          "id": 9,
          "workflow_id": 0,
          "length": 39700,
          "req_memory_mb": 39936,
          "req_cpu_cores": 14,
          "child_ids": []
        },
        {
          "id": 10,
          "workflow_id": 0,
          "length": 26427,
          "req_memory_mb": 62464,
          "req_cpu_cores": 19,
          "child_ids": [
            23
          ]
        },
        {
          "id": 11,
          "workflow_id": 0,
          "length": 26420,
          "req_memory_mb": 65536,
          "req_cpu_cores": 26,
          "child_ids": [
            14
          ]
        },
        {
          "id": 12,
          "workflow_id": 0,
          "length": 72398,
          "req_memory_mb": 26624,
          "req_cpu_cores": 12,
          "child_ids": []
        },
        {
          "id": 13,
          "workflow_id": 0,
          "length": 49285,
          "req_memory_mb": 68608,
          "req_cpu_cores": 14,
          "child_ids": [
            14
          ]
        },
        {
          "id": 14,
          "workflow_id": 0,
          "length": 32183,
          "req_memory_mb": 75776,
          "req_cpu_cores": 12,
          "child_ids": [
            21
          ]
        },
        {
          "id": 15,
          "workflow_id": 0,
          "length": 43158,
          "req_memory_mb": 48128,
          "req_cpu_cores": 19,
          "child_ids": [
            20
          ]
        },
        {
          "id": 16,
          "workflow_id": 0,
          "length": 60363,
          "req_memory_mb": 26624,
          "req_cpu_cores": 21,
          "child_ids": []
        },
        {
          "id": 17,
          "workflow_id": 0,
          "length": 68916,
          "req_memory_mb": 53248,
          "req_cpu_cores": 19,
          "child_ids": []
        },
        {
          "id": 18,
          "workflow_id": 0,
          "length": 42252,
          "req_memory_mb": 52224,
          "req_cpu_cores": 28,
          "child_ids": []
        },
        {
          "id": 19,
          "workflow_id": 0,
          "length": 64629,
          "req_memory_mb": 7168,
          "req_cpu_cores": 28,
          "child_ids": [
            20
          ]
        },
        {
          "id": 20,
          "workflow_id": 0,
          "length": 39951,
          "req_memory_mb": 1024,
          "req_cpu_cores": 28,
          "child_ids": [
            21
          ]
        },
        {
          "id": 21,
          "workflow_id": 0,
          "length": 21314,
          "req_memory_mb": 54272,
          "req_cpu_cores": 5,
          "child_ids": []
        },
        {
          "id": 22,
          "workflow_id": 0,
          "length": 42806,
          "req_memory_mb": 34816,
          "req_cpu_cores": 7,
          "child_ids": []
        },
        {
          "id": 23,
          "workflow_id": 0,
          "length": 68982,
          "req_memory_mb": 54272,
          "req_cpu_cores": 19,
          "child_ids": [
            25,
            27
          ]
        },
        {
          "id": 24,
          "workflow_id": 0,
          "length": 53631,
          "req_memory_mb": 40960,
          "req_cpu_cores": 7,
          "child_ids": []
        },
        {
          "id": 25,
          "workflow_id": 0,
          "length": 61712,
          "req_memory_mb": 49152,
          "req_cpu_cores": 24,
          "child_ids": []
        },
        {
          "id": 26,
          "workflow_id": 0,
          "length": 37124,
          "req_memory_mb": 66560,
          "req_cpu_cores": 26,
          "child_ids": []
        },
        {
          "id": 27,
          "workflow_id": 0,
          "length": 67850,
          "req_memory_mb": 61440,
          "req_cpu_cores": 21,
          "child_ids": []
        }
      ],
      "arrival_time": 0
    }
  ],
  "vms": [
    {
      "id": 0,
      "host_id": 3,
      "cpu_speed_mips": 1533,
      "memory_mb": 106496,
      "cpu_cores": 16,
      "disk_mb": 1024,
      "bandwidth_mbps": 50,
      "vmm": "Xen"
    },
    {
      "id": 1,
      "host_id": 2,
      "cpu_speed_mips": 4873,
      "memory_mb": 86016,
      "cpu_cores": 16,
      "disk_mb": 1024,
      "bandwidth_mbps": 50,
      "vmm": "Xen"
    },
    {
      "id": 2,
      "host_id": 1,
      "cpu_speed_mips": 3968,
      "memory_mb": 117760,
      "cpu_cores": 56,
      "disk_mb": 1024,
      "bandwidth_mbps": 50,
      "vmm": "Xen"
    },
    {
      "id": 3,
      "host_id": 0,
      "cpu_speed_mips": 1205,
      "memory_mb": 60416,
      "cpu_cores": 40,
      "disk_mb": 1024,
      "bandwidth_mbps": 50,
      "vmm": "Xen"
    },
    {
      "id": 4,
      "host_id": 3,
      "cpu_speed_mips": 3099,
      "memory_mb": 105472,
      "cpu_cores": 16,
      "disk_mb": 1024,
      "bandwidth_mbps": 50,
      "vmm": "Xen"
    },
    {
      "id": 5,
      "host_id": 2,
      "cpu_speed_mips": 2722,
      "memory_mb": 90112,
      "cpu_cores": 16,
      "disk_mb": 1024,
      "bandwidth_mbps": 50,
      "vmm": "Xen"
    },
    {
      "id": 6,
      "host_id": 1,
      "cpu_speed_mips": 3397,
      "memory_mb": 91136,
      "cpu_cores": 56,
      "disk_mb": 1024,
      "bandwidth_mbps": 50,
      "vmm": "Xen"
    },
    {
      "id": 7,
      "host_id": 0,
      "cpu_speed_mips": 1037,
      "memory_mb": 38912,
      "cpu_cores": 40,
      "disk_mb": 1024,
      "bandwidth_mbps": 50,
      "vmm": "Xen"
    },
    {
      "id": 8,
      "host_id": 3,
      "cpu_speed_mips": 2663,
      "memory_mb": 79872,
      "cpu_cores": 16,
      "disk_mb": 1024,
      "bandwidth_mbps": 50,
      "vmm": "Xen"
    },
    {
      "id": 9,
      "host_id": 2,
      "cpu_speed_mips": 2546,
      "memory_mb": 82944,
      "cpu_cores": 16,
      "disk_mb": 1024,
      "bandwidth_mbps": 50,
      "vmm": "Xen"
    },
    {
      "id": 10,
      "host_id": 1,
      "cpu_speed_mips": 2996,
      "memory_mb": 81920,
      "cpu_cores": 56,
      "disk_mb": 1024,
      "bandwidth_mbps": 50,
      "vmm": "Xen"
    },
    {
      "id": 11,
      "host_id": 0,
      "cpu_speed_mips": 599,
      "memory_mb": 84992,
      "cpu_cores": 40,
      "disk_mb": 1024,
      "bandwidth_mbps": 50,
      "vmm": "Xen"
    }
  ],
  "hosts": [
    {
      "id": 0,
      "cores": 40,
      "cpu_speed_mips": 512000,
      "power_idle_watt": 85,
      "power_peak_watt": 450,
      "memory_mb": 131072,
      "disk_mb": 12000000,
      "bandwidth_mbps": 2048
    },
    {
      "id": 1,
      "cores": 56,
      "cpu_speed_mips": 604800,
      "power_idle_watt": 50,
      "power_peak_watt": 432,
      "memory_mb": 167936,
      "disk_mb": 10000000,
      "bandwidth_mbps": 1536
    },
    {
      "id": 2,
      "cores": 16,
      "cpu_speed_mips": 187712,
      "power_idle_watt": 116,
      "power_peak_watt": 475,
      "memory_mb": 49152,
      "disk_mb": 10000000,
      "bandwidth_mbps": 1024
    },
    {
      "id": 3,
      "cores": 16,
      "cpu_speed_mips": 187712,
      "power_idle_watt": 116,
      "power_peak_watt": 475,
      "memory_mb": 49152,
      "disk_mb": 10000000,
      "bandwidth_mbps": 1024
    }
  ]
}