{
  "workflows": [
    {
      "id": 0,
      "tasks": [
        {
          "id": 0,
          "workflow_id": 0,
          "length": 30903,
          "req_memory_mb": 22528,
          "req_cpu_cores": 21,
          "child_ids": [
            1,
            2,
            3,
            4,
            5,
            6,
            8,
            9,
            11,
            13,
            14,
            16,
            17,
            18,
            20,
            23,
            27
          ]
        },
        {
          "id": 1,
          "workflow_id": 0,
          "length": 51445,
          "req_memory_mb": 99328,
          "req_cpu_cores": 26,
          "child_ids": [
            29,
            7
          ]
        },
        {
          "id": 2,
          "workflow_id": 0,
          "length": 26727,
          "req_memory_mb": 71680,
          "req_cpu_cores": 15,
          "child_ids": []
        },
        {
          "id": 3,
          "workflow_id": 0,
          "length": 13647,
          "req_memory_mb": 32768,
          "req_cpu_cores": 33,
          "child_ids": [
            15
          ]
        },
        {
          "id": 4,
          "workflow_id": 0,
          "length": 35728,
          "req_memory_mb": 38912,
          "req_cpu_cores": 31,
          "child_ids": [
            7
          ]
        },
        {
          "id": 5,
          "workflow_id": 0,
          "length": 50378,
          "req_memory_mb": 60416,
          "req_cpu_cores": 31,
          "child_ids": [
            24
          ]
        },
        {
          "id": 6,
          "workflow_id": 0,
          "length": 16384,
          "req_memory_mb": 75776,
          "req_cpu_cores": 31,
          "child_ids": [
            25
          ]
        },
        {
          "id": 7,
          "workflow_id": 0,
          "length": 48206,
          "req_memory_mb": 89088,
          "req_cpu_cores": 13,
          "child_ids": []
        },
        {
          "id": 8,
          "workflow_id": 0,
          "length": 67826,
          "req_memory_mb": 107520,
          "req_cpu_cores": 23,
          "child_ids": [
            10,
            19
          ]
        },
        {
          "id": 9,
          "workflow_id": 0,
          "length": 35148,
          "req_memory_mb": 34816,
          "req_cpu_cores": 28,
          "child_ids": [
            12
          ]
        },
        {
          "id": 10,
          "workflow_id": 0,
          "length": 60599,
          "req_memory_mb": 5120,
          "req_cpu_cores": 8,
          "child_ids": [
            22
          ]
        },
        {
          "id": 11,
          "workflow_id": 0,
          "length": 63519,
          "req_memory_mb": 55296,
          "req_cpu_cores": 15,
          "child_ids": []
        },
        {
          "id": 12,
          "workflow_id": 0,
          "length": 43054,
          "req_memory_mb": 71680,
          "req_cpu_cores": 15,
          "child_ids": [
            25
          ]
        },
        {
          "id": 13,
          "workflow_id": 0,
          "length": 40968,
          "req_memory_mb": 36864,
          "req_cpu_cores": 3,
          "child_ids": []
        },
        {
          "id": 14,
          "workflow_id": 0,
          "length": 54212,
          "req_memory_mb": 11264,
          "req_cpu_cores": 23,
          "child_ids": []
        },
        {
          "id": 15,
          "workflow_id": 0,
          "length": 58420,
          "req_memory_mb": 23552,
          "req_cpu_cores": 31,
          "child_ids": [
            19,
            28,
            21
          ]
        },
        {
          "id": 16,
          "workflow_id": 0,
          "length": 57919,
          "req_memory_mb": 87040,
          "req_cpu_cores": 10,
          "child_ids": []
        },
        {
          "id": 17,
          "workflow_id": 0,
          "length": 35352,
          "req_memory_mb": 19456,
          "req_cpu_cores": 8,
          "child_ids": []
        },
        {
          "id": 18,
          "workflow_id": 0,
          "length": 23436,
          "req_memory_mb": 86016,
          "req_cpu_cores": 8,
          "child_ids": []
        },
        {
          "id": 19,
          "workflow_id": 0,
          "length": 27034,
          "req_memory_mb": 8192,
          "req_cpu_cores": 15,
          "child_ids": []
        },
        {
          "id": 20,
          "workflow_id": 0,
          "length": 27246,
          "req_memory_mb": 26624,
          "req_cpu_cores": 36,
          "child_ids": []
        },
        {
          "id": 21,
          "workflow_id": 0,
          "length": 68973,
          "req_memory_mb": 59392,
          "req_cpu_cores": 5,
          "child_ids": []
        },
        {
          "id": 22,
          "workflow_id": 0,
          "length": 18449,
          "req_memory_mb": 69632,
          "req_cpu_cores": 10,
          "child_ids": [
            26
          ]
        },
        {
          "id": 23,
          "workflow_id": 0,
          "length": 65217,
          "req_memory_mb": 44032,
          "req_cpu_cores": 10,
          "child_ids": []
        },
        {
          "id": 24,
          "workflow_id": 0,
          "length": 69641,
          "req_memory_mb": 43008,
          "req_cpu_cores": 21,
          "child_ids": []
        },
        {
          "id": 25,
          "workflow_id": 0,
          "length": 55464,
          "req_memory_mb": 1024,
          "req_cpu_cores": 8,
          "child_ids": [
            28
          ]
        },
        {
          "id": 26,
          "workflow_id": 0,
          "length": 54688,
          "req_memory_mb": 17408,
          "req_cpu_cores": 15,
          "child_ids": []
        },
        {
          "id": 27,
          "workflow_id": 0,
          "length": 60169,
          "req_memory_mb": 16384,
          "req_cpu_cores": 15,
          "child_ids": []
        },
        {
          "id": 28,
          "workflow_id": 0,
          "length": 77991,
          "req_memory_mb": 89088,
          "req_cpu_cores": 18,
          "child_ids": []
        },
        {
          "id": 29,
          "workflow_id": 0,
          "length": 25850,
          "req_memory_mb": 44032,
          "req_cpu_cores": 15,
          "child_ids": []
        }
      ],
      "arrival_time": 0
    }
  ],
  "vms": [
    {
      "id": 0,
      "host_id": 3,
      "cpu_speed_mips": 1533,
      "memory_mb": 106496,
      "cpu_cores": 16,
      "disk_mb": 1024,
      "bandwidth_mbps": 50,
      "vmm": "Xen"
    },
    {
      "id": 1,
      "host_id": 2,
      "cpu_speed_mips": 4873,
      "memory_mb": 86016,
      "cpu_cores": 16,
      "disk_mb": 1024,
      "bandwidth_mbps": 50,
      "vmm": "Xen"
    },
    {
      "id": 2,
      "host_id": 1,
      "cpu_speed_mips": 3968,
      "memory_mb": 117760,
      "cpu_cores": 56,
      "disk_mb": 1024,
      "bandwidth_mbps": 50,
      "vmm": "Xen"
    },
    {
      "id": 3,
      "host_id": 0,
      "cpu_speed_mips": 1205,
      "memory_mb": 60416,
      "cpu_cores": 40,
      "disk_mb": 1024,
      "bandwidth_mbps": 50,
      "vmm": "Xen"
    },
    {
      "id": 4,
      "host_id": 3,
      "cpu_speed_mips": 3099,
      "memory_mb": 105472,
      "cpu_cores": 16,
      "disk_mb": 1024,
      "bandwidth_mbps": 50,
      "vmm": "Xen"
    },
    {
      "id": 5,
      "host_id": 2,
      "cpu_speed_mips": 2722,
      "memory_mb": 90112,
      "cpu_cores": 16,
      "disk_mb": 1024,
      "bandwidth_mbps": 50,
      "vmm": "Xen"
    },
    {
      "id": 6,
      "host_id": 1,
      "cpu_speed_mips": 3397,
      "memory_mb": 91136,
      "cpu_cores": 56,
      "disk_mb": 1024,
      "bandwidth_mbps": 50,
      "vmm": "Xen"
    },
    {
      "id": 7,
      "host_id": 0,
      "cpu_speed_mips": 1037,
      "memory_mb": 38912,
      "cpu_cores": 40,
      "disk_mb": 1024,
      "bandwidth_mbps": 50,
      "vmm": "Xen"
    },
    {
      "id": 8,
      "host_id": 3,
      "cpu_speed_mips": 2663,
      "memory_mb": 79872,
      "cpu_cores": 16,
      "disk_mb": 1024,
      "bandwidth_mbps": 50,
      "vmm": "Xen"
    },
    {
      "id": 9,
      "host_id": 2,
      "cpu_speed_mips": 2546,
      "memory_mb": 82944,
      "cpu_cores": 16,
      "disk_mb": 1024,
      "bandwidth_mbps": 50,
      "vmm": "Xen"
    },
    {
      "id": 10,
      "host_id": 1,
      "cpu_speed_mips": 2996,
      "memory_mb": 81920,
      "cpu_cores": 56,
      "disk_mb": 1024,
      "bandwidth_mbps": 50,
      "vmm": "Xen"
    },
    {
      "id": 11,
      "host_id": 0,
      "cpu_speed_mips": 599,
      "memory_mb": 84992,
      "cpu_cores": 40,
      "disk_mb": 1024,
      "bandwidth_mbps": 50,
      "vmm": "Xen"
    }
  ],
  "hosts": [
    {
      "id": 0,
      "cores": 40,
      "cpu_speed_mips": 512000,
      "power_idle_watt": 85,
      "power_peak_watt": 450,
      "memory_mb": 131072,
      "disk_mb": 12000000,
      "bandwidth_mbps": 2048
    },
    {
      "id": 1,
      "cores": 56,
      "cpu_speed_mips": 604800,
      "power_idle_watt": 50,
      "power_peak_watt": 432,
      "memory_mb": 167936,
      "disk_mb": 10000000,
      "bandwidth_mbps": 1536
    },
    {
      "id": 2,
      "cores": 16,
      "cpu_speed_mips": 187712,
      "power_idle_watt": 116,
      "power_peak_watt": 475,
      "memory_mb": 49152,
      "disk_mb": 10000000,
      "bandwidth_mbps": 1024
    },
    {
      "id": 3,
      "cores": 16,
      "cpu_speed_mips": 187712,
      "power_idle_watt": 116,
      "power_peak_watt": 475,
      "memory_mb": 49152,
      "disk_mb": 10000000,
      "bandwidth_mbps": 1024
    }
  ]
}