{
  "workflows": [
    {
      "id": 0,
      "tasks": [
        {
          "id": 0,
          "workflow_id": 0,
          "length": 86775,
          "req_memory_mb": 87040,
          "req_cpu_cores": 11,
          "child_ids": [
            1,
            2,
            3,
            4,
            5,
            7,
            8,
            9,
            10,
            11,
            12,
            13,
            14,
            15,
            16,
            17,
            18,
            19,
            21
          ]
        },
        {
          "id": 1,
          "workflow_id": 0,
          "length": 41618,
          "req_memory_mb": 55296,
          "req_cpu_cores": 37,
          "child_ids": []
        },
        {
          "id": 2,
          "workflow_id": 0,
          "length": 52660,
          "req_memory_mb": 12288,
          "req_cpu_cores": 24,
          "child_ids": [
            6
          ]
        },
        {
          "id": 3,
          "workflow_id": 0,
          "length": 26813,
          "req_memory_mb": 14336,
          "req_cpu_cores": 3,
          "child_ids": []
        },
        {
          "id": 4,
          "workflow_id": 0,
          "length": 73231,
          "req_memory_mb": 41984,
          "req_cpu_cores": 24,
          "child_ids": []
        },
        {
          "id": 5,
          "workflow_id": 0,
          "length": 44521,
          "req_memory_mb": 37888,
          "req_cpu_cores": 16,
          "child_ids": [
            23
          ]
        },
        {
          "id": 6,
          "workflow_id": 0,
          "length": 39700,
          "req_memory_mb": 49152,
          "req_cpu_cores": 21,
          "child_ids": []
        },
        {
          "id": 7,
          "workflow_id": 0,
          "length": 50075,
          "req_memory_mb": 80896,
          "req_cpu_cores": 21,
          "child_ids": [
            26
          ]
        },
        {
          "id": 8,
          "workflow_id": 0,
          "length": 42287,
          "req_memory_mb": 48128,
          "req_cpu_cores": 16,
          "child_ids": [
            25
          ]
        },
        {
          "id": 9,
          "workflow_id": 0,
          "length": 42002,
          "req_memory_mb": 7168,
          "req_cpu_cores": 26,
          "child_ids": [
            20
          ]
        },
        {
          "id": 10,
          "workflow_id": 0,
          "length": 19188,
          "req_memory_mb": 87040,
          "req_cpu_cores": 18,
          "child_ids": []
        },
        {
          "id": 11,
          "workflow_id": 0,
          "length": 55760,
          "req_memory_mb": 24576,
          "req_cpu_cores": 37,
          "child_ids": []
        },
        {
          "id": 12,
          "workflow_id": 0,
          "length": 74751,
          "req_memory_mb": 74752,
          "req_cpu_cores": 11,
          "child_ids": []
        },
        {
          "id": 13,
          "workflow_id": 0,
          "length": 51200,
          "req_memory_mb": 29696,
          "req_cpu_cores": 11,
          "child_ids": []
        },
        {
          "id": 14,
          "workflow_id": 0,
          "length": 49793,
          "req_memory_mb": 74752,
          "req_cpu_cores": 37,
          "child_ids": []
        },
        {
          "id": 15,
          "workflow_id": 0,
          "length": 72530,
          "req_memory_mb": 82944,
          "req_cpu_cores": 34,
          "child_ids": []
        },
        {
          "id": 16,
          "workflow_id": 0,
          "length": 48541,
          "req_memory_mb": 81920,
          "req_cpu_cores": 8,
          "child_ids": []
        },
        {
          "id": 17,
          "workflow_id": 0,
          "length": 63935,
          "req_memory_mb": 31744,
          "req_cpu_cores": 21,
          "child_ids": []
        },
        {
          "id": 18,
          "workflow_id": 0,
          "length": 77553,
          "req_memory_mb": 49152,
          "req_cpu_cores": 3,
          "child_ids": []
        },
        {
          "id": 19,
          "workflow_id": 0,
          "length": 39992,
          "req_memory_mb": 40960,
          "req_cpu_cores": 13,
          "child_ids": [
            22
          ]
        },
        {
          "id": 20,
          "workflow_id": 0,
          "length": 56268,
          "req_memory_mb": 93184,
          "req_cpu_cores": 16,
          "child_ids": []
        },
        {
          "id": 21,
          "workflow_id": 0,
          "length": 57808,
          "req_memory_mb": 15360,
          "req_cpu_cores": 18,
          "child_ids": [
            23
          ]
        },
        {
          "id": 22,
          "workflow_id": 0,
          "length": 45245,
          "req_memory_mb": 55296,
          "req_cpu_cores": 34,
          "child_ids": [
            24
          ]
        },
        {
          "id": 23,
          "workflow_id": 0,
          "length": 43999,
          "req_memory_mb": 16384,
          "req_cpu_cores": 16,
          "child_ids": []
        },
        {
          "id": 24,
          "workflow_id": 0,
          "length": 30853,
          "req_memory_mb": 84992,
          "req_cpu_cores": 16,
          "child_ids": []
        },
        {
          "id": 25,
          "workflow_id": 0,
          "length": 11481,
          "req_memory_mb": 61440,
          "req_cpu_cores": 11,
          "child_ids": []
        },
        {
          "id": 26,
          "workflow_id": 0,
          "length": 50667,
          "req_memory_mb": 8192,
          "req_cpu_cores": 3,
          "child_ids": []
        }
      ],
      "arrival_time": 0
    }
  ],
  "vms": [
    {
      "id": 0,
      "host_id": 3,
      "cpu_speed_mips": 1533,
      "memory_mb": 106496,
      "cpu_cores": 16,
      "disk_mb": 1024,
      "bandwidth_mbps": 50,
      "vmm": "Xen"
    },
    {
      "id": 1,
      "host_id": 2,
      "cpu_speed_mips": 4873,
      "memory_mb": 86016,
      "cpu_cores": 16,
      "disk_mb": 1024,
      "bandwidth_mbps": 50,
      "vmm": "Xen"
    },
    {
      "id": 2,
      "host_id": 1,
      "cpu_speed_mips": 3968,
      "memory_mb": 117760,
      "cpu_cores": 56,
      "disk_mb": 1024,
      "bandwidth_mbps": 50,
      "vmm": "Xen"
    },
    {
      "id": 3,
      "host_id": 0,
      "cpu_speed_mips": 1205,
      "memory_mb": 60416,
      "cpu_cores": 40,
      "disk_mb": 1024,
      "bandwidth_mbps": 50,
      "vmm": "Xen"
    },
    {
      "id": 4,
      "host_id": 3,
      "cpu_speed_mips": 3099,
      "memory_mb": 105472,
      "cpu_cores": 16,
      "disk_mb": 1024,
      "bandwidth_mbps": 50,
      "vmm": "Xen"
    },
    {
      "id": 5,
      "host_id": 2,
      "cpu_speed_mips": 2722,
      "memory_mb": 90112,
      "cpu_cores": 16,
      "disk_mb": 1024,
      "bandwidth_mbps": 50,
      "vmm": "Xen"
    },
    {
      "id": 6,
      "host_id": 1,
      "cpu_speed_mips": 3397,
      "memory_mb": 91136,
      "cpu_cores": 56,
      "disk_mb": 1024,
      "bandwidth_mbps": 50,
      "vmm": "Xen"
    },
    {
      "id": 7,
      "host_id": 0,
      "cpu_speed_mips": 1037,
      "memory_mb": 38912,
      "cpu_cores": 40,
      "disk_mb": 1024,
      "bandwidth_mbps": 50,
      "vmm": "Xen"
    },
    {
      "id": 8,
      "host_id": 3,
      "cpu_speed_mips": 2663,
      "memory_mb": 79872,
      "cpu_cores": 16,
      "disk_mb": 1024,
      "bandwidth_mbps": 50,
      "vmm": "Xen"
    },
    {
      "id": 9,
      "host_id": 2,
      "cpu_speed_mips": 2546,
      "memory_mb": 82944,
      "cpu_cores": 16,
      "disk_mb": 1024,
      "bandwidth_mbps": 50,
      "vmm": "Xen"
    },
    {
      "id": 10,
      "host_id": 1,
      "cpu_speed_mips": 2996,
      "memory_mb": 81920,
      "cpu_cores": 56,
      "disk_mb": 1024,
      "bandwidth_mbps": 50,
      "vmm": "Xen"
    },
    {
      "id": 11,
      "host_id": 0,
      "cpu_speed_mips": 599,
      "memory_mb": 84992,
      "cpu_cores": 40,
      "disk_mb": 1024,
      "bandwidth_mbps": 50,
      "vmm": "Xen"
    }
  ],
  "hosts": [
    {
      "id": 0,
      "cores": 40,
      "cpu_speed_mips": 512000,
      "power_idle_watt": 85,
      "power_peak_watt": 450,
      "memory_mb": 131072,
      "disk_mb": 12000000,
      "bandwidth_mbps": 2048
    },
    {
      "id": 1,
      "cores": 56,
      "cpu_speed_mips": 604800,
      "power_idle_watt": 50,
      "power_peak_watt": 432,
      "memory_mb": 167936,
      "disk_mb": 10000000,
      "bandwidth_mbps": 1536
    },
    {
      "id": 2,
      "cores": 16,
      "cpu_speed_mips": 187712,
      "power_idle_watt": 116,
      "power_peak_watt": 475,
      "memory_mb": 49152,
      "disk_mb": 10000000,
      "bandwidth_mbps": 1024
    },
    {
      "id": 3,
      "cores": 16,
      "cpu_speed_mips": 187712,
      "power_idle_watt": 116,
      "power_peak_watt": 475,
      "memory_mb": 49152,
      "disk_mb": 10000000,
      "bandwidth_mbps": 1024
    }
  ]
}