{
  "workflows": [
    {
      "id": 0,
      "tasks": [
        {
          "id": 0,
          "workflow_id": 0,
          "length": 61095,
          "req_memory_mb": 45056,
          "req_cpu_cores": 3,
          "child_ids": [
            1,
            2,
            3,
            4,
            5,
            6,
            8,
            9,
            10,
            14,
            15,
            16,
            17,
            23,
            24,
            25,
            26,
            27,
            28
          ]
        },
        {
          "id": 1,
          "workflow_id": 0,
          "length": 48020,
          "req_memory_mb": 98304,
          "req_cpu_cores": 9,
          "child_ids": []
        },
        {
          "id": 2,
          "workflow_id": 0,
          "length": 59236,
          "req_memory_mb": 48128,
          "req_cpu_cores": 3,
          "child_ids": [
            12
          ]
        },
        {
          "id": 3,
          "workflow_id": 0,
          "length": 46426,
          "req_memory_mb": 81920,
          "req_cpu_cores": 28,
          "child_ids": [
            13
          ]
        },
        {
          "id": 4,
          "workflow_id": 0,
          "length": 67783,
          "req_memory_mb": 16384,
          "req_cpu_cores": 3,
          "child_ids": []
        },
        {
          "id": 5,
          "workflow_id": 0,
          "length": 65355,
          "req_memory_mb": 55296,
          "req_cpu_cores": 3,
          "child_ids": []
        },
        {
          "id": 6,
          "workflow_id": 0,
          "length": 47672,
          "req_memory_mb": 96256,
          "req_cpu_cores": 3,
          "child_ids": [
            11,
            20,
            7
          ]
        },
        {
          "id": 7,
          "workflow_id": 0,
          "length": 66534,
          "req_memory_mb": 40960,
          "req_cpu_cores": 9,
          "child_ids": []
        },
        {
          "id": 8,
          "workflow_id": 0,
          "length": 77073,
          "req_memory_mb": 97280,
          "req_cpu_cores": 16,
          "child_ids": []
        },
        {
          "id": 9,
          "workflow_id": 0,
          "length": 35484,
          "req_memory_mb": 3072,
          "req_cpu_cores": 43,
          "child_ids": []
        },
        {
          "id": 10,
          "workflow_id": 0,
          "length": 32959,
          "req_memory_mb": 100352,
          "req_cpu_cores": 19,
          "child_ids": [
            21
          ]
        },
        {
          "id": 11,
          "workflow_id": 0,
          "length": 54605,
          "req_memory_mb": 25600,
          "req_cpu_cores": 9,
          "child_ids": []
        },
        {
          "id": 12,
          "workflow_id": 0,
          "length": 44081,
          "req_memory_mb": 81920,
          "req_cpu_cores": 37,
          "child_ids": [
            19,
            22
          ]
        },
        {
          "id": 13,
          "workflow_id": 0,
          "length": 71178,
          "req_memory_mb": 8192,
          "req_cpu_cores": 3,
          "child_ids": [
            22
          ]
        },
        {
          "id": 14,
          "workflow_id": 0,
          "length": 29415,
          "req_memory_mb": 33792,
          "req_cpu_cores": 9,
          "child_ids": [
            18,
            19
          ]
        },
        {
          "id": 15,
          "workflow_id": 0,
          "length": 58829,
          "req_memory_mb": 3072,
          "req_cpu_cores": 6,
          "child_ids": [
            20
          ]
        },
        {
          "id": 16,
          "workflow_id": 0,
          "length": 50992,
          "req_memory_mb": 63488,
          "req_cpu_cores": 12,
          "child_ids": []
        },
        {
          "id": 17,
          "workflow_id": 0,
          "length": 64615,
          "req_memory_mb": 11264,
          "req_cpu_cores": 25,
          "child_ids": []
        },
        {
          "id": 18,
          "workflow_id": 0,
          "length": 11873,
          "req_memory_mb": 18432,
          "req_cpu_cores": 22,
          "child_ids": []
        },
        {
          "id": 19,
          "workflow_id": 0,
          "length": 20116,
          "req_memory_mb": 25600,
          "req_cpu_cores": 37,
          "child_ids": []
        },
        {
          "id": 20,
          "workflow_id": 0,
          "length": 46154,
          "req_memory_mb": 96256,
          "req_cpu_cores": 31,
          "child_ids": []
        },
        {
          "id": 21,
          "workflow_id": 0,
          "length": 21974,
          "req_memory_mb": 48128,
          "req_cpu_cores": 31,
          "child_ids": []
        },
        {
          "id": 22,
          "workflow_id": 0,
          "length": 44884,
          "req_memory_mb": 60416,
          "req_cpu_cores": 43,
          "child_ids": []
        },
        {
          "id": 23,
          "workflow_id": 0,
          "length": 67316,
          "req_memory_mb": 80896,
          "req_cpu_cores": 31,
          "child_ids": []
        },
        {
          "id": 24,
          "workflow_id": 0,
          "length": 45765,
          "req_memory_mb": 84992,
          "req_cpu_cores": 12,
          "child_ids": []
        },
        {
          "id": 25,
          "workflow_id": 0,
          "length": 45480,
          "req_memory_mb": 62464,
          "req_cpu_cores": 28,
          "child_ids": []
        },
        {
          "id": 26,
          "workflow_id": 0,
          "length": 33738,
          "req_memory_mb": 12288,
          "req_cpu_cores": 9,
          "child_ids": []
        },
        {
          "id": 27,
          "workflow_id": 0,
          "length": 45253,
          "req_memory_mb": 21504,
          "req_cpu_cores": 22,
          "child_ids": []
        },
        {
          "id": 28,
          "workflow_id": 0,
          "length": 55492,
          "req_memory_mb": 24576,
          "req_cpu_cores": 31,
          "child_ids": []
        }
      ],
      "arrival_time": 0
    }
  ],
  "vms": [
    {
      "id": 0,
      "host_id": 3,
      "cpu_speed_mips": 1533,
      "memory_mb": 106496,
      "cpu_cores": 16,
      "disk_mb": 1024,
      "bandwidth_mbps": 50,
      "vmm": "Xen"
    },
    {
      "id": 1,
      "host_id": 2,
      "cpu_speed_mips": 4873,
      "memory_mb": 86016,
      "cpu_cores": 16,
      "disk_mb": 1024,
      "bandwidth_mbps": 50,
      "vmm": "Xen"
    },
    {
      "id": 2,
      "host_id": 1,
      "cpu_speed_mips": 3968,
      "memory_mb": 117760,
      "cpu_cores": 56,
      "disk_mb": 1024,
      "bandwidth_mbps": 50,
      "vmm": "Xen"
    },
    {
      "id": 3,
      "host_id": 0,
      "cpu_speed_mips": 1205,
      "memory_mb": 60416,
      "cpu_cores": 40,
      "disk_mb": 1024,
      "bandwidth_mbps": 50,
      "vmm": "Xen"
    },
    {
      "id": 4,
      "host_id": 3,
      "cpu_speed_mips": 3099,
      "memory_mb": 105472,
      "cpu_cores": 16,
      "disk_mb": 1024,
      "bandwidth_mbps": 50,
      "vmm": "Xen"
    },
    {
      "id": 5,
      "host_id": 2,
      "cpu_speed_mips": 2722,
      "memory_mb": 90112,
      "cpu_cores": 16,
      "disk_mb": 1024,
      "bandwidth_mbps": 50,
      "vmm": "Xen"
    },
    {
      "id": 6,
      "host_id": 1,
      "cpu_speed_mips": 3397,
      "memory_mb": 91136,
      "cpu_cores": 56,
      "disk_mb": 1024,
      "bandwidth_mbps": 50,
      "vmm": "Xen"
    },
    {
      "id": 7,
      "host_id": 0,
      "cpu_speed_mips": 1037,
      "memory_mb": 38912,
      "cpu_cores": 40,
      "disk_mb": 1024,
      "bandwidth_mbps": 50,
      "vmm": "Xen"
    },
    {
      "id": 8,
      "host_id": 3,
      "cpu_speed_mips": 2663,
      "memory_mb": 79872,
      "cpu_cores": 16,
      "disk_mb": 1024,
      "bandwidth_mbps": 50,
      "vmm": "Xen"
    },
    {
      "id": 9,
      "host_id": 2,
      "cpu_speed_mips": 2546,
      "memory_mb": 82944,
      "cpu_cores": 16,
      "disk_mb": 1024,
      "bandwidth_mbps": 50,
      "vmm": "Xen"
    },
    {
      "id": 10,
      "host_id": 1,
      "cpu_speed_mips": 2996,
      "memory_mb": 81920,
      "cpu_cores": 56,
      "disk_mb": 1024,
      "bandwidth_mbps": 50,
      "vmm": "Xen"
    },
    {
      "id": 11,
      "host_id": 0,
      "cpu_speed_mips": 599,
      "memory_mb": 84992,
      "cpu_cores": 40,
      "disk_mb": 1024,
      "bandwidth_mbps": 50,
      "vmm": "Xen"
    }
  ],
  "hosts": [
    {
      "id": 0,
      "cores": 40,
      "cpu_speed_mips": 512000,
      "power_idle_watt": 85,
      "power_peak_watt": 450,
      "memory_mb": 131072,
      "disk_mb": 12000000,
      "bandwidth_mbps": 2048
    },
    {
      "id": 1,
      "cores": 56,
      "cpu_speed_mips": 604800,
      "power_idle_watt": 50,
      "power_peak_watt": 432,
      "memory_mb": 167936,
      "disk_mb": 10000000,
      "bandwidth_mbps": 1536
    },
    {
      "id": 2,
      "cores": 16,
      "cpu_speed_mips": 187712,
      "power_idle_watt": 116,
      "power_peak_watt": 475,
      "memory_mb": 49152,
      "disk_mb": 10000000,
      "bandwidth_mbps": 1024
    },
    {
      "id": 3,
      "cores": 16,
      "cpu_speed_mips": 187712,
      "power_idle_watt": 116,
      "power_peak_watt": 475,
      "memory_mb": 49152,
      "disk_mb": 10000000,
      "bandwidth_mbps": 1024
    }
  ]
}