{
  "workflows": [
    {
      "id": 0,
      "tasks": [
        {
          "id": 0,
          "workflow_id": 0,
          "length": 61427,
          "req_memory_mb": 23552,
          "req_cpu_cores": 5,
          "child_ids": [
            1,
            2,
            3,
            4,
            5,
            6,
            7,
            8,
            9,
            12,
            13,
            14,
            16,
            18,
            19,
            20,
            23
          ]
        },
        {
          "id": 1,
          "workflow_id": 0,
          "length": 25484,
          "req_memory_mb": 11264,
          "req_cpu_cores": 10,
          "child_ids": [
            11,
            22
          ]
        },
        {
          "id": 2,
          "workflow_id": 0,
          "length": 49494,
          "req_memory_mb": 100352,
          "req_cpu_cores": 12,
          "child_ids": [
            10
          ]
        },
        {
          "id": 3,
          "workflow_id": 0,
          "length": 33651,
          "req_memory_mb": 68608,
          "req_cpu_cores": 24,
          "child_ids": []
        },
        {
          "id": 4,
          "workflow_id": 0,
          "length": 49711,
          "req_memory_mb": 20480,
          "req_cpu_cores": 17,
          "child_ids": [
            17,
            15
          ]
        },
        {
          "id": 5,
          "workflow_id": 0,
          "length": 44126,
          "req_memory_mb": 23552,
          "req_cpu_cores": 12,
          "child_ids": []
        },
        {
          "id": 6,
          "workflow_id": 0,
          "length": 64536,
          "req_memory_mb": 79872,
          "req_cpu_cores": 24,
          "child_ids": [
            24
          ]
        },
        {
          "id": 7,
          "workflow_id": 0,
          "length": 57084,
          "req_memory_mb": 48128,
          "req_cpu_cores": 5,
          "child_ids": []
        },
        {
          "id": 8,
          "workflow_id": 0,
          "length": 19403,
          "req_memory_mb": 4096,
          "req_cpu_cores": 24,
          "child_ids": [
            15
          ]
        },
        {
          "id": 9,
          "workflow_id": 0,
          "length": 68923,
          "req_memory_mb": 81920,
          "req_cpu_cores": 17,
          "child_ids": [
            25
          ]
        },
        {
          "id": 10,
          "workflow_id": 0,
          "length": 64358,
          "req_memory_mb": 15360,
          "req_cpu_cores": 28,
          "child_ids": []
        },
        {
          "id": 11,
          "workflow_id": 0,
          "length": 72726,
          "req_memory_mb": 10240,
          "req_cpu_cores": 17,
          "child_ids": []
        },
        {
          "id": 12,
          "workflow_id": 0,
          "length": 54187,
          "req_memory_mb": 99328,
          "req_cpu_cores": 12,
          "child_ids": []
        },
        {
          "id": 13,
          "workflow_id": 0,
          "length": 47412,
          "req_memory_mb": 48128,
          "req_cpu_cores": 10,
          "child_ids": []
        },
        {
          "id": 14,
          "workflow_id": 0,
          "length": 60715,
          "req_memory_mb": 57344,
          "req_cpu_cores": 26,
          "child_ids": []
        },
        {
          "id": 15,
          "workflow_id": 0,
          "length": 59044,
          "req_memory_mb": 10240,
          "req_cpu_cores": 17,
          "child_ids": []
        },
        {
          "id": 16,
          "workflow_id": 0,
          "length": 65607,
          "req_memory_mb": 98304,
          "req_cpu_cores": 28,
          "child_ids": [
            21
          ]
        },
        {
          "id": 17,
          "workflow_id": 0,
          "length": 54264,
          "req_memory_mb": 81920,
          "req_cpu_cores": 32,
          "child_ids": []
        },
        {
          "id": 18,
          "workflow_id": 0,
          "length": 77206,
          "req_memory_mb": 47104,
          "req_cpu_cores": 24,
          "child_ids": []
        },
        {
          "id": 19,
          "workflow_id": 0,
          "length": 56615,
          "req_memory_mb": 34816,
          "req_cpu_cores": 12,
          "child_ids": [
            26
          ]
        },
        {
          "id": 20,
          "workflow_id": 0,
          "length": 64293,
          "req_memory_mb": 101376,
          "req_cpu_cores": 26,
          "child_ids": []
        },
        {
          "id": 21,
          "workflow_id": 0,
          "length": 46199,
          "req_memory_mb": 1024,
          "req_cpu_cores": 30,
          "child_ids": []
        },
        {
          "id": 22,
          "workflow_id": 0,
          "length": 69945,
          "req_memory_mb": 43008,
          "req_cpu_cores": 19,
          "child_ids": []
        },
        {
          "id": 23,
          "workflow_id": 0,
          "length": 82913,
          "req_memory_mb": 75776,
          "req_cpu_cores": 30,
          "child_ids": []
        },
        {
          "id": 24,
          "workflow_id": 0,
          "length": 55625,
          "req_memory_mb": 114688,
          "req_cpu_cores": 26,
          "child_ids": []
        },
        {
          "id": 25,
          "workflow_id": 0,
          "length": 46929,
          "req_memory_mb": 8192,
          "req_cpu_cores": 24,
          "child_ids": []
        },
        {
          "id": 26,
          "workflow_id": 0,
          "length": 56062,
          "req_memory_mb": 105472,
          "req_cpu_cores": 24,
          "child_ids": []
        }
      ],
      "arrival_time": 0
    }
  ],
  "vms": [
    {
      "id": 0,
      "host_id": 3,
      "cpu_speed_mips": 1533,
      "memory_mb": 106496,
      "cpu_cores": 16,
      "disk_mb": 1024,
      "bandwidth_mbps": 50,
      "vmm": "Xen"
    },
    {
      "id": 1,
      "host_id": 2,
      "cpu_speed_mips": 4873,
      "memory_mb": 86016,
      "cpu_cores": 16,
      "disk_mb": 1024,
      "bandwidth_mbps": 50,
      "vmm": "Xen"
    },
    {
      "id": 2,
      "host_id": 1,
      "cpu_speed_mips": 3968,
      "memory_mb": 117760,
      "cpu_cores": 56,
      "disk_mb": 1024,
      "bandwidth_mbps": 50,
      "vmm": "Xen"
    },
    {
      "id": 3,
      "host_id": 0,
      "cpu_speed_mips": 1205,
      "memory_mb": 60416,
      "cpu_cores": 40,
      "disk_mb": 1024,
      "bandwidth_mbps": 50,
      "vmm": "Xen"
    },
    {
      "id": 4,
      "host_id": 3,
      "cpu_speed_mips": 3099,
      "memory_mb": 105472,
      "cpu_cores": 16,
      "disk_mb": 1024,
      "bandwidth_mbps": 50,
      "vmm": "Xen"
    },
    {
      "id": 5,
      "host_id": 2,
      "cpu_speed_mips": 2722,
      "memory_mb": 90112,
      "cpu_cores": 16,
      "disk_mb": 1024,
      "bandwidth_mbps": 50,
      "vmm": "Xen"
    },
    {
      "id": 6,
      "host_id": 1,
      "cpu_speed_mips": 3397,
      "memory_mb": 91136,
      "cpu_cores": 56,
      "disk_mb": 1024,
      "bandwidth_mbps": 50,
      "vmm": "Xen"
    },
    {
      "id": 7,
      "host_id": 0,
      "cpu_speed_mips": 1037,
      "memory_mb": 38912,
      "cpu_cores": 40,
      "disk_mb": 1024,
      "bandwidth_mbps": 50,
      "vmm": "Xen"
    },
    {
      "id": 8,
      "host_id": 3,
      "cpu_speed_mips": 2663,
      "memory_mb": 79872,
      "cpu_cores": 16,
      "disk_mb": 1024,
      "bandwidth_mbps": 50,
      "vmm": "Xen"
    },
    {
      "id": 9,
      "host_id": 2,
      "cpu_speed_mips": 2546,
      "memory_mb": 82944,
      "cpu_cores": 16,
      "disk_mb": 1024,
      "bandwidth_mbps": 50,
      "vmm": "Xen"
    },
    {
      "id": 10,
      "host_id": 1,
      "cpu_speed_mips": 2996,
      "memory_mb": 81920,
      "cpu_cores": 56,
      "disk_mb": 1024,
      "bandwidth_mbps": 50,
      "vmm": "Xen"
    },
    {
      "id": 11,
      "host_id": 0,
      "cpu_speed_mips": 599,
      "memory_mb": 84992,
      "cpu_cores": 40,
      "disk_mb": 1024,
      "bandwidth_mbps": 50,
      "vmm": "Xen"
    }
  ],
  "hosts": [
    {
      "id": 0,
      "cores": 40,
      "cpu_speed_mips": 512000,
      "power_idle_watt": 85,
      "power_peak_watt": 450,
      "memory_mb": 131072,
      "disk_mb": 12000000,
      "bandwidth_mbps": 2048
    },
    {
      "id": 1,
      "cores": 56,
      "cpu_speed_mips": 604800,
      "power_idle_watt": 50,
      "power_peak_watt": 432,
      "memory_mb": 167936,
      "disk_mb": 10000000,
      "bandwidth_mbps": 1536
    },
    {
      "id": 2,
      "cores": 16,
      "cpu_speed_mips": 187712,
      "power_idle_watt": 116,
      "power_peak_watt": 475,
      "memory_mb": 49152,
      "disk_mb": 10000000,
      "bandwidth_mbps": 1024
    },
    {
      "id": 3,
      "cores": 16,
      "cpu_speed_mips": 187712,
      "power_idle_watt": 116,
      "power_peak_watt": 475,
      "memory_mb": 49152,
      "disk_mb": 10000000,
      "bandwidth_mbps": 1024
    }
  ]
}