{
  "workflows": [
    {
      "id": 0,
      "tasks": [
        {
          "id": 0,
          "workflow_id": 0,
          "length": 75319,
          "req_memory_mb": 80896,
          "req_cpu_cores": 11,
          "child_ids": [
            1,
            2,
            3,
            4,
            5,
            6,
            8,
            9,
            10,
            11,
            12,
            13,
            14,
            15,
            16,
            17,
            18,
            23,
            25,
            26
          ]
        },
        {
          "id": 1,
          "workflow_id": 0,
          "length": 42563,
          "req_memory_mb": 94208,
          "req_cpu_cores": 15,
          "child_ids": []
        },
        {
          "id": 2,
          "workflow_id": 0,
          "length": 33582,
          "req_memory_mb": 49152,
          "req_cpu_cores": 13,
          "child_ids": [
            28
          ]
        },
        {
          "id": 3,
          "workflow_id": 0,
          "length": 69158,
          "req_memory_mb": 6144,
          "req_cpu_cores": 15,
          "child_ids": [
            21
          ]
        },
        {
          "id": 4,
          "workflow_id": 0,
          "length": 51461,
          "req_memory_mb": 38912,
          "req_cpu_cores": 20,
          "child_ids": []
        },
        {
          "id": 5,
          "workflow_id": 0,
          "length": 66271,
          "req_memory_mb": 24576,
          "req_cpu_cores": 31,
          "child_ids": [
            7
          ]
        },
        {
          "id": 6,
          "workflow_id": 0,
          "length": 57318,
          "req_memory_mb": 69632,
          "req_cpu_cores": 2,
          "child_ids": []
        },
        {
          "id": 7,
          "workflow_id": 0,
          "length": 74321,
          "req_memory_mb": 16384,
          "req_cpu_cores": 20,
          "child_ids": []
        },
        {
          "id": 8,
          "workflow_id": 0,
          "length": 66255,
          "req_memory_mb": 12288,
          "req_cpu_cores": 24,
          "child_ids": [
            19
          ]
        },
        {
          "id": 9,
          "workflow_id": 0,
          "length": 61249,
          "req_memory_mb": 92160,
          "req_cpu_cores": 26,
          "child_ids": [
            24
          ]
        },
        {
          "id": 10,
          "workflow_id": 0,
          "length": 43795,
          "req_memory_mb": 24576,
          "req_cpu_cores": 11,
          "child_ids": []
        },
        {
          "id": 11,
          "workflow_id": 0,
          "length": 34758,
          "req_memory_mb": 49152,
          "req_cpu_cores": 2,
          "child_ids": []
        },
        {
          "id": 12,
          "workflow_id": 0,
          "length": 30562,
          "req_memory_mb": 28672,
          "req_cpu_cores": 7,
          "child_ids": []
        },
        {
          "id": 13,
          "workflow_id": 0,
          "length": 37691,
          "req_memory_mb": 78848,
          "req_cpu_cores": 4,
          "child_ids": [
            19,
            22
          ]
        },
        {
          "id": 14,
          "workflow_id": 0,
          "length": 44052,
          "req_memory_mb": 68608,
          "req_cpu_cores": 11,
          "child_ids": [
            27,
            20
          ]
        },
        {
          "id": 15,
          "workflow_id": 0,
          "length": 72664,
          "req_memory_mb": 89088,
          "req_cpu_cores": 15,
          "child_ids": [
            24
          ]
        },
        {
          "id": 16,
          "workflow_id": 0,
          "length": 79922,
          "req_memory_mb": 1024,
          "req_cpu_cores": 31,
          "child_ids": []
        },
        {
          "id": 17,
          "workflow_id": 0,
          "length": 53418,
          "req_memory_mb": 82944,
          "req_cpu_cores": 29,
          "child_ids": [
            19
          ]
        },
        {
          "id": 18,
          "workflow_id": 0,
          "length": 54716,
          "req_memory_mb": 31744,
          "req_cpu_cores": 20,
          "child_ids": []
        },
        {
          "id": 19,
          "workflow_id": 0,
          "length": 84972,
          "req_memory_mb": 57344,
          "req_cpu_cores": 29,
          "child_ids": []
        },
        {
          "id": 20,
          "workflow_id": 0,
          "length": 12579,
          "req_memory_mb": 52224,
          "req_cpu_cores": 4,
          "child_ids": []
        },
        {
          "id": 21,
          "workflow_id": 0,
          "length": 46167,
          "req_memory_mb": 26624,
          "req_cpu_cores": 24,
          "child_ids": []
        },
        {
          "id": 22,
          "workflow_id": 0,
          "length": 58810,
          "req_memory_mb": 56320,
          "req_cpu_cores": 4,
          "child_ids": []
        },
        {
          "id": 23,
          "workflow_id": 0,
          "length": 79499,
          "req_memory_mb": 34816,
          "req_cpu_cores": 29,
          "child_ids": []
        },
        {
          "id": 24,
          "workflow_id": 0,
          "length": 67880,
          "req_memory_mb": 4096,
          "req_cpu_cores": 22,
          "child_ids": []
        },
        {
          "id": 25,
          "workflow_id": 0,
          "length": 81314,
          "req_memory_mb": 20480,
          "req_cpu_cores": 11,
          "child_ids": [
            29
          ]
        },
        {
          "id": 26,
          "workflow_id": 0,
          "length": 15081,
          "req_memory_mb": 12288,
          "req_cpu_cores": 20,
          "child_ids": []
        },
        {
          "id": 27,
          "workflow_id": 0,
          "length": 37579,
          "req_memory_mb": 8192,
          "req_cpu_cores": 9,
          "child_ids": []
        },
        {
          "id": 28,
          "workflow_id": 0,
          "length": 38161,
          "req_memory_mb": 29696,
          "req_cpu_cores": 18,
          "child_ids": []
        },
        {
          "id": 29,
          "workflow_id": 0,
          "length": 44116,
          "req_memory_mb": 89088,
          "req_cpu_cores": 22,
          "child_ids": []
        }
      ],
      "arrival_time": 0
    }
  ],
  "vms": [
    {
      "id": 0,
      "host_id": 3,
      "cpu_speed_mips": 1533,
      "memory_mb": 106496,
      "cpu_cores": 16,
      "disk_mb": 1024,
      "bandwidth_mbps": 50,
      "vmm": "Xen"
    },
    {
      "id": 1,
      "host_id": 2,
      "cpu_speed_mips": 4873,
      "memory_mb": 86016,
      "cpu_cores": 16,
      "disk_mb": 1024,
      "bandwidth_mbps": 50,
      "vmm": "Xen"
    },
    {
      "id": 2,
      "host_id": 1,
      "cpu_speed_mips": 3968,
      "memory_mb": 117760,
      "cpu_cores": 56,
      "disk_mb": 1024,
      "bandwidth_mbps": 50,
      "vmm": "Xen"
    },
    {
      "id": 3,
      "host_id": 0,
      "cpu_speed_mips": 1205,
      "memory_mb": 60416,
      "cpu_cores": 40,
      "disk_mb": 1024,
      "bandwidth_mbps": 50,
      "vmm": "Xen"
    },
    {
      "id": 4,
      "host_id": 3,
      "cpu_speed_mips": 3099,
      "memory_mb": 105472,
      "cpu_cores": 16,
      "disk_mb": 1024,
      "bandwidth_mbps": 50,
      "vmm": "Xen"
    },
    {
      "id": 5,
      "host_id": 2,
      "cpu_speed_mips": 2722,
      "memory_mb": 90112,
      "cpu_cores": 16,
      "disk_mb": 1024,
      "bandwidth_mbps": 50,
      "vmm": "Xen"
    },
    {
      "id": 6,
      "host_id": 1,
      "cpu_speed_mips": 3397,
      "memory_mb": 91136,
      "cpu_cores": 56,
      "disk_mb": 1024,
      "bandwidth_mbps": 50,
      "vmm": "Xen"
    },
    {
      "id": 7,
      "host_id": 0,
      "cpu_speed_mips": 1037,
      "memory_mb": 38912,
      "cpu_cores": 40,
      "disk_mb": 1024,
      "bandwidth_mbps": 50,
      "vmm": "Xen"
    },
    {
      "id": 8,
      "host_id": 3,
      "cpu_speed_mips": 2663,
      "memory_mb": 79872,
      "cpu_cores": 16,
      "disk_mb": 1024,
      "bandwidth_mbps": 50,
      "vmm": "Xen"
    },
    {
      "id": 9,
      "host_id": 2,
      "cpu_speed_mips": 2546,
      "memory_mb": 82944,
      "cpu_cores": 16,
      "disk_mb": 1024,
      "bandwidth_mbps": 50,
      "vmm": "Xen"
    },
    {
      "id": 10,
      "host_id": 1,
      "cpu_speed_mips": 2996,
      "memory_mb": 81920,
      "cpu_cores": 56,
      "disk_mb": 1024,
      "bandwidth_mbps": 50,
      "vmm": "Xen"
    },
    {
      "id": 11,
      "host_id": 0,
      "cpu_speed_mips": 599,
      "memory_mb": 84992,
      "cpu_cores": 40,
      "disk_mb": 1024,
      "bandwidth_mbps": 50,
      "vmm": "Xen"
    }
  ],
  "hosts": [
    {
      "id": 0,
      "cores": 40,
      "cpu_speed_mips": 512000,
      "power_idle_watt": 85,
      "power_peak_watt": 450,
      "memory_mb": 131072,
      "disk_mb": 12000000,
      "bandwidth_mbps": 2048
    },
    {
      "id": 1,
      "cores": 56,
      "cpu_speed_mips": 604800,
      "power_idle_watt": 50,
      "power_peak_watt": 432,
      "memory_mb": 167936,
      "disk_mb": 10000000,
      "bandwidth_mbps": 1536
    },
    {
      "id": 2,
      "cores": 16,
      "cpu_speed_mips": 187712,
      "power_idle_watt": 116,
      "power_peak_watt": 475,
      "memory_mb": 49152,
      "disk_mb": 10000000,
      "bandwidth_mbps": 1024
    },
    {
      "id": 3,
      "cores": 16,
      "cpu_speed_mips": 187712,
      "power_idle_watt": 116,
      "power_peak_watt": 475,
      "memory_mb": 49152,
      "disk_mb": 10000000,
      "bandwidth_mbps": 1024
    }
  ]
}