{
  "workflows": [
    {
      "id": 0,
      "tasks": [
        {
          "id": 0,
          "workflow_id": 0,
          "length": 18387,
          "req_memory_mb": 78848,
          "req_cpu_cores": 29,
          "child_ids": [
            1,
            2,
            3,
            4,
            6,
            7,
            8,
            9,
            10,
            13,
            14,
            15,
            18,
            19,
            20,
            21,
            22,
            24
          ]
        },
        {
          "id": 1,
          "workflow_id": 0,
          "length": 25039,
          "req_memory_mb": 68608,
          "req_cpu_cores": 2,
          "child_ids": [
            5
          ]
        },
        {
          "id": 2,
          "workflow_id": 0,
          "length": 30937,
          "req_memory_mb": 18432,
          "req_cpu_cores": 19,
          "child_ids": []
        },
        {
          "id": 3,
          "workflow_id": 0,
          "length": 52013,
          "req_memory_mb": 78848,
          "req_cpu_cores": 25,
          "child_ids": []
        },
        {
          "id": 4,
          "workflow_id": 0,
          "length": 24313,
          "req_memory_mb": 55296,
          "req_cpu_cores": 19,
          "child_ids": [
            11,
            12,
            23
          ]
        },
        {
          "id": 5,
          "workflow_id": 0,
          "length": 47718,
          "req_memory_mb": 87040,
          "req_cpu_cores": 27,
          "child_ids": [
            12
          ]
        },
        {
          "id": 6,
          "workflow_id": 0,
          "length": 66509,
          "req_memory_mb": 4096,
          "req_cpu_cores": 13,
          "child_ids": []
        },
        {
          "id": 7,
          "workflow_id": 0,
          "length": 61567,
          "req_memory_mb": 67584,
          "req_cpu_cores": 6,
          "child_ids": [
            23
          ]
        },
        {
          "id": 8,
          "workflow_id": 0,
          "length": 52503,
          "req_memory_mb": 35840,
          "req_cpu_cores": 19,
          "child_ids": []
        },
        {
          "id": 9,
          "workflow_id": 0,
          "length": 57568,
          "req_memory_mb": 3072,
          "req_cpu_cores": 25,
          "child_ids": []
        },
        {
          "id": 10,
          "workflow_id": 0,
          "length": 63813,
          "req_memory_mb": 57344,
          "req_cpu_cores": 27,
          "child_ids": []
        },
        {
          "id": 11,
          "workflow_id": 0,
          "length": 62512,
          "req_memory_mb": 81920,
          "req_cpu_cores": 25,
          "child_ids": []
        },
        {
          "id": 12,
          "workflow_id": 0,
          "length": 65276,
          "req_memory_mb": 37888,
          "req_cpu_cores": 25,
          "child_ids": []
        },
        {
          "id": 13,
          "workflow_id": 0,
          "length": 37621,
          "req_memory_mb": 6144,
          "req_cpu_cores": 29,
          "child_ids": [
            16
          ]
        },
        {
          "id": 14,
          "workflow_id": 0,
          "length": 54755,
          "req_memory_mb": 4096,
          "req_cpu_cores": 13,
          "child_ids": [
            17
          ]
        },
        {
          "id": 15,
          "workflow_id": 0,
          "length": 52025,
          "req_memory_mb": 16384,
          "req_cpu_cores": 29,
          "child_ids": []
        },
        {
          "id": 16,
          "workflow_id": 0,
          "length": 56199,
          "req_memory_mb": 81920,
          "req_cpu_cores": 17,
          "child_ids": []
        },
        {
          "id": 17,
          "workflow_id": 0,
          "length": 70473,
          "req_memory_mb": 73728,
          "req_cpu_cores": 17,
          "child_ids": []
        },
        {
          "id": 18,
          "workflow_id": 0,
          "length": 54712,
          "req_memory_mb": 73728,
          "req_cpu_cores": 4,
          "child_ids": [
            25
          ]
        },
        {
          "id": 19,
          "workflow_id": 0,
          "length": 62242,
          "req_memory_mb": 44032,
          "req_cpu_cores": 2,
          "child_ids": [
            23
          ]
        },
        {
          "id": 20,
          "workflow_id": 0,
          "length": 34083,
          "req_memory_mb": 36864,
          "req_cpu_cores": 17,
          "child_ids": [
            27
          ]
        },
        {
          "id": 21,
          "workflow_id": 0,
          "length": 41845,
          "req_memory_mb": 4096,
          "req_cpu_cores": 29,
          "child_ids": [
            26
          ]
        },
        {
          "id": 22,
          "workflow_id": 0,
          "length": 42058,
          "req_memory_mb": 75776,
          "req_cpu_cores": 13,
          "child_ids": []
        },
        {
          "id": 23,
          "workflow_id": 0,
          "length": 49054,
          "req_memory_mb": 43008,
          "req_cpu_cores": 4,
          "child_ids": []
        },
        {
          "id": 24,
          "workflow_id": 0,
          "length": 44766,
          "req_memory_mb": 67584,
          "req_cpu_cores": 19,
          "child_ids": []
        },
        {
          "id": 25,
          "workflow_id": 0,
          "length": 38683,
          "req_memory_mb": 82944,
          "req_cpu_cores": 15,
          "child_ids": []
        },
        {
          "id": 26,
          "workflow_id": 0,
          "length": 84309,
          "req_memory_mb": 8192,
          "req_cpu_cores": 25,
          "child_ids": [
            27
          ]
        },
        {
          "id": 27,
          "workflow_id": 0,
          "length": 57888,
          "req_memory_mb": 77824,
          "req_cpu_cores": 19,
          "child_ids": []
        }
      ],
      "arrival_time": 0
    }
  ],
  "vms": [
    {
      "id": 0,
      "host_id": 3,
      "cpu_speed_mips": 1533,
      "memory_mb": 106496,
      "cpu_cores": 16,
      "disk_mb": 1024,
      "bandwidth_mbps": 50,
      "vmm": "Xen"
    },
    {
      "id": 1,
      "host_id": 2,
      "cpu_speed_mips": 4873,
      "memory_mb": 86016,
      "cpu_cores": 16,
      "disk_mb": 1024,
      "bandwidth_mbps": 50,
      "vmm": "Xen"
    },
    {
      "id": 2,
      "host_id": 1,
      "cpu_speed_mips": 3968,
      "memory_mb": 117760,
      "cpu_cores": 56,
      "disk_mb": 1024,
      "bandwidth_mbps": 50,
      "vmm": "Xen"
    },
    {
      "id": 3,
      "host_id": 0,
      "cpu_speed_mips": 1205,
      "memory_mb": 60416,
      "cpu_cores": 40,
      "disk_mb": 1024,
      "bandwidth_mbps": 50,
      "vmm": "Xen"
    },
    {
      "id": 4,
      "host_id": 3,
      "cpu_speed_mips": 3099,
      "memory_mb": 105472,
      "cpu_cores": 16,
      "disk_mb": 1024,
      "bandwidth_mbps": 50,
      "vmm": "Xen"
    },
    {
      "id": 5,
      "host_id": 2,
      "cpu_speed_mips": 2722,
      "memory_mb": 90112,
      "cpu_cores": 16,
      "disk_mb": 1024,
      "bandwidth_mbps": 50,
      "vmm": "Xen"
    },
    {
      "id": 6,
      "host_id": 1,
      "cpu_speed_mips": 3397,
      "memory_mb": 91136,
      "cpu_cores": 56,
      "disk_mb": 1024,
      "bandwidth_mbps": 50,
      "vmm": "Xen"
    },
    {
      "id": 7,
      "host_id": 0,
      "cpu_speed_mips": 1037,
      "memory_mb": 38912,
      "cpu_cores": 40,
      "disk_mb": 1024,
      "bandwidth_mbps": 50,
      "vmm": "Xen"
    },
    {
      "id": 8,
      "host_id": 3,
      "cpu_speed_mips": 2663,
      "memory_mb": 79872,
      "cpu_cores": 16,
      "disk_mb": 1024,
      "bandwidth_mbps": 50,
      "vmm": "Xen"
    },
    {
      "id": 9,
      "host_id": 2,
      "cpu_speed_mips": 2546,
      "memory_mb": 82944,
      "cpu_cores": 16,
      "disk_mb": 1024,
      "bandwidth_mbps": 50,
      "vmm": "Xen"
    },
    {
      "id": 10,
      "host_id": 1,
      "cpu_speed_mips": 2996,
      "memory_mb": 81920,
      "cpu_cores": 56,
      "disk_mb": 1024,
      "bandwidth_mbps": 50,
      "vmm": "Xen"
    },
    {
      "id": 11,
      "host_id": 0,
      "cpu_speed_mips": 599,
      "memory_mb": 84992,
      "cpu_cores": 40,
      "disk_mb": 1024,
      "bandwidth_mbps": 50,
      "vmm": "Xen"
    }
  ],
  "hosts": [
    {
      "id": 0,
      "cores": 40,
      "cpu_speed_mips": 512000,
      "power_idle_watt": 85,
      "power_peak_watt": 450,
      "memory_mb": 131072,
      "disk_mb": 12000000,
      "bandwidth_mbps": 2048
    },
    {
      "id": 1,
      "cores": 56,
      "cpu_speed_mips": 604800,
      "power_idle_watt": 50,
      "power_peak_watt": 432,
      "memory_mb": 167936,
      "disk_mb": 10000000,
      "bandwidth_mbps": 1536
    },
    {
      "id": 2,
      "cores": 16,
      "cpu_speed_mips": 187712,
      "power_idle_watt": 116,
      "power_peak_watt": 475,
      "memory_mb": 49152,
      "disk_mb": 10000000,
      "bandwidth_mbps": 1024
    },
    {
      "id": 3,
      "cores": 16,
      "cpu_speed_mips": 187712,
      "power_idle_watt": 116,
      "power_peak_watt": 475,
      "memory_mb": 49152,
      "disk_mb": 10000000,
      "bandwidth_mbps": 1024
    }
  ]
}