{
  "workflows": [
    {
      "id": 0,
      "tasks": [
        {
          "id": 0,
          "workflow_id": 0,
          "length": 74245,
          "req_memory_mb": 25600,
          "req_cpu_cores": 35,
          "child_ids": [
            1,
            2,
            3,
            5,
            6,
            7,
            8,
            9,
            10,
            12,
            14,
            15,
            16,
            17,
            18,
            19,
            21,
            22,
            24,
            26
          ]
        },
        {
          "id": 1,
          "workflow_id": 0,
          "length": 50514,
          "req_memory_mb": 26624,
          "req_cpu_cores": 3,
          "child_ids": []
        },
        {
          "id": 2,
          "workflow_id": 0,
          "length": 54567,
          "req_memory_mb": 53248,
          "req_cpu_cores": 15,
          "child_ids": []
        },
        {
          "id": 3,
          "workflow_id": 0,
          "length": 50655,
          "req_memory_mb": 56320,
          "req_cpu_cores": 10,
          "child_ids": [
            11,
            4,
            13
          ]
        },
        {
          "id": 4,
          "workflow_id": 0,
          "length": 48073,
          "req_memory_mb": 13312,
          "req_cpu_cores": 28,
          "child_ids": []
        },
        {
          "id": 5,
          "workflow_id": 0,
          "length": 54877,
          "req_memory_mb": 12288,
          "req_cpu_cores": 3,
          "child_ids": []
        },
        {
          "id": 6,
          "workflow_id": 0,
          "length": 44110,
          "req_memory_mb": 26624,
          "req_cpu_cores": 5,
          "child_ids": []
        },
        {
          "id": 7,
          "workflow_id": 0,
          "length": 52651,
          "req_memory_mb": 89088,
          "req_cpu_cores": 35,
          "child_ids": []
        },
        {
          "id": 8,
          "workflow_id": 0,
          "length": 55802,
          "req_memory_mb": 90112,
          "req_cpu_cores": 10,
          "child_ids": []
        },
        {
          "id": 9,
          "workflow_id": 0,
          "length": 68541,
          "req_memory_mb": 48128,
          "req_cpu_cores": 23,
          "child_ids": []
        },
        {
          "id": 10,
          "workflow_id": 0,
          "length": 54367,
          "req_memory_mb": 45056,
          "req_cpu_cores": 20,
          "child_ids": [
            27
          ]
        },
        {
          "id": 11,
          "workflow_id": 0,
          "length": 44276,
          "req_memory_mb": 1024,
          "req_cpu_cores": 28,
          "child_ids": []
        },
        {
          "id": 12,
          "workflow_id": 0,
          "length": 61968,
          "req_memory_mb": 78848,
          "req_cpu_cores": 8,
          "child_ids": []
        },
        {
          "id": 13,
          "workflow_id": 0,
          "length": 49019,
          "req_memory_mb": 21504,
          "req_cpu_cores": 13,
          "child_ids": []
        },
        {
          "id": 14,
          "workflow_id": 0,
          "length": 67168,
          "req_memory_mb": 77824,
          "req_cpu_cores": 25,
          "child_ids": [
            25
          ]
        },
        {
          "id": 15,
          "workflow_id": 0,
          "length": 46512,
          "req_memory_mb": 24576,
          "req_cpu_cores": 28,
          "child_ids": []
        },
        {
          "id": 16,
          "workflow_id": 0,
          "length": 48477,
          "req_memory_mb": 52224,
          "req_cpu_cores": 5,
          "child_ids": [
            20
          ]
        },
        {
          "id": 17,
          "workflow_id": 0,
          "length": 39391,
          "req_memory_mb": 18432,
          "req_cpu_cores": 13,
          "child_ids": [
            23
          ]
        },
        {
          "id": 18,
          "workflow_id": 0,
          "length": 40483,
          "req_memory_mb": 54272,
          "req_cpu_cores": 8,
          "child_ids": []
        },
        {
          "id": 19,
          "workflow_id": 0,
          "length": 63204,
          "req_memory_mb": 54272,
          "req_cpu_cores": 23,
          "child_ids": [
            25
          ]
        },
        {
          "id": 20,
          "workflow_id": 0,
          "length": 56507,
          "req_memory_mb": 108544,
          "req_cpu_cores": 35,
          "child_ids": []
        },
        {
          "id": 21,
          "workflow_id": 0,
          "length": 67145,
          "req_memory_mb": 19456,
          "req_cpu_cores": 5,
          "child_ids": []
        },
        {
          "id": 22,
          "workflow_id": 0,
          "length": 29042,
          "req_memory_mb": 66560,
          "req_cpu_cores": 33,
          "child_ids": []
        },
        {
          "id": 23,
          "workflow_id": 0,
          "length": 80031,
          "req_memory_mb": 51200,
          "req_cpu_cores": 18,
          "child_ids": []
        },
        {
          "id": 24,
          "workflow_id": 0,
          "length": 69052,
          "req_memory_mb": 39936,
          "req_cpu_cores": 18,
          "child_ids": []
        },
        {
          "id": 25,
          "workflow_id": 0,
          "length": 70383,
          "req_memory_mb": 86016,
          "req_cpu_cores": 25,
          "child_ids": []
        },
        {
          "id": 26,
          "workflow_id": 0,
          "length": 23687,
          "req_memory_mb": 4096,
          "req_cpu_cores": 20,
          "child_ids": []
        },
        {
          "id": 27,
          "workflow_id": 0,
          "length": 40898,
          "req_memory_mb": 95232,
          "req_cpu_cores": 15,
          "child_ids": []
        }
      ],
      "arrival_time": 0
    }
  ],
  "vms": [
    {
      "id": 0,
      "host_id": 3,
      "cpu_speed_mips": 1533,
      "memory_mb": 106496,
      "cpu_cores": 16,
      "disk_mb": 1024,
      "bandwidth_mbps": 50,
      "vmm": "Xen"
    },
    {
      "id": 1,
      "host_id": 2,
      "cpu_speed_mips": 4873,
      "memory_mb": 86016,
      "cpu_cores": 16,
      "disk_mb": 1024,
      "bandwidth_mbps": 50,
      "vmm": "Xen"
    },
    {
      "id": 2,
      "host_id": 1,
      "cpu_speed_mips": 3968,
      "memory_mb": 117760,
      "cpu_cores": 56,
      "disk_mb": 1024,
      "bandwidth_mbps": 50,
      "vmm": "Xen"
    },
    {
      "id": 3,
      "host_id": 0,
      "cpu_speed_mips": 1205,
      "memory_mb": 60416,
      "cpu_cores": 40,
      "disk_mb": 1024,
      "bandwidth_mbps": 50,
      "vmm": "Xen"
    },
    {
      "id": 4,
      "host_id": 3,
      "cpu_speed_mips": 3099,
      "memory_mb": 105472,
      "cpu_cores": 16,
      "disk_mb": 1024,
      "bandwidth_mbps": 50,
      "vmm": "Xen"
    },
    {
      "id": 5,
      "host_id": 2,
      "cpu_speed_mips": 2722,
      "memory_mb": 90112,
      "cpu_cores": 16,
      "disk_mb": 1024,
      "bandwidth_mbps": 50,
      "vmm": "Xen"
    },
    {
      "id": 6,
      "host_id": 1,
      "cpu_speed_mips": 3397,
      "memory_mb": 91136,
      "cpu_cores": 56,
      "disk_mb": 1024,
      "bandwidth_mbps": 50,
      "vmm": "Xen"
    },
    {
      "id": 7,
      "host_id": 0,
      "cpu_speed_mips": 1037,
      "memory_mb": 38912,
      "cpu_cores": 40,
      "disk_mb": 1024,
      "bandwidth_mbps": 50,
      "vmm": "Xen"
    },
    {
      "id": 8,
      "host_id": 3,
      "cpu_speed_mips": 2663,
      "memory_mb": 79872,
      "cpu_cores": 16,
      "disk_mb": 1024,
      "bandwidth_mbps": 50,
      "vmm": "Xen"
    },
    {
      "id": 9,
      "host_id": 2,
      "cpu_speed_mips": 2546,
      "memory_mb": 82944,
      "cpu_cores": 16,
      "disk_mb": 1024,
      "bandwidth_mbps": 50,
      "vmm": "Xen"
    },
    {
      "id": 10,
      "host_id": 1,
      "cpu_speed_mips": 2996,
      "memory_mb": 81920,
      "cpu_cores": 56,
      "disk_mb": 1024,
      "bandwidth_mbps": 50,
      "vmm": "Xen"
    },
    {
      "id": 11,
      "host_id": 0,
      "cpu_speed_mips": 599,
      "memory_mb": 84992,
      "cpu_cores": 40,
      "disk_mb": 1024,
      "bandwidth_mbps": 50,
      "vmm": "Xen"
    }
  ],
  "hosts": [
    {
      "id": 0,
      "cores": 40,
      "cpu_speed_mips": 512000,
      "power_idle_watt": 85,
      "power_peak_watt": 450,
      "memory_mb": 131072,
      "disk_mb": 12000000,
      "bandwidth_mbps": 2048
    },
    {
      "id": 1,
      "cores": 56,
      "cpu_speed_mips": 604800,
      "power_idle_watt": 50,
      "power_peak_watt": 432,
      "memory_mb": 167936,
      "disk_mb": 10000000,
      "bandwidth_mbps": 1536
    },
    {
      "id": 2,
      "cores": 16,
      "cpu_speed_mips": 187712,
      "power_idle_watt": 116,
      "power_peak_watt": 475,
      "memory_mb": 49152,
      "disk_mb": 10000000,
      "bandwidth_mbps": 1024
    },
    {
      "id": 3,
      "cores": 16,
      "cpu_speed_mips": 187712,
      "power_idle_watt": 116,
      "power_peak_watt": 475,
      "memory_mb": 49152,
      "disk_mb": 10000000,
      "bandwidth_mbps": 1024
    }
  ]
}