[
  {
    "name": "PowerEdge R740",
    "cores": 56,
    "cpu_speed_gips": 900.0,
    "memory_gb": 164,
    "disk_tb": 10,
    "bandwidth_gbps": 1.5,
    "power_idle_watt": 220,
    "power_peak_watt": 1000
  },
  {
    "name": "PowerEdge C6100",
    "cores": 48,
    "cpu_speed_gips": 750.0,
    "memory_gb": 64,
    "disk_tb": 10,
    "bandwidth_gbps": 1.5,
    "power_idle_watt": 200,
    "power_peak_watt": 850
  },
  {
    "name": "PowerEdge R820",
    "cores": 32,
    "cpu_speed_gips": 650.0,
    "memory_gb": 128,
    "disk_tb": 10,
    "bandwidth_gbps": 1.0,
    "power_idle_watt": 130,
    "power_peak_watt": 600
  },
  {
    "name": "iDataPlex dx360",
    "cores": 16,
    "cpu_speed_gips": 550.0,
    "memory_gb": 48,
    "disk_tb": 10,
    "bandwidth_gbps": 1.0,
    "power_idle_watt": 110,
    "power_peak_watt": 400
  },
  {
    "name": "PowerEdge R710",
    "cores": 12,
    "cpu_speed_gips": 450.0,
    "memory_gb": 64,
    "disk_tb": 10,
    "bandwidth_gbps": 1.0,
    "power_idle_watt": 80,
    "power_peak_watt": 290
  },
  {
    "name": "ProLiant DL380 Gen10",
    "cores": 40,
    "cpu_speed_gips": 800.0,
    "memory_gb": 128,
    "disk_tb": 12,
    "bandwidth_gbps": 2.0,
    "power_idle_watt": 180,
    "power_peak_watt": 780
  },
  {
    "name": "ThinkSystem SR650",
    "cores": 24,
    "cpu_speed_gips": 600.0,
    "memory_gb": 64,
    "disk_tb": 8,
    "bandwidth_gbps": 1.0,
    "power_idle_watt": 120,
    "power_peak_watt": 480
  },
  {
    "name": "PowerEdge R930",
    "cores": 72,
    "cpu_speed_gips": 1000.0,
    "memory_gb": 128,
    "disk_tb": 16,
    "bandwidth_gbps": 2.0,
    "power_idle_watt": 260,
    "power_peak_watt": 1200
  },
  {
    "name": "Sun Fire X4170 M3",
    "cores": 16,
    "cpu_speed_gips": 500.0,
    "memory_gb": 64,
    "disk_tb": 8,
    "bandwidth_gbps": 1.0,
    "power_idle_watt": 90,
    "power_peak_watt": 350
  },
  {
    "name": "Supermicro 2029P",
    "cores": 48,
    "cpu_speed_gips": 700.0,
    "memory_gb": 128,
    "disk_tb": 12,
    "bandwidth_gbps": 1.5,
    "power_idle_watt": 140,
    "power_peak_watt": 680
  }
]