{
  "workflows": [
    {
      "id": 0,
      "tasks": [
        {
          "id": 0,
          "workflow_id": 0,
          "length": 46204,
          "req_memory_mb": 4096,
          "req_cpu_cores": 14,
          "child_ids": [
            1
          ]
        },
        {
          "id": 1,
          "workflow_id": 0,
          "length": 58095,
          "req_memory_mb": 9216,
          "req_cpu_cores": 9,
          "child_ids": [
            2
          ]
        },
        {
          "id": 2,
          "workflow_id": 0,
          "length": 70727,
          "req_memory_mb": 5120,
          "req_cpu_cores": 3,
          "child_ids": [
            3
          ]
        },
        {
          "id": 3,
          "workflow_id": 0,
          "length": 35141,
          "req_memory_mb": 1024,
          "req_cpu_cores": 13,
          "child_ids": [
            4
          ]
        },
        {
          "id": 4,
          "workflow_id": 0,
          "length": 49905,
          "req_memory_mb": 9216,
          "req_cpu_cores": 2,
          "child_ids": [
            5
          ]
        },
        {
          "id": 5,
          "workflow_id": 0,
          "length": 31902,
          "req_memory_mb": 4096,
          "req_cpu_cores": 1,
          "child_ids": [
            6
          ]
        },
        {
          "id": 6,
          "workflow_id": 0,
          "length": 37382,
          "req_memory_mb": 3072,
          "req_cpu_cores": 2,
          "child_ids": [
            7
          ]
        },
        {
          "id": 7,
          "workflow_id": 0,
          "length": 45127,
          "req_memory_mb": 6144,
          "req_cpu_cores": 1,
          "child_ids": [
            8
          ]
        },
        {
          "id": 8,
          "workflow_id": 0,
          "length": 29713,
          "req_memory_mb": 3072,
          "req_cpu_cores": 1,
          "child_ids": [
            9
          ]
        },
        {
          "id": 9,
          "workflow_id": 0,
          "length": 33487,
          "req_memory_mb": 1024,
          "req_cpu_cores": 13,
          "child_ids": [
            10
          ]
        },
        {
          "id": 10,
          "workflow_id": 0,
          "length": 27870,
          "req_memory_mb": 4096,
          "req_cpu_cores": 10,
          "child_ids": [
            11
          ]
        },
        {
          "id": 11,
          "workflow_id": 0,
          "length": 55920,
          "req_memory_mb": 8192,
          "req_cpu_cores": 6,
          "child_ids": [
            12
          ]
        },
        {
          "id": 12,
          "workflow_id": 0,
          "length": 65015,
          "req_memory_mb": 7168,
          "req_cpu_cores": 3,
          "child_ids": []
        }
      ],
      "arrival_time": 0
    },
    {
      "id": 1,
      "tasks": [
        {
          "id": 0,
          "workflow_id": 1,
          "length": 51978,
          "req_memory_mb": 8192,
          "req_cpu_cores": 4,
          "child_ids": [
            1
          ]
        },
        {
          "id": 1,
          "workflow_id": 1,
          "length": 19182,
          "req_memory_mb": 8192,
          "req_cpu_cores": 13,
          "child_ids": [
            2
          ]
        },
        {
          "id": 2,
          "workflow_id": 1,
          "length": 44080,
          "req_memory_mb": 2048,
          "req_cpu_cores": 8,
          "child_ids": [
            3
          ]
        },
        {
          "id": 3,
          "workflow_id": 1,
          "length": 39646,
          "req_memory_mb": 6144,
          "req_cpu_cores": 14,
          "child_ids": [
            4
          ]
        },
        {
          "id": 4,
          "workflow_id": 1,
          "length": 61481,
          "req_memory_mb": 5120,
          "req_cpu_cores": 4,
          "child_ids": [
            5
          ]
        },
        {
          "id": 5,
          "workflow_id": 1,
          "length": 78368,
          "req_memory_mb": 7168,
          "req_cpu_cores": 6,
          "child_ids": [
            6
          ]
        },
        {
          "id": 6,
          "workflow_id": 1,
          "length": 87569,
          "req_memory_mb": 9216,
          "req_cpu_cores": 10,
          "child_ids": [
            7
          ]
        },
        {
          "id": 7,
          "workflow_id": 1,
          "length": 53092,
          "req_memory_mb": 1024,
          "req_cpu_cores": 12,
          "child_ids": [
            8
          ]
        },
        {
          "id": 8,
          "workflow_id": 1,
          "length": 31234,
          "req_memory_mb": 5120,
          "req_cpu_cores": 11,
          "child_ids": [
            9
          ]
        },
        {
          "id": 9,
          "workflow_id": 1,
          "length": 42990,
          "req_memory_mb": 6144,
          "req_cpu_cores": 2,
          "child_ids": [
            10
          ]
        },
        {
          "id": 10,
          "workflow_id": 1,
          "length": 55966,
          "req_memory_mb": 4096,
          "req_cpu_cores": 2,
          "child_ids": [
            11
          ]
        },
        {
          "id": 11,
          "workflow_id": 1,
          "length": 77727,
          "req_memory_mb": 4096,
          "req_cpu_cores": 8,
          "child_ids": [
            12
          ]
        },
        {
          "id": 12,
          "workflow_id": 1,
          "length": 47633,
          "req_memory_mb": 4096,
          "req_cpu_cores": 9,
          "child_ids": [
            13
          ]
        },
        {
          "id": 13,
          "workflow_id": 1,
          "length": 66761,
          "req_memory_mb": 8192,
          "req_cpu_cores": 1,
          "child_ids": [
            14
          ]
        },
        {
          "id": 14,
          "workflow_id": 1,
          "length": 51450,
          "req_memory_mb": 8192,
          "req_cpu_cores": 14,
          "child_ids": [
            15
          ]
        },
        {
          "id": 15,
          "workflow_id": 1,
          "length": 65054,
          "req_memory_mb": 1024,
          "req_cpu_cores": 13,
          "child_ids": [
            16
          ]
        },
        {
          "id": 16,
          "workflow_id": 1,
          "length": 51271,
          "req_memory_mb": 2048,
          "req_cpu_cores": 6,
          "child_ids": [
            17
          ]
        },
        {
          "id": 17,
          "workflow_id": 1,
          "length": 46828,
          "req_memory_mb": 4096,
          "req_cpu_cores": 8,
          "child_ids": [
            18
          ]
        },
        {
          "id": 18,
          "workflow_id": 1,
          "length": 58450,
          "req_memory_mb": 7168,
          "req_cpu_cores": 8,
          "child_ids": []
        }
      ],
      "arrival_time": 0
    },
    {
      "id": 2,
      "tasks": [
        {
          "id": 0,
          "workflow_id": 2,
          "length": 28782,
          "req_memory_mb": 6144,
          "req_cpu_cores": 11,
          "child_ids": [
            1
          ]
        },
        {
          "id": 1,
          "workflow_id": 2,
          "length": 30242,
          "req_memory_mb": 5120,
          "req_cpu_cores": 2,
          "child_ids": [
            2
          ]
        },
        {
          "id": 2,
          "workflow_id": 2,
          "length": 18380,
          "req_memory_mb": 1024,
          "req_cpu_cores": 2,
          "child_ids": [
            3
          ]
        },
        {
          "id": 3,
          "workflow_id": 2,
          "length": 64319,
          "req_memory_mb": 2048,
          "req_cpu_cores": 8,
          "child_ids": [
            4
          ]
        },
        {
          "id": 4,
          "workflow_id": 2,
          "length": 56679,
          "req_memory_mb": 1024,
          "req_cpu_cores": 6,
          "child_ids": [
            5
          ]
        },
        {
          "id": 5,
          "workflow_id": 2,
          "length": 42957,
          "req_memory_mb": 1024,
          "req_cpu_cores": 9,
          "child_ids": [
            6
          ]
        },
        {
          "id": 6,
          "workflow_id": 2,
          "length": 15085,
          "req_memory_mb": 6144,
          "req_cpu_cores": 10,
          "child_ids": [
            7
          ]
        },
        {
          "id": 7,
          "workflow_id": 2,
          "length": 49980,
          "req_memory_mb": 3072,
          "req_cpu_cores": 13,
          "child_ids": [
            8
          ]
        },
        {
          "id": 8,
          "workflow_id": 2,
          "length": 56297,
          "req_memory_mb": 1024,
          "req_cpu_cores": 6,
          "child_ids": [
            9
          ]
        },
        {
          "id": 9,
          "workflow_id": 2,
          "length": 67163,
          "req_memory_mb": 8192,
          "req_cpu_cores": 6,
          "child_ids": [
            10
          ]
        },
        {
          "id": 10,
          "workflow_id": 2,
          "length": 73324,
          "req_memory_mb": 7168,
          "req_cpu_cores": 6,
          "child_ids": [
            11
          ]
        },
        {
          "id": 11,
          "workflow_id": 2,
          "length": 32429,
          "req_memory_mb": 8192,
          "req_cpu_cores": 9,
          "child_ids": []
        }
      ],
      "arrival_time": 0
    },
    {
      "id": 3,
      "tasks": [
        {
          "id": 0,
          "workflow_id": 3,
          "length": 55899,
          "req_memory_mb": 6144,
          "req_cpu_cores": 6,
          "child_ids": [
            1
          ]
        },
        {
          "id": 1,
          "workflow_id": 3,
          "length": 59802,
          "req_memory_mb": 7168,
          "req_cpu_cores": 12,
          "child_ids": [
            2
          ]
        },
        {
          "id": 2,
          "workflow_id": 3,
          "length": 55810,
          "req_memory_mb": 1024,
          "req_cpu_cores": 5,
          "child_ids": [
            3
          ]
        },
        {
          "id": 3,
          "workflow_id": 3,
          "length": 45146,
          "req_memory_mb": 3072,
          "req_cpu_cores": 12,
          "child_ids": [
            4
          ]
        },
        {
          "id": 4,
          "workflow_id": 3,
          "length": 73833,
          "req_memory_mb": 4096,
          "req_cpu_cores": 8,
          "child_ids": [
            5
          ]
        },
        {
          "id": 5,
          "workflow_id": 3,
          "length": 10783,
          "req_memory_mb": 7168,
          "req_cpu_cores": 11,
          "child_ids": [
            6
          ]
        },
        {
          "id": 6,
          "workflow_id": 3,
          "length": 65195,
          "req_memory_mb": 7168,
          "req_cpu_cores": 2,
          "child_ids": [
            7
          ]
        },
        {
          "id": 7,
          "workflow_id": 3,
          "length": 84633,
          "req_memory_mb": 8192,
          "req_cpu_cores": 11,
          "child_ids": [
            8
          ]
        },
        {
          "id": 8,
          "workflow_id": 3,
          "length": 46263,
          "req_memory_mb": 7168,
          "req_cpu_cores": 3,
          "child_ids": [
            9
          ]
        },
        {
          "id": 9,
          "workflow_id": 3,
          "length": 28240,
          "req_memory_mb": 9216,
          "req_cpu_cores": 11,
          "child_ids": [
            10
          ]
        },
        {
          "id": 10,
          "workflow_id": 3,
          "length": 66107,
          "req_memory_mb": 8192,
          "req_cpu_cores": 7,
          "child_ids": [
            11
          ]
        },
        {
          "id": 11,
          "workflow_id": 3,
          "length": 68990,
          "req_memory_mb": 8192,
          "req_cpu_cores": 14,
          "child_ids": [
            12
          ]
        },
        {
          "id": 12,
          "workflow_id": 3,
          "length": 51727,
          "req_memory_mb": 1024,
          "req_cpu_cores": 2,
          "child_ids": [
            13
          ]
        },
        {
          "id": 13,
          "workflow_id": 3,
          "length": 71341,
          "req_memory_mb": 1024,
          "req_cpu_cores": 2,
          "child_ids": [
            14
          ]
        },
        {
          "id": 14,
          "workflow_id": 3,
          "length": 57340,
          "req_memory_mb": 6144,
          "req_cpu_cores": 10,
          "child_ids": [
            15
          ]
        },
        {
          "id": 15,
          "workflow_id": 3,
          "length": 32249,
          "req_memory_mb": 4096,
          "req_cpu_cores": 8,
          "child_ids": [
            16
          ]
        },
        {
          "id": 16,
          "workflow_id": 3,
          "length": 46352,
          "req_memory_mb": 2048,
          "req_cpu_cores": 3,
          "child_ids": [
            17
          ]
        },
        {
          "id": 17,
          "workflow_id": 3,
          "length": 65227,
          "req_memory_mb": 5120,
          "req_cpu_cores": 14,
          "child_ids": [
            18
          ]
        },
        {
          "id": 18,
          "workflow_id": 3,
          "length": 88718,
          "req_memory_mb": 9216,
          "req_cpu_cores": 3,
          "child_ids": [
            19
          ]
        },
        {
          "id": 19,
          "workflow_id": 3,
          "length": 23022,
          "req_memory_mb": 4096,
          "req_cpu_cores": 11,
          "child_ids": [
            20
          ]
        },
        {
          "id": 20,
          "workflow_id": 3,
          "length": 36796,
          "req_memory_mb": 7168,
          "req_cpu_cores": 10,
          "child_ids": []
        }
      ],
      "arrival_time": 0
    },
    {
      "id": 4,
      "tasks": [
        {
          "id": 0,
          "workflow_id": 4,
          "length": 57926,
          "req_memory_mb": 3072,
          "req_cpu_cores": 2,
          "child_ids": [
            1
          ]
        },
        {
          "id": 1,
          "workflow_id": 4,
          "length": 21367,
          "req_memory_mb": 2048,
          "req_cpu_cores": 2,
          "child_ids": [
            2
          ]
        },
        {
          "id": 2,
          "workflow_id": 4,
          "length": 73008,
          "req_memory_mb": 1024,
          "req_cpu_cores": 3,
          "child_ids": [
            3
          ]
        },
        {
          "id": 3,
          "workflow_id": 4,
          "length": 46015,
          "req_memory_mb": 9216,
          "req_cpu_cores": 12,
          "child_ids": [
            4
          ]
        },
        {
          "id": 4,
          "workflow_id": 4,
          "length": 54558,
          "req_memory_mb": 1024,
          "req_cpu_cores": 13,
          "child_ids": [
            5
          ]
        },
        {
          "id": 5,
          "workflow_id": 4,
          "length": 81835,
          "req_memory_mb": 8192,
          "req_cpu_cores": 2,
          "child_ids": [
            6
          ]
        },
        {
          "id": 6,
          "workflow_id": 4,
          "length": 43340,
          "req_memory_mb": 5120,
          "req_cpu_cores": 1,
          "child_ids": [
            7
          ]
        },
        {
          "id": 7,
          "workflow_id": 4,
          "length": 46207,
          "req_memory_mb": 7168,
          "req_cpu_cores": 4,
          "child_ids": [
            8
          ]
        },
        {
          "id": 8,
          "workflow_id": 4,
          "length": 28642,
          "req_memory_mb": 6144,
          "req_cpu_cores": 7,
          "child_ids": [
            9
          ]
        },
        {
          "id": 9,
          "workflow_id": 4,
          "length": 59209,
          "req_memory_mb": 4096,
          "req_cpu_cores": 7,
          "child_ids": [
            10
          ]
        },
        {
          "id": 10,
          "workflow_id": 4,
          "length": 34221,
          "req_memory_mb": 3072,
          "req_cpu_cores": 13,
          "child_ids": [
            11
          ]
        },
        {
          "id": 11,
          "workflow_id": 4,
          "length": 33320,
          "req_memory_mb": 6144,
          "req_cpu_cores": 2,
          "child_ids": [
            12
          ]
        },
        {
          "id": 12,
          "workflow_id": 4,
          "length": 48933,
          "req_memory_mb": 5120,
          "req_cpu_cores": 13,
          "child_ids": [
            13
          ]
        },
        {
          "id": 13,
          "workflow_id": 4,
          "length": 57500,
          "req_memory_mb": 2048,
          "req_cpu_cores": 14,
          "child_ids": [
            14
          ]
        },
        {
          "id": 14,
          "workflow_id": 4,
          "length": 50953,
          "req_memory_mb": 6144,
          "req_cpu_cores": 7,
          "child_ids": [
            15
          ]
        },
        {
          "id": 15,
          "workflow_id": 4,
          "length": 54908,
          "req_memory_mb": 4096,
          "req_cpu_cores": 3,
          "child_ids": [
            16
          ]
        },
        {
          "id": 16,
          "workflow_id": 4,
          "length": 48709,
          "req_memory_mb": 2048,
          "req_cpu_cores": 10,
          "child_ids": []
        }
      ],
      "arrival_time": 0
    },
    {
      "id": 5,
      "tasks": [
        {
          "id": 0,
          "workflow_id": 5,
          "length": 22074,
          "req_memory_mb": 9216,
          "req_cpu_cores": 8,
          "child_ids": [
            1
          ]
        },
        {
          "id": 1,
          "workflow_id": 5,
          "length": 46799,
          "req_memory_mb": 1024,
          "req_cpu_cores": 6,
          "child_ids": [
            2
          ]
        },
        {
          "id": 2,
          "workflow_id": 5,
          "length": 50444,
          "req_memory_mb": 5120,
          "req_cpu_cores": 3,
          "child_ids": [
            3
          ]
        },
        {
          "id": 3,
          "workflow_id": 5,
          "length": 51835,
          "req_memory_mb": 5120,
          "req_cpu_cores": 8,
          "child_ids": [
            4
          ]
        },
        {
          "id": 4,
          "workflow_id": 5,
          "length": 62916,
          "req_memory_mb": 4096,
          "req_cpu_cores": 13,
          "child_ids": [
            5
          ]
        },
        {
          "id": 5,
          "workflow_id": 5,
          "length": 60795,
          "req_memory_mb": 7168,
          "req_cpu_cores": 1,
          "child_ids": [
            6
          ]
        },
        {
          "id": 6,
          "workflow_id": 5,
          "length": 58293,
          "req_memory_mb": 4096,
          "req_cpu_cores": 10,
          "child_ids": [
            7
          ]
        },
        {
          "id": 7,
          "workflow_id": 5,
          "length": 19023,
          "req_memory_mb": 3072,
          "req_cpu_cores": 14,
          "child_ids": [
            8
          ]
        },
        {
          "id": 8,
          "workflow_id": 5,
          "length": 46760,
          "req_memory_mb": 6144,
          "req_cpu_cores": 14,
          "child_ids": [
            9
          ]
        },
        {
          "id": 9,
          "workflow_id": 5,
          "length": 36174,
          "req_memory_mb": 2048,
          "req_cpu_cores": 2,
          "child_ids": [
            10
          ]
        },
        {
          "id": 10,
          "workflow_id": 5,
          "length": 41457,
          "req_memory_mb": 1024,
          "req_cpu_cores": 11,
          "child_ids": [
            11
          ]
        },
        {
          "id": 11,
          "workflow_id": 5,
          "length": 47138,
          "req_memory_mb": 1024,
          "req_cpu_cores": 6,
          "child_ids": [
            12
          ]
        },
        {
          "id": 12,
          "workflow_id": 5,
          "length": 38670,
          "req_memory_mb": 4096,
          "req_cpu_cores": 1,
          "child_ids": [
            13
          ]
        },
        {
          "id": 13,
          "workflow_id": 5,
          "length": 46141,
          "req_memory_mb": 1024,
          "req_cpu_cores": 5,
          "child_ids": [
            14
          ]
        },
        {
          "id": 14,
          "workflow_id": 5,
          "length": 64670,
          "req_memory_mb": 4096,
          "req_cpu_cores": 12,
          "child_ids": [
            15
          ]
        },
        {
          "id": 15,
          "workflow_id": 5,
          "length": 62449,
          "req_memory_mb": 4096,
          "req_cpu_cores": 8,
          "child_ids": []
        }
      ],
      "arrival_time": 0
    },
    {
      "id": 6,
      "tasks": [
        {
          "id": 0,
          "workflow_id": 6,
          "length": 26746,
          "req_memory_mb": 5120,
          "req_cpu_cores": 6,
          "child_ids": [
            1
          ]
        },
        {
          "id": 1,
          "workflow_id": 6,
          "length": 64238,
          "req_memory_mb": 6144,
          "req_cpu_cores": 11,
          "child_ids": [
            2
          ]
        },
        {
          "id": 2,
          "workflow_id": 6,
          "length": 41043,
          "req_memory_mb": 3072,
          "req_cpu_cores": 11,
          "child_ids": [
            3
          ]
        },
        {
          "id": 3,
          "workflow_id": 6,
          "length": 37475,
          "req_memory_mb": 2048,
          "req_cpu_cores": 14,
          "child_ids": [
            4
          ]
        },
        {
          "id": 4,
          "workflow_id": 6,
          "length": 50259,
          "req_memory_mb": 1024,
          "req_cpu_cores": 10,
          "child_ids": [
            5
          ]
        },
        {
          "id": 5,
          "workflow_id": 6,
          "length": 55591,
          "req_memory_mb": 7168,
          "req_cpu_cores": 2,
          "child_ids": [
            6
          ]
        },
        {
          "id": 6,
          "workflow_id": 6,
          "length": 58312,
          "req_memory_mb": 6144,
          "req_cpu_cores": 10,
          "child_ids": [
            7
          ]
        },
        {
          "id": 7,
          "workflow_id": 6,
          "length": 64731,
          "req_memory_mb": 8192,
          "req_cpu_cores": 14,
          "child_ids": [
            8
          ]
        },
        {
          "id": 8,
          "workflow_id": 6,
          "length": 52156,
          "req_memory_mb": 7168,
          "req_cpu_cores": 14,
          "child_ids": [
            9
          ]
        },
        {
          "id": 9,
          "workflow_id": 6,
          "length": 36395,
          "req_memory_mb": 7168,
          "req_cpu_cores": 1,
          "child_ids": [
            10
          ]
        },
        {
          "id": 10,
          "workflow_id": 6,
          "length": 48879,
          "req_memory_mb": 6144,
          "req_cpu_cores": 9,
          "child_ids": [
            11
          ]
        },
        {
          "id": 11,
          "workflow_id": 6,
          "length": 30575,
          "req_memory_mb": 6144,
          "req_cpu_cores": 4,
          "child_ids": []
        }
      ],
      "arrival_time": 0
    },
    {
      "id": 7,
      "tasks": [
        {
          "id": 0,
          "workflow_id": 7,
          "length": 45647,
          "req_memory_mb": 9216,
          "req_cpu_cores": 12,
          "child_ids": [
            1
          ]
        },
        {
          "id": 1,
          "workflow_id": 7,
          "length": 17434,
          "req_memory_mb": 6144,
          "req_cpu_cores": 5,
          "child_ids": [
            2
          ]
        },
        {
          "id": 2,
          "workflow_id": 7,
          "length": 19212,
          "req_memory_mb": 3072,
          "req_cpu_cores": 1,
          "child_ids": [
            3
          ]
        },
        {
          "id": 3,
          "workflow_id": 7,
          "length": 25325,
          "req_memory_mb": 9216,
          "req_cpu_cores": 11,
          "child_ids": [
            4
          ]
        },
        {
          "id": 4,
          "workflow_id": 7,
          "length": 24054,
          "req_memory_mb": 5120,
          "req_cpu_cores": 10,
          "child_ids": [
            5
          ]
        },
        {
          "id": 5,
          "workflow_id": 7,
          "length": 43854,
          "req_memory_mb": 7168,
          "req_cpu_cores": 4,
          "child_ids": [
            6
          ]
        },
        {
          "id": 6,
          "workflow_id": 7,
          "length": 37459,
          "req_memory_mb": 2048,
          "req_cpu_cores": 4,
          "child_ids": [
            7
          ]
        },
        {
          "id": 7,
          "workflow_id": 7,
          "length": 45128,
          "req_memory_mb": 4096,
          "req_cpu_cores": 8,
          "child_ids": [
            8
          ]
        },
        {
          "id": 8,
          "workflow_id": 7,
          "length": 8789,
          "req_memory_mb": 7168,
          "req_cpu_cores": 3,
          "child_ids": [
            9
          ]
        },
        {
          "id": 9,
          "workflow_id": 7,
          "length": 40070,
          "req_memory_mb": 2048,
          "req_cpu_cores": 10,
          "child_ids": [
            10
          ]
        },
        {
          "id": 10,
          "workflow_id": 7,
          "length": 33562,
          "req_memory_mb": 4096,
          "req_cpu_cores": 13,
          "child_ids": [
            11
          ]
        },
        {
          "id": 11,
          "workflow_id": 7,
          "length": 31348,
          "req_memory_mb": 6144,
          "req_cpu_cores": 12,
          "child_ids": [
            12
          ]
        },
        {
          "id": 12,
          "workflow_id": 7,
          "length": 64234,
          "req_memory_mb": 3072,
          "req_cpu_cores": 14,
          "child_ids": [
            13
          ]
        },
        {
          "id": 13,
          "workflow_id": 7,
          "length": 49487,
          "req_memory_mb": 1024,
          "req_cpu_cores": 6,
          "child_ids": [
            14
          ]
        },
        {
          "id": 14,
          "workflow_id": 7,
          "length": 61908,
          "req_memory_mb": 5120,
          "req_cpu_cores": 7,
          "child_ids": [
            15
          ]
        },
        {
          "id": 15,
          "workflow_id": 7,
          "length": 55650,
          "req_memory_mb": 7168,
          "req_cpu_cores": 7,
          "child_ids": []
        }
      ],
      "arrival_time": 0
    },
    {
      "id": 8,
      "tasks": [
        {
          "id": 0,
          "workflow_id": 8,
          "length": 66118,
          "req_memory_mb": 3072,
          "req_cpu_cores": 10,
          "child_ids": [
            1
          ]
        },
        {
          "id": 1,
          "workflow_id": 8,
          "length": 52370,
          "req_memory_mb": 8192,
          "req_cpu_cores": 8,
          "child_ids": [
            2
          ]
        },
        {
          "id": 2,
          "workflow_id": 8,
          "length": 55132,
          "req_memory_mb": 1024,
          "req_cpu_cores": 12,
          "child_ids": [
            3
          ]
        },
        {
          "id": 3,
          "workflow_id": 8,
          "length": 49389,
          "req_memory_mb": 2048,
          "req_cpu_cores": 7,
          "child_ids": [
            4
          ]
        },
        {
          "id": 4,
          "workflow_id": 8,
          "length": 48077,
          "req_memory_mb": 8192,
          "req_cpu_cores": 3,
          "child_ids": [
            5
          ]
        },
        {
          "id": 5,
          "workflow_id": 8,
          "length": 63038,
          "req_memory_mb": 2048,
          "req_cpu_cores": 2,
          "child_ids": [
            6
          ]
        },
        {
          "id": 6,
          "workflow_id": 8,
          "length": 53055,
          "req_memory_mb": 7168,
          "req_cpu_cores": 10,
          "child_ids": [
            7
          ]
        },
        {
          "id": 7,
          "workflow_id": 8,
          "length": 44502,
          "req_memory_mb": 4096,
          "req_cpu_cores": 6,
          "child_ids": [
            8
          ]
        },
        {
          "id": 8,
          "workflow_id": 8,
          "length": 53469,
          "req_memory_mb": 8192,
          "req_cpu_cores": 14,
          "child_ids": [
            9
          ]
        },
        {
          "id": 9,
          "workflow_id": 8,
          "length": 47973,
          "req_memory_mb": 6144,
          "req_cpu_cores": 1,
          "child_ids": [
            10
          ]
        },
        {
          "id": 10,
          "workflow_id": 8,
          "length": 25268,
          "req_memory_mb": 7168,
          "req_cpu_cores": 11,
          "child_ids": [
            11
          ]
        },
        {
          "id": 11,
          "workflow_id": 8,
          "length": 67043,
          "req_memory_mb": 4096,
          "req_cpu_cores": 8,
          "child_ids": [
            12
          ]
        },
        {
          "id": 12,
          "workflow_id": 8,
          "length": 80676,
          "req_memory_mb": 6144,
          "req_cpu_cores": 1,
          "child_ids": [
            13
          ]
        },
        {
          "id": 13,
          "workflow_id": 8,
          "length": 69246,
          "req_memory_mb": 3072,
          "req_cpu_cores": 14,
          "child_ids": []
        }
      ],
      "arrival_time": 0
    },
    {
      "id": 9,
      "tasks": [
        {
          "id": 0,
          "workflow_id": 9,
          "length": 62985,
          "req_memory_mb": 8192,
          "req_cpu_cores": 7,
          "child_ids": [
            1
          ]
        },
        {
          "id": 1,
          "workflow_id": 9,
          "length": 46191,
          "req_memory_mb": 6144,
          "req_cpu_cores": 6,
          "child_ids": [
            2
          ]
        },
        {
          "id": 2,
          "workflow_id": 9,
          "length": 31287,
          "req_memory_mb": 3072,
          "req_cpu_cores": 5,
          "child_ids": [
            3
          ]
        },
        {
          "id": 3,
          "workflow_id": 9,
          "length": 49893,
          "req_memory_mb": 7168,
          "req_cpu_cores": 7,
          "child_ids": [
            4
          ]
        },
        {
          "id": 4,
          "workflow_id": 9,
          "length": 19625,
          "req_memory_mb": 6144,
          "req_cpu_cores": 12,
          "child_ids": [
            5
          ]
        },
        {
          "id": 5,
          "workflow_id": 9,
          "length": 81766,
          "req_memory_mb": 3072,
          "req_cpu_cores": 14,
          "child_ids": [
            6
          ]
        },
        {
          "id": 6,
          "workflow_id": 9,
          "length": 53046,
          "req_memory_mb": 1024,
          "req_cpu_cores": 10,
          "child_ids": [
            7
          ]
        },
        {
          "id": 7,
          "workflow_id": 9,
          "length": 60730,
          "req_memory_mb": 6144,
          "req_cpu_cores": 1,
          "child_ids": [
            8
          ]
        },
        {
          "id": 8,
          "workflow_id": 9,
          "length": 65471,
          "req_memory_mb": 7168,
          "req_cpu_cores": 2,
          "child_ids": [
            9
          ]
        },
        {
          "id": 9,
          "workflow_id": 9,
          "length": 47660,
          "req_memory_mb": 9216,
          "req_cpu_cores": 11,
          "child_ids": [
            10
          ]
        },
        {
          "id": 10,
          "workflow_id": 9,
          "length": 49114,
          "req_memory_mb": 1024,
          "req_cpu_cores": 9,
          "child_ids": [
            11
          ]
        },
        {
          "id": 11,
          "workflow_id": 9,
          "length": 60322,
          "req_memory_mb": 7168,
          "req_cpu_cores": 6,
          "child_ids": [
            12
          ]
        },
        {
          "id": 12,
          "workflow_id": 9,
          "length": 23241,
          "req_memory_mb": 1024,
          "req_cpu_cores": 3,
          "child_ids": [
            13
          ]
        },
        {
          "id": 13,
          "workflow_id": 9,
          "length": 70043,
          "req_memory_mb": 5120,
          "req_cpu_cores": 6,
          "child_ids": [
            14
          ]
        },
        {
          "id": 14,
          "workflow_id": 9,
          "length": 40310,
          "req_memory_mb": 1024,
          "req_cpu_cores": 1,
          "child_ids": [
            15
          ]
        },
        {
          "id": 15,
          "workflow_id": 9,
          "length": 51359,
          "req_memory_mb": 5120,
          "req_cpu_cores": 4,
          "child_ids": []
        }
      ],
      "arrival_time": 0
    }
  ],
  "vms": [
    {
      "id": 0,
      "host_id": 0,
      "cpu_speed_mips": 1533,
      "memory_mb": 4096,
      "cpu_cores": 12,
      "disk_mb": 1024,
      "bandwidth_mbps": 50,
      "vmm": "Xen"
    },
    {
      "id": 1,
      "host_id": 1,
      "cpu_speed_mips": 4873,
      "memory_mb": 4096,
      "cpu_cores": 56,
      "disk_mb": 1024,
      "bandwidth_mbps": 50,
      "vmm": "Xen"
    },
    {
      "id": 2,
      "host_id": 3,
      "cpu_speed_mips": 3968,
      "memory_mb": 3072,
      "cpu_cores": 16,
      "disk_mb": 1024,
      "bandwidth_mbps": 50,
      "vmm": "Xen"
    },
    {
      "id": 3,
      "host_id": 1,
      "cpu_speed_mips": 3099,
      "memory_mb": 2048,
      "cpu_cores": 56,
      "disk_mb": 1024,
      "bandwidth_mbps": 50,
      "vmm": "Xen"
    },
    {
      "id": 4,
      "host_id": 3,
      "cpu_speed_mips": 2722,
      "memory_mb": 8192,
      "cpu_cores": 16,
      "disk_mb": 1024,
      "bandwidth_mbps": 50,
      "vmm": "Xen"
    },
    {
      "id": 5,
      "host_id": 3,
      "cpu_speed_mips": 3397,
      "memory_mb": 9216,
      "cpu_cores": 16,
      "disk_mb": 1024,
      "bandwidth_mbps": 50,
      "vmm": "Xen"
    },
    {
      "id": 6,
      "host_id": 2,
      "cpu_speed_mips": 1037,
      "memory_mb": 6144,
      "cpu_cores": 16,
      "disk_mb": 1024,
      "bandwidth_mbps": 50,
      "vmm": "Xen"
    },
    {
      "id": 7,
      "host_id": 3,
      "cpu_speed_mips": 2663,
      "memory_mb": 9216,
      "cpu_cores": 16,
      "disk_mb": 1024,
      "bandwidth_mbps": 50,
      "vmm": "Xen"
    },
    {
      "id": 8,
      "host_id": 0,
      "cpu_speed_mips": 2546,
      "memory_mb": 1024,
      "cpu_cores": 12,
      "disk_mb": 1024,
      "bandwidth_mbps": 50,
      "vmm": "Xen"
    },
    {
      "id": 9,
      "host_id": 1,
      "cpu_speed_mips": 599,
      "memory_mb": 1024,
      "cpu_cores": 56,
      "disk_mb": 1024,
      "bandwidth_mbps": 50,
      "vmm": "Xen"
    }
  ],
  "hosts": [
    {
      "id": 0,
      "cores": 12,
      "cpu_speed_mips": 146880,
      "power_idle_watt": 62,
      "power_peak_watt": 227,
      "memory_mb": 65536,
      "disk_mb": 10000000,
      "bandwidth_mbps": 1024
    },
    {
      "id": 1,
      "cores": 56,
      "cpu_speed_mips": 604800,
      "power_idle_watt": 50,
      "power_peak_watt": 432,
      "memory_mb": 65536,
      "disk_mb": 10000000,
      "bandwidth_mbps": 1536
    },
    {
      "id": 2,
      "cores": 16,
      "cpu_speed_mips": 187712,
      "power_idle_watt": 116,
      "power_peak_watt": 475,
      "memory_mb": 49152,
      "disk_mb": 10000000,
      "bandwidth_mbps": 1024
    },
    {
      "id": 3,
      "cores": 16,
      "cpu_speed_mips": 187712,
      "power_idle_watt": 116,
      "power_peak_watt": 475,
      "memory_mb": 49152,
      "disk_mb": 10000000,
      "bandwidth_mbps": 1024
    }
  ]
}