{
  "workflows": [
    {
      "id": 0,
      "tasks": [
        {
          "id": 0,
          "workflow_id": 0,
          "length": 50442,
          "req_memory_mb": 18432,
          "req_cpu_cores": 5,
          "child_ids": [
            1,
            2,
            3,
            4,
            5,
            6,
            7,
            8,
            10,
            11,
            12,
            14,
            16,
            17,
            18,
            20,
            23
          ]
        },
        {
          "id": 1,
          "workflow_id": 0,
          "length": 58457,
          "req_memory_mb": 69632,
          "req_cpu_cores": 5,
          "child_ids": []
        },
        {
          "id": 2,
          "workflow_id": 0,
          "length": 54291,
          "req_memory_mb": 61440,
          "req_cpu_cores": 20,
          "child_ids": [
            19
          ]
        },
        {
          "id": 3,
          "workflow_id": 0,
          "length": 82390,
          "req_memory_mb": 43008,
          "req_cpu_cores": 32,
          "child_ids": []
        },
        {
          "id": 4,
          "workflow_id": 0,
          "length": 57921,
          "req_memory_mb": 41984,
          "req_cpu_cores": 20,
          "child_ids": [
            21
          ]
        },
        {
          "id": 5,
          "workflow_id": 0,
          "length": 37516,
          "req_memory_mb": 73728,
          "req_cpu_cores": 12,
          "child_ids": []
        },
        {
          "id": 6,
          "workflow_id": 0,
          "length": 51666,
          "req_memory_mb": 58368,
          "req_cpu_cores": 27,
          "child_ids": [
            9
          ]
        },
        {
          "id": 7,
          "workflow_id": 0,
          "length": 40130,
          "req_memory_mb": 38912,
          "req_cpu_cores": 2,
          "child_ids": []
        },
        {
          "id": 8,
          "workflow_id": 0,
          "length": 20790,
          "req_memory_mb": 49152,
          "req_cpu_cores": 34,
          "child_ids": []
        },
        {
          "id": 9,
          "workflow_id": 0,
          "length": 49006,
          "req_memory_mb": 26624,
          "req_cpu_cores": 34,
          "child_ids": []
        },
        {
          "id": 10,
          "workflow_id": 0,
          "length": 54087,
          "req_memory_mb": 49152,
          "req_cpu_cores": 30,
          "child_ids": [
            24
          ]
        },
        {
          "id": 11,
          "workflow_id": 0,
          "length": 19739,
          "req_memory_mb": 14336,
          "req_cpu_cores": 27,
          "child_ids": [
            13
          ]
        },
        {
          "id": 12,
          "workflow_id": 0,
          "length": 68286,
          "req_memory_mb": 24576,
          "req_cpu_cores": 17,
          "child_ids": [
            15
          ]
        },
        {
          "id": 13,
          "workflow_id": 0,
          "length": 64139,
          "req_memory_mb": 67584,
          "req_cpu_cores": 12,
          "child_ids": []
        },
        {
          "id": 14,
          "workflow_id": 0,
          "length": 27839,
          "req_memory_mb": 70656,
          "req_cpu_cores": 10,
          "child_ids": []
        },
        {
          "id": 15,
          "workflow_id": 0,
          "length": 59315,
          "req_memory_mb": 35840,
          "req_cpu_cores": 17,
          "child_ids": []
        },
        {
          "id": 16,
          "workflow_id": 0,
          "length": 57973,
          "req_memory_mb": 73728,
          "req_cpu_cores": 20,
          "child_ids": []
        },
        {
          "id": 17,
          "workflow_id": 0,
          "length": 49390,
          "req_memory_mb": 13312,
          "req_cpu_cores": 17,
          "child_ids": []
        },
        {
          "id": 18,
          "workflow_id": 0,
          "length": 42483,
          "req_memory_mb": 83968,
          "req_cpu_cores": 10,
          "child_ids": []
        },
        {
          "id": 19,
          "workflow_id": 0,
          "length": 48744,
          "req_memory_mb": 73728,
          "req_cpu_cores": 32,
          "child_ids": [
            22
          ]
        },
        {
          "id": 20,
          "workflow_id": 0,
          "length": 44111,
          "req_memory_mb": 11264,
          "req_cpu_cores": 34,
          "child_ids": []
        },
        {
          "id": 21,
          "workflow_id": 0,
          "length": 65048,
          "req_memory_mb": 65536,
          "req_cpu_cores": 22,
          "child_ids": []
        },
        {
          "id": 22,
          "workflow_id": 0,
          "length": 77807,
          "req_memory_mb": 70656,
          "req_cpu_cores": 17,
          "child_ids": [
            24
          ]
        },
        {
          "id": 23,
          "workflow_id": 0,
          "length": 58404,
          "req_memory_mb": 43008,
          "req_cpu_cores": 5,
          "child_ids": []
        },
        {
          "id": 24,
          "workflow_id": 0,
          "length": 30914,
          "req_memory_mb": 64512,
          "req_cpu_cores": 2,
          "child_ids": []
        }
      ],
      "arrival_time": 0
    }
  ],
  "vms": [
    {
      "id": 0,
      "host_id": 3,
      "cpu_speed_mips": 1533,
      "memory_mb": 106496,
      "cpu_cores": 16,
      "disk_mb": 1024,
      "bandwidth_mbps": 50,
      "vmm": "Xen"
    },
    {
      "id": 1,
      "host_id": 2,
      "cpu_speed_mips": 4873,
      "memory_mb": 86016,
      "cpu_cores": 16,
      "disk_mb": 1024,
      "bandwidth_mbps": 50,
      "vmm": "Xen"
    },
    {
      "id": 2,
      "host_id": 1,
      "cpu_speed_mips": 3968,
      "memory_mb": 117760,
      "cpu_cores": 56,
      "disk_mb": 1024,
      "bandwidth_mbps": 50,
      "vmm": "Xen"
    },
    {
      "id": 3,
      "host_id": 0,
      "cpu_speed_mips": 1205,
      "memory_mb": 60416,
      "cpu_cores": 40,
      "disk_mb": 1024,
      "bandwidth_mbps": 50,
      "vmm": "Xen"
    },
    {
      "id": 4,
      "host_id": 3,
      "cpu_speed_mips": 3099,
      "memory_mb": 105472,
      "cpu_cores": 16,
      "disk_mb": 1024,
      "bandwidth_mbps": 50,
      "vmm": "Xen"
    },
    {
      "id": 5,
      "host_id": 2,
      "cpu_speed_mips": 2722,
      "memory_mb": 90112,
      "cpu_cores": 16,
      "disk_mb": 1024,
      "bandwidth_mbps": 50,
      "vmm": "Xen"
    },
    {
      "id": 6,
      "host_id": 1,
      "cpu_speed_mips": 3397,
      "memory_mb": 91136,
      "cpu_cores": 56,
      "disk_mb": 1024,
      "bandwidth_mbps": 50,
      "vmm": "Xen"
    },
    {
      "id": 7,
      "host_id": 0,
      "cpu_speed_mips": 1037,
      "memory_mb": 38912,
      "cpu_cores": 40,
      "disk_mb": 1024,
      "bandwidth_mbps": 50,
      "vmm": "Xen"
    },
    {
      "id": 8,
      "host_id": 3,
      "cpu_speed_mips": 2663,
      "memory_mb": 79872,
      "cpu_cores": 16,
      "disk_mb": 1024,
      "bandwidth_mbps": 50,
      "vmm": "Xen"
    },
    {
      "id": 9,
      "host_id": 2,
      "cpu_speed_mips": 2546,
      "memory_mb": 82944,
      "cpu_cores": 16,
      "disk_mb": 1024,
      "bandwidth_mbps": 50,
      "vmm": "Xen"
    },
    {
      "id": 10,
      "host_id": 1,
      "cpu_speed_mips": 2996,
      "memory_mb": 81920,
      "cpu_cores": 56,
      "disk_mb": 1024,
      "bandwidth_mbps": 50,
      "vmm": "Xen"
    },
    {
      "id": 11,
      "host_id": 0,
      "cpu_speed_mips": 599,
      "memory_mb": 84992,
      "cpu_cores": 40,
      "disk_mb": 1024,
      "bandwidth_mbps": 50,
      "vmm": "Xen"
    }
  ],
  "hosts": [
    {
      "id": 0,
      "cores": 40,
      "cpu_speed_mips": 512000,
      "power_idle_watt": 85,
      "power_peak_watt": 450,
      "memory_mb": 131072,
      "disk_mb": 12000000,
      "bandwidth_mbps": 2048
    },
    {
      "id": 1,
      "cores": 56,
      "cpu_speed_mips": 604800,
      "power_idle_watt": 50,
      "power_peak_watt": 432,
      "memory_mb": 167936,
      "disk_mb": 10000000,
      "bandwidth_mbps": 1536
    },
    {
      "id": 2,
      "cores": 16,
      "cpu_speed_mips": 187712,
      "power_idle_watt": 116,
      "power_peak_watt": 475,
      "memory_mb": 49152,
      "disk_mb": 10000000,
      "bandwidth_mbps": 1024
    },
    {
      "id": 3,
      "cores": 16,
      "cpu_speed_mips": 187712,
      "power_idle_watt": 116,
      "power_peak_watt": 475,
      "memory_mb": 49152,
      "disk_mb": 10000000,
      "bandwidth_mbps": 1024
    }
  ]
}