{
  "workflows": [
    {
      "id": 0,
      "tasks": [
        {
          "id": 0,
          "workflow_id": 0,
          "length": 78427,
          "req_memory_mb": 19456,
          "req_cpu_cores": 8,
          "child_ids": [
            1,
            2,
            3,
            5,
            6,
            7,
            8,
            9,
            10,
            11,
            14,
            15,
            17,
            23
          ]
        },
        {
          "id": 1,
          "workflow_id": 0,
          "length": 31502,
          "req_memory_mb": 84992,
          "req_cpu_cores": 38,
          "child_ids": [
            19
          ]
        },
        {
          "id": 2,
          "workflow_id": 0,
          "length": 35014,
          "req_memory_mb": 95232,
          "req_cpu_cores": 36,
          "child_ids": []
        },
        {
          "id": 3,
          "workflow_id": 0,
          "length": 73807,
          "req_memory_mb": 96256,
          "req_cpu_cores": 19,
          "child_ids": [
            4
          ]
        },
        {
          "id": 4,
          "workflow_id": 0,
          "length": 56431,
          "req_memory_mb": 106496,
          "req_cpu_cores": 19,
          "child_ids": [
            18
          ]
        },
        {
          "id": 5,
          "workflow_id": 0,
          "length": 55047,
          "req_memory_mb": 74752,
          "req_cpu_cores": 11,
          "child_ids": [
            16,
            12
          ]
        },
        {
          "id": 6,
          "workflow_id": 0,
          "length": 63873,
          "req_memory_mb": 99328,
          "req_cpu_cores": 30,
          "child_ids": []
        },
        {
          "id": 7,
          "workflow_id": 0,
          "length": 62063,
          "req_memory_mb": 6144,
          "req_cpu_cores": 27,
          "child_ids": [
            13
          ]
        },
        {
          "id": 8,
          "workflow_id": 0,
          "length": 30440,
          "req_memory_mb": 48128,
          "req_cpu_cores": 36,
          "child_ids": [
            22
          ]
        },
        {
          "id": 9,
          "workflow_id": 0,
          "length": 53985,
          "req_memory_mb": 95232,
          "req_cpu_cores": 27,
          "child_ids": []
        },
        {
          "id": 10,
          "workflow_id": 0,
          "length": 32816,
          "req_memory_mb": 30720,
          "req_cpu_cores": 24,
          "child_ids": []
        },
        {
          "id": 11,
          "workflow_id": 0,
          "length": 31996,
          "req_memory_mb": 25600,
          "req_cpu_cores": 16,
          "child_ids": []
        },
        {
          "id": 12,
          "workflow_id": 0,
          "length": 42751,
          "req_memory_mb": 101376,
          "req_cpu_cores": 3,
          "child_ids": []
        },
        {
          "id": 13,
          "workflow_id": 0,
          "length": 31214,
          "req_memory_mb": 32768,
          "req_cpu_cores": 30,
          "child_ids": [
            21
          ]
        },
        {
          "id": 14,
          "workflow_id": 0,
          "length": 80377,
          "req_memory_mb": 67584,
          "req_cpu_cores": 24,
          "child_ids": []
        },
        {
          "id": 15,
          "workflow_id": 0,
          "length": 45712,
          "req_memory_mb": 21504,
          "req_cpu_cores": 24,
          "child_ids": []
        },
        {
          "id": 16,
          "workflow_id": 0,
          "length": 64091,
          "req_memory_mb": 10240,
          "req_cpu_cores": 11,
          "child_ids": [
            19,
            20
          ]
        },
        {
          "id": 17,
          "workflow_id": 0,
          "length": 62162,
          "req_memory_mb": 96256,
          "req_cpu_cores": 14,
          "child_ids": [
            18
          ]
        },
        {
          "id": 18,
          "workflow_id": 0,
          "length": 63838,
          "req_memory_mb": 43008,
          "req_cpu_cores": 38,
          "child_ids": []
        },
        {
          "id": 19,
          "workflow_id": 0,
          "length": 71052,
          "req_memory_mb": 96256,
          "req_cpu_cores": 16,
          "child_ids": []
        },
        {
          "id": 20,
          "workflow_id": 0,
          "length": 57350,
          "req_memory_mb": 36864,
          "req_cpu_cores": 14,
          "child_ids": []
        },
        {
          "id": 21,
          "workflow_id": 0,
          "length": 30259,
          "req_memory_mb": 74752,
          "req_cpu_cores": 38,
          "child_ids": []
        },
        {
          "id": 22,
          "workflow_id": 0,
          "length": 16787,
          "req_memory_mb": 7168,
          "req_cpu_cores": 38,
          "child_ids": []
        },
        {
          "id": 23,
          "workflow_id": 0,
          "length": 54561,
          "req_memory_mb": 80896,
          "req_cpu_cores": 3,
          "child_ids": []
        }
      ],
      "arrival_time": 0
    }
  ],
  "vms": [
    {
      "id": 0,
      "host_id": 3,
      "cpu_speed_mips": 1533,
      "memory_mb": 106496,
      "cpu_cores": 16,
      "disk_mb": 1024,
      "bandwidth_mbps": 50,
      "vmm": "Xen"
    },
    {
      "id": 1,
      "host_id": 2,
      "cpu_speed_mips": 4873,
      "memory_mb": 86016,
      "cpu_cores": 16,
      "disk_mb": 1024,
      "bandwidth_mbps": 50,
      "vmm": "Xen"
    },
    {
      "id": 2,
      "host_id": 1,
      "cpu_speed_mips": 3968,
      "memory_mb": 117760,
      "cpu_cores": 56,
      "disk_mb": 1024,
      "bandwidth_mbps": 50,
      "vmm": "Xen"
    },
    {
      "id": 3,
      "host_id": 0,
      "cpu_speed_mips": 1205,
      "memory_mb": 60416,
      "cpu_cores": 40,
      "disk_mb": 1024,
      "bandwidth_mbps": 50,
      "vmm": "Xen"
    },
    {
      "id": 4,
      "host_id": 3,
      "cpu_speed_mips": 3099,
      "memory_mb": 105472,
      "cpu_cores": 16,
      "disk_mb": 1024,
      "bandwidth_mbps": 50,
      "vmm": "Xen"
    },
    {
      "id": 5,
      "host_id": 2,
      "cpu_speed_mips": 2722,
      "memory_mb": 90112,
      "cpu_cores": 16,
      "disk_mb": 1024,
      "bandwidth_mbps": 50,
      "vmm": "Xen"
    },
    {
      "id": 6,
      "host_id": 1,
      "cpu_speed_mips": 3397,
      "memory_mb": 91136,
      "cpu_cores": 56,
      "disk_mb": 1024,
      "bandwidth_mbps": 50,
      "vmm": "Xen"
    },
    {
      "id": 7,
      "host_id": 0,
      "cpu_speed_mips": 1037,
      "memory_mb": 38912,
      "cpu_cores": 40,
      "disk_mb": 1024,
      "bandwidth_mbps": 50,
      "vmm": "Xen"
    },
    {
      "id": 8,
      "host_id": 3,
      "cpu_speed_mips": 2663,
      "memory_mb": 79872,
      "cpu_cores": 16,
      "disk_mb": 1024,
      "bandwidth_mbps": 50,
      "vmm": "Xen"
    },
    {
      "id": 9,
      "host_id": 2,
      "cpu_speed_mips": 2546,
      "memory_mb": 82944,
      "cpu_cores": 16,
      "disk_mb": 1024,
      "bandwidth_mbps": 50,
      "vmm": "Xen"
    },
    {
      "id": 10,
      "host_id": 1,
      "cpu_speed_mips": 2996,
      "memory_mb": 81920,
      "cpu_cores": 56,
      "disk_mb": 1024,
      "bandwidth_mbps": 50,
      "vmm": "Xen"
    },
    {
      "id": 11,
      "host_id": 0,
      "cpu_speed_mips": 599,
      "memory_mb": 84992,
      "cpu_cores": 40,
      "disk_mb": 1024,
      "bandwidth_mbps": 50,
      "vmm": "Xen"
    }
  ],
  "hosts": [
    {
      "id": 0,
      "cores": 40,
      "cpu_speed_mips": 512000,
      "power_idle_watt": 85,
      "power_peak_watt": 450,
      "memory_mb": 131072,
      "disk_mb": 12000000,
      "bandwidth_mbps": 2048
    },
    {
      "id": 1,
      "cores": 56,
      "cpu_speed_mips": 604800,
      "power_idle_watt": 50,
      "power_peak_watt": 432,
      "memory_mb": 167936,
      "disk_mb": 10000000,
      "bandwidth_mbps": 1536
    },
    {
      "id": 2,
      "cores": 16,
      "cpu_speed_mips": 187712,
      "power_idle_watt": 116,
      "power_peak_watt": 475,
      "memory_mb": 49152,
      "disk_mb": 10000000,
      "bandwidth_mbps": 1024
    },
    {
      "id": 3,
      "cores": 16,
      "cpu_speed_mips": 187712,
      "power_idle_watt": 116,
      "power_peak_watt": 475,
      "memory_mb": 49152,
      "disk_mb": 10000000,
      "bandwidth_mbps": 1024
    }
  ]
}