{
  "workflows": [
    {
      "id": 0,
      "tasks": [
        {
          "id": 0,
          "workflow_id": 0,
          "length": 62154,
          "req_memory_mb": 3072,
          "req_cpu_cores": 5,
          "child_ids": [
            1,
            2,
            3,
            4,
            5,
            6,
            7,
            8,
            9,
            10,
            12,
            13,
            14,
            15,
            17,
            18,
            20,
            23
          ]
        },
        {
          "id": 1,
          "workflow_id": 0,
          "length": 44359,
          "req_memory_mb": 32768,
          "req_cpu_cores": 20,
          "child_ids": [
            11
          ]
        },
        {
          "id": 2,
          "workflow_id": 0,
          "length": 61768,
          "req_memory_mb": 83968,
          "req_cpu_cores": 22,
          "child_ids": [
            16
          ]
        },
        {
          "id": 3,
          "workflow_id": 0,
          "length": 85104,
          "req_memory_mb": 4096,
          "req_cpu_cores": 34,
          "child_ids": []
        },
        {
          "id": 4,
          "workflow_id": 0,
          "length": 65999,
          "req_memory_mb": 27648,
          "req_cpu_cores": 27,
          "child_ids": []
        },
        {
          "id": 5,
          "workflow_id": 0,
          "length": 61062,
          "req_memory_mb": 53248,
          "req_cpu_cores": 20,
          "child_ids": []
        },
        {
          "id": 6,
          "workflow_id": 0,
          "length": 29902,
          "req_memory_mb": 77824,
          "req_cpu_cores": 20,
          "child_ids": [
            24
          ]
        },
        {
          "id": 7,
          "workflow_id": 0,
          "length": 55757,
          "req_memory_mb": 60416,
          "req_cpu_cores": 2,
          "child_ids": [
            16
          ]
        },
        {
          "id": 8,
          "workflow_id": 0,
          "length": 54357,
          "req_memory_mb": 65536,
          "req_cpu_cores": 32,
          "child_ids": []
        },
        {
          "id": 9,
          "workflow_id": 0,
          "length": 44822,
          "req_memory_mb": 19456,
          "req_cpu_cores": 2,
          "child_ids": [
            22
          ]
        },
        {
          "id": 10,
          "workflow_id": 0,
          "length": 44089,
          "req_memory_mb": 72704,
          "req_cpu_cores": 2,
          "child_ids": []
        },
        {
          "id": 11,
          "workflow_id": 0,
          "length": 38672,
          "req_memory_mb": 43008,
          "req_cpu_cores": 12,
          "child_ids": []
        },
        {
          "id": 12,
          "workflow_id": 0,
          "length": 38844,
          "req_memory_mb": 14336,
          "req_cpu_cores": 27,
          "child_ids": []
        },
        {
          "id": 13,
          "workflow_id": 0,
          "length": 67304,
          "req_memory_mb": 59392,
          "req_cpu_cores": 20,
          "child_ids": [
            19
          ]
        },
        {
          "id": 14,
          "workflow_id": 0,
          "length": 49988,
          "req_memory_mb": 20480,
          "req_cpu_cores": 2,
          "child_ids": []
        },
        {
          "id": 15,
          "workflow_id": 0,
          "length": 70721,
          "req_memory_mb": 98304,
          "req_cpu_cores": 30,
          "child_ids": [
            21
          ]
        },
        {
          "id": 16,
          "workflow_id": 0,
          "length": 26491,
          "req_memory_mb": 13312,
          "req_cpu_cores": 27,
          "child_ids": []
        },
        {
          "id": 17,
          "workflow_id": 0,
          "length": 60808,
          "req_memory_mb": 72704,
          "req_cpu_cores": 20,
          "child_ids": [
            21
          ]
        },
        {
          "id": 18,
          "workflow_id": 0,
          "length": 38081,
          "req_memory_mb": 78848,
          "req_cpu_cores": 32,
          "child_ids": [
            25
          ]
        },
        {
          "id": 19,
          "workflow_id": 0,
          "length": 57407,
          "req_memory_mb": 61440,
          "req_cpu_cores": 15,
          "child_ids": []
        },
        {
          "id": 20,
          "workflow_id": 0,
          "length": 65146,
          "req_memory_mb": 66560,
          "req_cpu_cores": 25,
          "child_ids": []
        },
        {
          "id": 21,
          "workflow_id": 0,
          "length": 87111,
          "req_memory_mb": 59392,
          "req_cpu_cores": 27,
          "child_ids": []
        },
        {
          "id": 22,
          "workflow_id": 0,
          "length": 30081,
          "req_memory_mb": 48128,
          "req_cpu_cores": 27,
          "child_ids": []
        },
        {
          "id": 23,
          "workflow_id": 0,
          "length": 38287,
          "req_memory_mb": 95232,
          "req_cpu_cores": 20,
          "child_ids": []
        },
        {
          "id": 24,
          "workflow_id": 0,
          "length": 43302,
          "req_memory_mb": 37888,
          "req_cpu_cores": 15,
          "child_ids": []
        },
        {
          "id": 25,
          "workflow_id": 0,
          "length": 33673,
          "req_memory_mb": 87040,
          "req_cpu_cores": 25,
          "child_ids": []
        }
      ],
      "arrival_time": 0
    }
  ],
  "vms": [
    {
      "id": 0,
      "host_id": 3,
      "cpu_speed_mips": 1533,
      "memory_mb": 106496,
      "cpu_cores": 16,
      "disk_mb": 1024,
      "bandwidth_mbps": 50,
      "vmm": "Xen"
    },
    {
      "id": 1,
      "host_id": 2,
      "cpu_speed_mips": 4873,
      "memory_mb": 86016,
      "cpu_cores": 16,
      "disk_mb": 1024,
      "bandwidth_mbps": 50,
      "vmm": "Xen"
    },
    {
      "id": 2,
      "host_id": 1,
      "cpu_speed_mips": 3968,
      "memory_mb": 117760,
      "cpu_cores": 56,
      "disk_mb": 1024,
      "bandwidth_mbps": 50,
      "vmm": "Xen"
    },
    {
      "id": 3,
      "host_id": 0,
      "cpu_speed_mips": 1205,
      "memory_mb": 60416,
      "cpu_cores": 40,
      "disk_mb": 1024,
      "bandwidth_mbps": 50,
      "vmm": "Xen"
    },
    {
      "id": 4,
      "host_id": 3,
      "cpu_speed_mips": 3099,
      "memory_mb": 105472,
      "cpu_cores": 16,
      "disk_mb": 1024,
      "bandwidth_mbps": 50,
      "vmm": "Xen"
    },
    {
      "id": 5,
      "host_id": 2,
      "cpu_speed_mips": 2722,
      "memory_mb": 90112,
      "cpu_cores": 16,
      "disk_mb": 1024,
      "bandwidth_mbps": 50,
      "vmm": "Xen"
    },
    {
      "id": 6,
      "host_id": 1,
      "cpu_speed_mips": 3397,
      "memory_mb": 91136,
      "cpu_cores": 56,
      "disk_mb": 1024,
      "bandwidth_mbps": 50,
      "vmm": "Xen"
    },
    {
      "id": 7,
      "host_id": 0,
      "cpu_speed_mips": 1037,
      "memory_mb": 38912,
      "cpu_cores": 40,
      "disk_mb": 1024,
      "bandwidth_mbps": 50,
      "vmm": "Xen"
    },
    {
      "id": 8,
      "host_id": 3,
      "cpu_speed_mips": 2663,
      "memory_mb": 79872,
      "cpu_cores": 16,
      "disk_mb": 1024,
      "bandwidth_mbps": 50,
      "vmm": "Xen"
    },
    {
      "id": 9,
      "host_id": 2,
      "cpu_speed_mips": 2546,
      "memory_mb": 82944,
      "cpu_cores": 16,
      "disk_mb": 1024,
      "bandwidth_mbps": 50,
      "vmm": "Xen"
    },
    {
      "id": 10,
      "host_id": 1,
      "cpu_speed_mips": 2996,
      "memory_mb": 81920,
      "cpu_cores": 56,
      "disk_mb": 1024,
      "bandwidth_mbps": 50,
      "vmm": "Xen"
    },
    {
      "id": 11,
      "host_id": 0,
      "cpu_speed_mips": 599,
      "memory_mb": 84992,
      "cpu_cores": 40,
      "disk_mb": 1024,
      "bandwidth_mbps": 50,
      "vmm": "Xen"
    }
  ],
  "hosts": [
    {
      "id": 0,
      "cores": 40,
      "cpu_speed_mips": 512000,
      "power_idle_watt": 85,
      "power_peak_watt": 450,
      "memory_mb": 131072,
      "disk_mb": 12000000,
      "bandwidth_mbps": 2048
    },
    {
      "id": 1,
      "cores": 56,
      "cpu_speed_mips": 604800,
      "power_idle_watt": 50,
      "power_peak_watt": 432,
      "memory_mb": 167936,
      "disk_mb": 10000000,
      "bandwidth_mbps": 1536
    },
    {
      "id": 2,
      "cores": 16,
      "cpu_speed_mips": 187712,
      "power_idle_watt": 116,
      "power_peak_watt": 475,
      "memory_mb": 49152,
      "disk_mb": 10000000,
      "bandwidth_mbps": 1024
    },
    {
      "id": 3,
      "cores": 16,
      "cpu_speed_mips": 187712,
      "power_idle_watt": 116,
      "power_peak_watt": 475,
      "memory_mb": 49152,
      "disk_mb": 10000000,
      "bandwidth_mbps": 1024
    }
  ]
}