{
  "workflows": [
    {
      "id": 0,
      "tasks": [
        {
          "id": 0,
          "workflow_id": 0,
          "length": 28355,
          "req_memory_mb": 65536,
          "req_cpu_cores": 9,
          "child_ids": [
            1,
            2,
            3,
            4,
            5,
            8,
            9,
            10,
            11,
            12,
            13,
            14,
            15,
            21,
            23,
            25,
            26
          ]
        },
        {
          "id": 1,
          "workflow_id": 0,
          "length": 28200,
          "req_memory_mb": 63488,
          "req_cpu_cores": 14,
          "child_ids": [
            24,
            17
          ]
        },
        {
          "id": 2,
          "workflow_id": 0,
          "length": 48112,
          "req_memory_mb": 72704,
          "req_cpu_cores": 35,
          "child_ids": [
            17
          ]
        },
        {
          "id": 3,
          "workflow_id": 0,
          "length": 70245,
          "req_memory_mb": 28672,
          "req_cpu_cores": 9,
          "child_ids": [
            7
          ]
        },
        {
          "id": 4,
          "workflow_id": 0,
          "length": 39402,
          "req_memory_mb": 49152,
          "req_cpu_cores": 6,
          "child_ids": [
            7
          ]
        },
        {
          "id": 5,
          "workflow_id": 0,
          "length": 32327,
          "req_memory_mb": 53248,
          "req_cpu_cores": 20,
          "child_ids": [
            6
          ]
        },
        {
          "id": 6,
          "workflow_id": 0,
          "length": 24169,
          "req_memory_mb": 9216,
          "req_cpu_cores": 32,
          "child_ids": []
        },
        {
          "id": 7,
          "workflow_id": 0,
          "length": 74991,
          "req_memory_mb": 80896,
          "req_cpu_cores": 35,
          "child_ids": [
            28
          ]
        },
        {
          "id": 8,
          "workflow_id": 0,
          "length": 33936,
          "req_memory_mb": 73728,
          "req_cpu_cores": 32,
          "child_ids": [
            22
          ]
        },
        {
          "id": 9,
          "workflow_id": 0,
          "length": 54853,
          "req_memory_mb": 59392,
          "req_cpu_cores": 9,
          "child_ids": []
        },
        {
          "id": 10,
          "workflow_id": 0,
          "length": 29651,
          "req_memory_mb": 105472,
          "req_cpu_cores": 6,
          "child_ids": []
        },
        {
          "id": 11,
          "workflow_id": 0,
          "length": 51301,
          "req_memory_mb": 83968,
          "req_cpu_cores": 14,
          "child_ids": [
            19
          ]
        },
        {
          "id": 12,
          "workflow_id": 0,
          "length": 54989,
          "req_memory_mb": 93184,
          "req_cpu_cores": 35,
          "child_ids": [
            27
          ]
        },
        {
          "id": 13,
          "workflow_id": 0,
          "length": 41837,
          "req_memory_mb": 106496,
          "req_cpu_cores": 3,
          "child_ids": []
        },
        {
          "id": 14,
          "workflow_id": 0,
          "length": 76080,
          "req_memory_mb": 52224,
          "req_cpu_cores": 23,
          "child_ids": [
            29
          ]
        },
        {
          "id": 15,
          "workflow_id": 0,
          "length": 64839,
          "req_memory_mb": 14336,
          "req_cpu_cores": 6,
          "child_ids": [
            16,
            18
          ]
        },
        {
          "id": 16,
          "workflow_id": 0,
          "length": 37672,
          "req_memory_mb": 95232,
          "req_cpu_cores": 38,
          "child_ids": []
        },
        {
          "id": 17,
          "workflow_id": 0,
          "length": 33424,
          "req_memory_mb": 3072,
          "req_cpu_cores": 17,
          "child_ids": []
        },
        {
          "id": 18,
          "workflow_id": 0,
          "length": 85106,
          "req_memory_mb": 5120,
          "req_cpu_cores": 26,
          "child_ids": []
        },
        {
          "id": 19,
          "workflow_id": 0,
          "length": 43848,
          "req_memory_mb": 18432,
          "req_cpu_cores": 29,
          "child_ids": [
            20
          ]
        },
        {
          "id": 20,
          "workflow_id": 0,
          "length": 49952,
          "req_memory_mb": 8192,
          "req_cpu_cores": 12,
          "child_ids": []
        },
        {
          "id": 21,
          "workflow_id": 0,
          "length": 31160,
          "req_memory_mb": 82944,
          "req_cpu_cores": 14,
          "child_ids": []
        },
        {
          "id": 22,
          "workflow_id": 0,
          "length": 46419,
          "req_memory_mb": 19456,
          "req_cpu_cores": 20,
          "child_ids": []
        },
        {
          "id": 23,
          "workflow_id": 0,
          "length": 64195,
          "req_memory_mb": 16384,
          "req_cpu_cores": 6,
          "child_ids": [
            29
          ]
        },
        {
          "id": 24,
          "workflow_id": 0,
          "length": 22163,
          "req_memory_mb": 17408,
          "req_cpu_cores": 20,
          "child_ids": []
        },
        {
          "id": 25,
          "workflow_id": 0,
          "length": 58316,
          "req_memory_mb": 94208,
          "req_cpu_cores": 14,
          "child_ids": []
        },
        {
          "id": 26,
          "workflow_id": 0,
          "length": 64617,
          "req_memory_mb": 47104,
          "req_cpu_cores": 3,
          "child_ids": []
        },
        {
          "id": 27,
          "workflow_id": 0,
          "length": 62643,
          "req_memory_mb": 53248,
          "req_cpu_cores": 14,
          "child_ids": []
        },
        {
          "id": 28,
          "workflow_id": 0,
          "length": 39874,
          "req_memory_mb": 10240,
          "req_cpu_cores": 38,
          "child_ids": []
        },
        {
          "id": 29,
          "workflow_id": 0,
          "length": 44882,
          "req_memory_mb": 64512,
          "req_cpu_cores": 38,
          "child_ids": []
        }
      ],
      "arrival_time": 0
    }
  ],
  "vms": [
    {
      "id": 0,
      "host_id": 3,
      "cpu_speed_mips": 1533,
      "memory_mb": 106496,
      "cpu_cores": 16,
      "disk_mb": 1024,
      "bandwidth_mbps": 50,
      "vmm": "Xen"
    },
    {
      "id": 1,
      "host_id": 2,
      "cpu_speed_mips": 4873,
      "memory_mb": 86016,
      "cpu_cores": 16,
      "disk_mb": 1024,
      "bandwidth_mbps": 50,
      "vmm": "Xen"
    },
    {
      "id": 2,
      "host_id": 1,
      "cpu_speed_mips": 3968,
      "memory_mb": 117760,
      "cpu_cores": 56,
      "disk_mb": 1024,
      "bandwidth_mbps": 50,
      "vmm": "Xen"
    },
    {
      "id": 3,
      "host_id": 0,
      "cpu_speed_mips": 1205,
      "memory_mb": 60416,
      "cpu_cores": 40,
      "disk_mb": 1024,
      "bandwidth_mbps": 50,
      "vmm": "Xen"
    },
    {
      "id": 4,
      "host_id": 3,
      "cpu_speed_mips": 3099,
      "memory_mb": 105472,
      "cpu_cores": 16,
      "disk_mb": 1024,
      "bandwidth_mbps": 50,
      "vmm": "Xen"
    },
    {
      "id": 5,
      "host_id": 2,
      "cpu_speed_mips": 2722,
      "memory_mb": 90112,
      "cpu_cores": 16,
      "disk_mb": 1024,
      "bandwidth_mbps": 50,
      "vmm": "Xen"
    },
    {
      "id": 6,
      "host_id": 1,
      "cpu_speed_mips": 3397,
      "memory_mb": 91136,
      "cpu_cores": 56,
      "disk_mb": 1024,
      "bandwidth_mbps": 50,
      "vmm": "Xen"
    },
    {
      "id": 7,
      "host_id": 0,
      "cpu_speed_mips": 1037,
      "memory_mb": 38912,
      "cpu_cores": 40,
      "disk_mb": 1024,
      "bandwidth_mbps": 50,
      "vmm": "Xen"
    },
    {
      "id": 8,
      "host_id": 3,
      "cpu_speed_mips": 2663,
      "memory_mb": 79872,
      "cpu_cores": 16,
      "disk_mb": 1024,
      "bandwidth_mbps": 50,
      "vmm": "Xen"
    },
    {
      "id": 9,
      "host_id": 2,
      "cpu_speed_mips": 2546,
      "memory_mb": 82944,
      "cpu_cores": 16,
      "disk_mb": 1024,
      "bandwidth_mbps": 50,
      "vmm": "Xen"
    },
    {
      "id": 10,
      "host_id": 1,
      "cpu_speed_mips": 2996,
      "memory_mb": 81920,
      "cpu_cores": 56,
      "disk_mb": 1024,
      "bandwidth_mbps": 50,
      "vmm": "Xen"
    },
    {
      "id": 11,
      "host_id": 0,
      "cpu_speed_mips": 599,
      "memory_mb": 84992,
      "cpu_cores": 40,
      "disk_mb": 1024,
      "bandwidth_mbps": 50,
      "vmm": "Xen"
    }
  ],
  "hosts": [
    {
      "id": 0,
      "cores": 40,
      "cpu_speed_mips": 512000,
      "power_idle_watt": 85,
      "power_peak_watt": 450,
      "memory_mb": 131072,
      "disk_mb": 12000000,
      "bandwidth_mbps": 2048
    },
    {
      "id": 1,
      "cores": 56,
      "cpu_speed_mips": 604800,
      "power_idle_watt": 50,
      "power_peak_watt": 432,
      "memory_mb": 167936,
      "disk_mb": 10000000,
      "bandwidth_mbps": 1536
    },
    {
      "id": 2,
      "cores": 16,
      "cpu_speed_mips": 187712,
      "power_idle_watt": 116,
      "power_peak_watt": 475,
      "memory_mb": 49152,
      "disk_mb": 10000000,
      "bandwidth_mbps": 1024
    },
    {
      "id": 3,
      "cores": 16,
      "cpu_speed_mips": 187712,
      "power_idle_watt": 116,
      "power_peak_watt": 475,
      "memory_mb": 49152,
      "disk_mb": 10000000,
      "bandwidth_mbps": 1024
    }
  ]
}