{
  "workflows": [
    {
      "id": 0,
      "tasks": [
        {
          "id": 0,
          "workflow_id": 0,
          "length": 71704,
          "req_memory_mb": 36864,
          "req_cpu_cores": 35,
          "child_ids": [
            1,
            2,
            3,
            4,
            5,
            7,
            8,
            9,
            10,
            11,
            13,
            15,
            16,
            17,
            19,
            22,
            24
          ]
        },
        {
          "id": 1,
          "workflow_id": 0,
          "length": 34254,
          "req_memory_mb": 109568,
          "req_cpu_cores": 3,
          "child_ids": [
            21
          ]
        },
        {
          "id": 2,
          "workflow_id": 0,
          "length": 49090,
          "req_memory_mb": 31744,
          "req_cpu_cores": 11,
          "child_ids": []
        },
        {
          "id": 3,
          "workflow_id": 0,
          "length": 62544,
          "req_memory_mb": 23552,
          "req_cpu_cores": 14,
          "child_ids": []
        },
        {
          "id": 4,
          "workflow_id": 0,
          "length": 61018,
          "req_memory_mb": 33792,
          "req_cpu_cores": 17,
          "child_ids": []
        },
        {
          "id": 5,
          "workflow_id": 0,
          "length": 31227,
          "req_memory_mb": 66560,
          "req_cpu_cores": 17,
          "child_ids": [
            18,
            12,
            6
          ]
        },
        {
          "id": 6,
          "workflow_id": 0,
          "length": 39055,
          "req_memory_mb": 74752,
          "req_cpu_cores": 14,
          "child_ids": []
        },
        {
          "id": 7,
          "workflow_id": 0,
          "length": 45784,
          "req_memory_mb": 64512,
          "req_cpu_cores": 33,
          "child_ids": []
        },
        {
          "id": 8,
          "workflow_id": 0,
          "length": 79282,
          "req_memory_mb": 13312,
          "req_cpu_cores": 24,
          "child_ids": [
            14
          ]
        },
        {
          "id": 9,
          "workflow_id": 0,
          "length": 74709,
          "req_memory_mb": 103424,
          "req_cpu_cores": 35,
          "child_ids": [
            20
          ]
        },
        {
          "id": 10,
          "workflow_id": 0,
          "length": 57235,
          "req_memory_mb": 21504,
          "req_cpu_cores": 17,
          "child_ids": [
            25
          ]
        },
        {
          "id": 11,
          "workflow_id": 0,
          "length": 42812,
          "req_memory_mb": 53248,
          "req_cpu_cores": 3,
          "child_ids": []
        },
        {
          "id": 12,
          "workflow_id": 0,
          "length": 77028,
          "req_memory_mb": 77824,
          "req_cpu_cores": 11,
          "child_ids": []
        },
        {
          "id": 13,
          "workflow_id": 0,
          "length": 57660,
          "req_memory_mb": 53248,
          "req_cpu_cores": 30,
          "child_ids": [
            18
          ]
        },
        {
          "id": 14,
          "workflow_id": 0,
          "length": 55359,
          "req_memory_mb": 64512,
          "req_cpu_cores": 11,
          "child_ids": []
        },
        {
          "id": 15,
          "workflow_id": 0,
          "length": 27650,
          "req_memory_mb": 6144,
          "req_cpu_cores": 8,
          "child_ids": [
            23
          ]
        },
        {
          "id": 16,
          "workflow_id": 0,
          "length": 43137,
          "req_memory_mb": 19456,
          "req_cpu_cores": 11,
          "child_ids": []
        },
        {
          "id": 17,
          "workflow_id": 0,
          "length": 42790,
          "req_memory_mb": 4096,
          "req_cpu_cores": 38,
          "child_ids": []
        },
        {
          "id": 18,
          "workflow_id": 0,
          "length": 58389,
          "req_memory_mb": 87040,
          "req_cpu_cores": 11,
          "child_ids": []
        },
        {
          "id": 19,
          "workflow_id": 0,
          "length": 40686,
          "req_memory_mb": 29696,
          "req_cpu_cores": 38,
          "child_ids": []
        },
        {
          "id": 20,
          "workflow_id": 0,
          "length": 54773,
          "req_memory_mb": 15360,
          "req_cpu_cores": 11,
          "child_ids": []
        },
        {
          "id": 21,
          "workflow_id": 0,
          "length": 37057,
          "req_memory_mb": 23552,
          "req_cpu_cores": 14,
          "child_ids": []
        },
        {
          "id": 22,
          "workflow_id": 0,
          "length": 67145,
          "req_memory_mb": 17408,
          "req_cpu_cores": 3,
          "child_ids": []
        },
        {
          "id": 23,
          "workflow_id": 0,
          "length": 66431,
          "req_memory_mb": 107520,
          "req_cpu_cores": 38,
          "child_ids": []
        },
        {
          "id": 24,
          "workflow_id": 0,
          "length": 35540,
          "req_memory_mb": 99328,
          "req_cpu_cores": 24,
          "child_ids": []
        },
        {
          "id": 25,
          "workflow_id": 0,
          "length": 61126,
          "req_memory_mb": 45056,
          "req_cpu_cores": 11,
          "child_ids": []
        }
      ],
      "arrival_time": 0
    }
  ],
  "vms": [
    {
      "id": 0,
      "host_id": 3,
      "cpu_speed_mips": 1533,
      "memory_mb": 106496,
      "cpu_cores": 16,
      "disk_mb": 1024,
      "bandwidth_mbps": 50,
      "vmm": "Xen"
    },
    {
      "id": 1,
      "host_id": 2,
      "cpu_speed_mips": 4873,
      "memory_mb": 86016,
      "cpu_cores": 16,
      "disk_mb": 1024,
      "bandwidth_mbps": 50,
      "vmm": "Xen"
    },
    {
      "id": 2,
      "host_id": 1,
      "cpu_speed_mips": 3968,
      "memory_mb": 117760,
      "cpu_cores": 56,
      "disk_mb": 1024,
      "bandwidth_mbps": 50,
      "vmm": "Xen"
    },
    {
      "id": 3,
      "host_id": 0,
      "cpu_speed_mips": 1205,
      "memory_mb": 60416,
      "cpu_cores": 40,
      "disk_mb": 1024,
      "bandwidth_mbps": 50,
      "vmm": "Xen"
    },
    {
      "id": 4,
      "host_id": 3,
      "cpu_speed_mips": 3099,
      "memory_mb": 105472,
      "cpu_cores": 16,
      "disk_mb": 1024,
      "bandwidth_mbps": 50,
      "vmm": "Xen"
    },
    {
      "id": 5,
      "host_id": 2,
      "cpu_speed_mips": 2722,
      "memory_mb": 90112,
      "cpu_cores": 16,
      "disk_mb": 1024,
      "bandwidth_mbps": 50,
      "vmm": "Xen"
    },
    {
      "id": 6,
      "host_id": 1,
      "cpu_speed_mips": 3397,
      "memory_mb": 91136,
      "cpu_cores": 56,
      "disk_mb": 1024,
      "bandwidth_mbps": 50,
      "vmm": "Xen"
    },
    {
      "id": 7,
      "host_id": 0,
      "cpu_speed_mips": 1037,
      "memory_mb": 38912,
      "cpu_cores": 40,
      "disk_mb": 1024,
      "bandwidth_mbps": 50,
      "vmm": "Xen"
    },
    {
      "id": 8,
      "host_id": 3,
      "cpu_speed_mips": 2663,
      "memory_mb": 79872,
      "cpu_cores": 16,
      "disk_mb": 1024,
      "bandwidth_mbps": 50,
      "vmm": "Xen"
    },
    {
      "id": 9,
      "host_id": 2,
      "cpu_speed_mips": 2546,
      "memory_mb": 82944,
      "cpu_cores": 16,
      "disk_mb": 1024,
      "bandwidth_mbps": 50,
      "vmm": "Xen"
    },
    {
      "id": 10,
      "host_id": 1,
      "cpu_speed_mips": 2996,
      "memory_mb": 81920,
      "cpu_cores": 56,
      "disk_mb": 1024,
      "bandwidth_mbps": 50,
      "vmm": "Xen"
    },
    {
      "id": 11,
      "host_id": 0,
      "cpu_speed_mips": 599,
      "memory_mb": 84992,
      "cpu_cores": 40,
      "disk_mb": 1024,
      "bandwidth_mbps": 50,
      "vmm": "Xen"
    }
  ],
  "hosts": [
    {
      "id": 0,
      "cores": 40,
      "cpu_speed_mips": 512000,
      "power_idle_watt": 85,
      "power_peak_watt": 450,
      "memory_mb": 131072,
      "disk_mb": 12000000,
      "bandwidth_mbps": 2048
    },
    {
      "id": 1,
      "cores": 56,
      "cpu_speed_mips": 604800,
      "power_idle_watt": 50,
      "power_peak_watt": 432,
      "memory_mb": 167936,
      "disk_mb": 10000000,
      "bandwidth_mbps": 1536
    },
    {
      "id": 2,
      "cores": 16,
      "cpu_speed_mips": 187712,
      "power_idle_watt": 116,
      "power_peak_watt": 475,
      "memory_mb": 49152,
      "disk_mb": 10000000,
      "bandwidth_mbps": 1024
    },
    {
      "id": 3,
      "cores": 16,
      "cpu_speed_mips": 187712,
      "power_idle_watt": 116,
      "power_peak_watt": 475,
      "memory_mb": 49152,
      "disk_mb": 10000000,
      "bandwidth_mbps": 1024
    }
  ]
}