{
  "workflows": [
    {
      "id": 0,
      "tasks": [
        {
          "id": 0,
          "workflow_id": 0,
          "length": 40840,
          "req_memory_mb": 39936,
          "req_cpu_cores": 32,
          "child_ids": [
            1,
            2,
            3,
            4,
            5,
            6,
            7,
            8,
            10,
            11,
            12,
            13,
            14,
            15,
            16,
            18,
            22,
            24
          ]
        },
        {
          "id": 1,
          "workflow_id": 0,
          "length": 83927,
          "req_memory_mb": 36864,
          "req_cpu_cores": 23,
          "child_ids": [
            25
          ]
        },
        {
          "id": 2,
          "workflow_id": 0,
          "length": 73056,
          "req_memory_mb": 47104,
          "req_cpu_cores": 5,
          "child_ids": [
            9
          ]
        },
        {
          "id": 3,
          "workflow_id": 0,
          "length": 37469,
          "req_memory_mb": 71680,
          "req_cpu_cores": 5,
          "child_ids": [
            21
          ]
        },
        {
          "id": 4,
          "workflow_id": 0,
          "length": 37163,
          "req_memory_mb": 12288,
          "req_cpu_cores": 30,
          "child_ids": [
            17
          ]
        },
        {
          "id": 5,
          "workflow_id": 0,
          "length": 52725,
          "req_memory_mb": 16384,
          "req_cpu_cores": 16,
          "child_ids": []
        },
        {
          "id": 6,
          "workflow_id": 0,
          "length": 37868,
          "req_memory_mb": 96256,
          "req_cpu_cores": 9,
          "child_ids": []
        },
        {
          "id": 7,
          "workflow_id": 0,
          "length": 66629,
          "req_memory_mb": 31744,
          "req_cpu_cores": 11,
          "child_ids": []
        },
        {
          "id": 8,
          "workflow_id": 0,
          "length": 41470,
          "req_memory_mb": 15360,
          "req_cpu_cores": 5,
          "child_ids": []
        },
        {
          "id": 9,
          "workflow_id": 0,
          "length": 65300,
          "req_memory_mb": 70656,
          "req_cpu_cores": 11,
          "child_ids": [
            19
          ]
        },
        {
          "id": 10,
          "workflow_id": 0,
          "length": 63581,
          "req_memory_mb": 49152,
          "req_cpu_cores": 2,
          "child_ids": []
        },
        {
          "id": 11,
          "workflow_id": 0,
          "length": 56627,
          "req_memory_mb": 2048,
          "req_cpu_cores": 32,
          "child_ids": []
        },
        {
          "id": 12,
          "workflow_id": 0,
          "length": 33023,
          "req_memory_mb": 25600,
          "req_cpu_cores": 2,
          "child_ids": [
            17,
            20
          ]
        },
        {
          "id": 13,
          "workflow_id": 0,
          "length": 34850,
          "req_memory_mb": 24576,
          "req_cpu_cores": 23,
          "child_ids": [
            23
          ]
        },
        {
          "id": 14,
          "workflow_id": 0,
          "length": 44476,
          "req_memory_mb": 66560,
          "req_cpu_cores": 14,
          "child_ids": []
        },
        {
          "id": 15,
          "workflow_id": 0,
          "length": 47538,
          "req_memory_mb": 56320,
          "req_cpu_cores": 16,
          "child_ids": []
        },
        {
          "id": 16,
          "workflow_id": 0,
          "length": 40322,
          "req_memory_mb": 36864,
          "req_cpu_cores": 25,
          "child_ids": []
        },
        {
          "id": 17,
          "workflow_id": 0,
          "length": 61971,
          "req_memory_mb": 76800,
          "req_cpu_cores": 7,
          "child_ids": []
        },
        {
          "id": 18,
          "workflow_id": 0,
          "length": 31472,
          "req_memory_mb": 52224,
          "req_cpu_cores": 30,
          "child_ids": []
        },
        {
          "id": 19,
          "workflow_id": 0,
          "length": 71090,
          "req_memory_mb": 32768,
          "req_cpu_cores": 23,
          "child_ids": []
        },
        {
          "id": 20,
          "workflow_id": 0,
          "length": 61519,
          "req_memory_mb": 46080,
          "req_cpu_cores": 23,
          "child_ids": []
        },
        {
          "id": 21,
          "workflow_id": 0,
          "length": 17686,
          "req_memory_mb": 64512,
          "req_cpu_cores": 25,
          "child_ids": []
        },
        {
          "id": 22,
          "workflow_id": 0,
          "length": 52531,
          "req_memory_mb": 68608,
          "req_cpu_cores": 7,
          "child_ids": []
        },
        {
          "id": 23,
          "workflow_id": 0,
          "length": 56701,
          "req_memory_mb": 62464,
          "req_cpu_cores": 32,
          "child_ids": []
        },
        {
          "id": 24,
          "workflow_id": 0,
          "length": 60726,
          "req_memory_mb": 20480,
          "req_cpu_cores": 20,
          "child_ids": []
        },
        {
          "id": 25,
          "workflow_id": 0,
          "length": 34429,
          "req_memory_mb": 82944,
          "req_cpu_cores": 25,
          "child_ids": []
        }
      ],
      "arrival_time": 0
    }
  ],
  "vms": [
    {
      "id": 0,
      "host_id": 3,
      "cpu_speed_mips": 1533,
      "memory_mb": 106496,
      "cpu_cores": 16,
      "disk_mb": 1024,
      "bandwidth_mbps": 50,
      "vmm": "Xen"
    },
    {
      "id": 1,
      "host_id": 2,
      "cpu_speed_mips": 4873,
      "memory_mb": 86016,
      "cpu_cores": 16,
      "disk_mb": 1024,
      "bandwidth_mbps": 50,
      "vmm": "Xen"
    },
    {
      "id": 2,
      "host_id": 1,
      "cpu_speed_mips": 3968,
      "memory_mb": 117760,
      "cpu_cores": 56,
      "disk_mb": 1024,
      "bandwidth_mbps": 50,
      "vmm": "Xen"
    },
    {
      "id": 3,
      "host_id": 0,
      "cpu_speed_mips": 1205,
      "memory_mb": 60416,
      "cpu_cores": 40,
      "disk_mb": 1024,
      "bandwidth_mbps": 50,
      "vmm": "Xen"
    },
    {
      "id": 4,
      "host_id": 3,
      "cpu_speed_mips": 3099,
      "memory_mb": 105472,
      "cpu_cores": 16,
      "disk_mb": 1024,
      "bandwidth_mbps": 50,
      "vmm": "Xen"
    },
    {
      "id": 5,
      "host_id": 2,
      "cpu_speed_mips": 2722,
      "memory_mb": 90112,
      "cpu_cores": 16,
      "disk_mb": 1024,
      "bandwidth_mbps": 50,
      "vmm": "Xen"
    },
    {
      "id": 6,
      "host_id": 1,
      "cpu_speed_mips": 3397,
      "memory_mb": 91136,
      "cpu_cores": 56,
      "disk_mb": 1024,
      "bandwidth_mbps": 50,
      "vmm": "Xen"
    },
    {
      "id": 7,
      "host_id": 0,
      "cpu_speed_mips": 1037,
      "memory_mb": 38912,
      "cpu_cores": 40,
      "disk_mb": 1024,
      "bandwidth_mbps": 50,
      "vmm": "Xen"
    },
    {
      "id": 8,
      "host_id": 3,
      "cpu_speed_mips": 2663,
      "memory_mb": 79872,
      "cpu_cores": 16,
      "disk_mb": 1024,
      "bandwidth_mbps": 50,
      "vmm": "Xen"
    },
    {
      "id": 9,
      "host_id": 2,
      "cpu_speed_mips": 2546,
      "memory_mb": 82944,
      "cpu_cores": 16,
      "disk_mb": 1024,
      "bandwidth_mbps": 50,
      "vmm": "Xen"
    },
    {
      "id": 10,
      "host_id": 1,
      "cpu_speed_mips": 2996,
      "memory_mb": 81920,
      "cpu_cores": 56,
      "disk_mb": 1024,
      "bandwidth_mbps": 50,
      "vmm": "Xen"
    },
    {
      "id": 11,
      "host_id": 0,
      "cpu_speed_mips": 599,
      "memory_mb": 84992,
      "cpu_cores": 40,
      "disk_mb": 1024,
      "bandwidth_mbps": 50,
      "vmm": "Xen"
    }
  ],
  "hosts": [
    {
      "id": 0,
      "cores": 40,
      "cpu_speed_mips": 512000,
      "power_idle_watt": 85,
      "power_peak_watt": 450,
      "memory_mb": 131072,
      "disk_mb": 12000000,
      "bandwidth_mbps": 2048
    },
    {
      "id": 1,
      "cores": 56,
      "cpu_speed_mips": 604800,
      "power_idle_watt": 50,
      "power_peak_watt": 432,
      "memory_mb": 167936,
      "disk_mb": 10000000,
      "bandwidth_mbps": 1536
    },
    {
      "id": 2,
      "cores": 16,
      "cpu_speed_mips": 187712,
      "power_idle_watt": 116,
      "power_peak_watt": 475,
      "memory_mb": 49152,
      "disk_mb": 10000000,
      "bandwidth_mbps": 1024
    },
    {
      "id": 3,
      "cores": 16,
      "cpu_speed_mips": 187712,
      "power_idle_watt": 116,
      "power_peak_watt": 475,
      "memory_mb": 49152,
      "disk_mb": 10000000,
      "bandwidth_mbps": 1024
    }
  ]
}