{
  "workflows": [
    {
      "id": 0,
      "tasks": [
        {
          "id": 0,
          "workflow_id": 0,
          "length": 67083,
          "req_memory_mb": 65536,
          "req_cpu_cores": 6,
          "child_ids": [
            1,
            2,
            3,
            4,
            5,
            6,
            7,
            8,
            9,
            10,
            11,
            12,
            13,
            16,
            17,
            18,
            21,
            23,
            24,
            25,
            28,
            29
          ]
        },
        {
          "id": 1,
          "workflow_id": 0,
          "length": 47528,
          "req_memory_mb": 19456,
          "req_cpu_cores": 14,
          "child_ids": [
            15
          ]
        },
        {
          "id": 2,
          "workflow_id": 0,
          "length": 36355,
          "req_memory_mb": 30720,
          "req_cpu_cores": 4,
          "child_ids": []
        },
        {
          "id": 3,
          "workflow_id": 0,
          "length": 50896,
          "req_memory_mb": 54272,
          "req_cpu_cores": 23,
          "child_ids": []
        },
        {
          "id": 4,
          "workflow_id": 0,
          "length": 46678,
          "req_memory_mb": 70656,
          "req_cpu_cores": 2,
          "child_ids": []
        },
        {
          "id": 5,
          "workflow_id": 0,
          "length": 65534,
          "req_memory_mb": 27648,
          "req_cpu_cores": 6,
          "child_ids": []
        },
        {
          "id": 6,
          "workflow_id": 0,
          "length": 55505,
          "req_memory_mb": 9216,
          "req_cpu_cores": 29,
          "child_ids": []
        },
        {
          "id": 7,
          "workflow_id": 0,
          "length": 71503,
          "req_memory_mb": 43008,
          "req_cpu_cores": 19,
          "child_ids": [
            19
          ]
        },
        {
          "id": 8,
          "workflow_id": 0,
          "length": 50541,
          "req_memory_mb": 13312,
          "req_cpu_cores": 8,
          "child_ids": []
        },
        {
          "id": 9,
          "workflow_id": 0,
          "length": 53186,
          "req_memory_mb": 15360,
          "req_cpu_cores": 25,
          "child_ids": [
            14
          ]
        },
        {
          "id": 10,
          "workflow_id": 0,
          "length": 51532,
          "req_memory_mb": 72704,
          "req_cpu_cores": 19,
          "child_ids": [
            26
          ]
        },
        {
          "id": 11,
          "workflow_id": 0,
          "length": 64762,
          "req_memory_mb": 56320,
          "req_cpu_cores": 10,
          "child_ids": [
            27,
            19
          ]
        },
        {
          "id": 12,
          "workflow_id": 0,
          "length": 47879,
          "req_memory_mb": 65536,
          "req_cpu_cores": 25,
          "child_ids": []
        },
        {
          "id": 13,
          "workflow_id": 0,
          "length": 61363,
          "req_memory_mb": 14336,
          "req_cpu_cores": 10,
          "child_ids": []
        },
        {
          "id": 14,
          "workflow_id": 0,
          "length": 15456,
          "req_memory_mb": 15360,
          "req_cpu_cores": 29,
          "child_ids": []
        },
        {
          "id": 15,
          "workflow_id": 0,
          "length": 77908,
          "req_memory_mb": 39936,
          "req_cpu_cores": 6,
          "child_ids": []
        },
        {
          "id": 16,
          "workflow_id": 0,
          "length": 47281,
          "req_memory_mb": 25600,
          "req_cpu_cores": 12,
          "child_ids": []
        },
        {
          "id": 17,
          "workflow_id": 0,
          "length": 19660,
          "req_memory_mb": 81920,
          "req_cpu_cores": 14,
          "child_ids": []
        },
        {
          "id": 18,
          "workflow_id": 0,
          "length": 60186,
          "req_memory_mb": 63488,
          "req_cpu_cores": 6,
          "child_ids": [
            22
          ]
        },
        {
          "id": 19,
          "workflow_id": 0,
          "length": 48078,
          "req_memory_mb": 39936,
          "req_cpu_cores": 29,
          "child_ids": [
            20
          ]
        },
        {
          "id": 20,
          "workflow_id": 0,
          "length": 43817,
          "req_memory_mb": 26624,
          "req_cpu_cores": 19,
          "child_ids": []
        },
        {
          "id": 21,
          "workflow_id": 0,
          "length": 49100,
          "req_memory_mb": 6144,
          "req_cpu_cores": 14,
          "child_ids": []
        },
        {
          "id": 22,
          "workflow_id": 0,
          "length": 65879,
          "req_memory_mb": 6144,
          "req_cpu_cores": 2,
          "child_ids": []
        },
        {
          "id": 23,
          "workflow_id": 0,
          "length": 89306,
          "req_memory_mb": 73728,
          "req_cpu_cores": 10,
          "child_ids": []
        },
        {
          "id": 24,
          "workflow_id": 0,
          "length": 51201,
          "req_memory_mb": 21504,
          "req_cpu_cores": 23,
          "child_ids": []
        },
        {
          "id": 25,
          "workflow_id": 0,
          "length": 73856,
          "req_memory_mb": 47104,
          "req_cpu_cores": 23,
          "child_ids": []
        },
        {
          "id": 26,
          "workflow_id": 0,
          "length": 35225,
          "req_memory_mb": 25600,
          "req_cpu_cores": 6,
          "child_ids": []
        },
        {
          "id": 27,
          "workflow_id": 0,
          "length": 53054,
          "req_memory_mb": 31744,
          "req_cpu_cores": 21,
          "child_ids": []
        },
        {
          "id": 28,
          "workflow_id": 0,
          "length": 79225,
          "req_memory_mb": 79872,
          "req_cpu_cores": 12,
          "child_ids": []
        },
        {
          "id": 29,
          "workflow_id": 0,
          "length": 67062,
          "req_memory_mb": 65536,
          "req_cpu_cores": 25,
          "child_ids": []
        }
      ],
      "arrival_time": 0
    }
  ],
  "vms": [
    {
      "id": 0,
      "host_id": 3,
      "cpu_speed_mips": 1533,
      "memory_mb": 106496,
      "cpu_cores": 16,
      "disk_mb": 1024,
      "bandwidth_mbps": 50,
      "vmm": "Xen"
    },
    {
      "id": 1,
      "host_id": 2,
      "cpu_speed_mips": 4873,
      "memory_mb": 86016,
      "cpu_cores": 16,
      "disk_mb": 1024,
      "bandwidth_mbps": 50,
      "vmm": "Xen"
    },
    {
      "id": 2,
      "host_id": 1,
      "cpu_speed_mips": 3968,
      "memory_mb": 117760,
      "cpu_cores": 56,
      "disk_mb": 1024,
      "bandwidth_mbps": 50,
      "vmm": "Xen"
    },
    {
      "id": 3,
      "host_id": 0,
      "cpu_speed_mips": 1205,
      "memory_mb": 60416,
      "cpu_cores": 40,
      "disk_mb": 1024,
      "bandwidth_mbps": 50,
      "vmm": "Xen"
    },
    {
      "id": 4,
      "host_id": 3,
      "cpu_speed_mips": 3099,
      "memory_mb": 105472,
      "cpu_cores": 16,
      "disk_mb": 1024,
      "bandwidth_mbps": 50,
      "vmm": "Xen"
    },
    {
      "id": 5,
      "host_id": 2,
      "cpu_speed_mips": 2722,
      "memory_mb": 90112,
      "cpu_cores": 16,
      "disk_mb": 1024,
      "bandwidth_mbps": 50,
      "vmm": "Xen"
    },
    {
      "id": 6,
      "host_id": 1,
      "cpu_speed_mips": 3397,
      "memory_mb": 91136,
      "cpu_cores": 56,
      "disk_mb": 1024,
      "bandwidth_mbps": 50,
      "vmm": "Xen"
    },
    {
      "id": 7,
      "host_id": 0,
      "cpu_speed_mips": 1037,
      "memory_mb": 38912,
      "cpu_cores": 40,
      "disk_mb": 1024,
      "bandwidth_mbps": 50,
      "vmm": "Xen"
    },
    {
      "id": 8,
      "host_id": 3,
      "cpu_speed_mips": 2663,
      "memory_mb": 79872,
      "cpu_cores": 16,
      "disk_mb": 1024,
      "bandwidth_mbps": 50,
      "vmm": "Xen"
    },
    {
      "id": 9,
      "host_id": 2,
      "cpu_speed_mips": 2546,
      "memory_mb": 82944,
      "cpu_cores": 16,
      "disk_mb": 1024,
      "bandwidth_mbps": 50,
      "vmm": "Xen"
    },
    {
      "id": 10,
      "host_id": 1,
      "cpu_speed_mips": 2996,
      "memory_mb": 81920,
      "cpu_cores": 56,
      "disk_mb": 1024,
      "bandwidth_mbps": 50,
      "vmm": "Xen"
    },
    {
      "id": 11,
      "host_id": 0,
      "cpu_speed_mips": 599,
      "memory_mb": 84992,
      "cpu_cores": 40,
      "disk_mb": 1024,
      "bandwidth_mbps": 50,
      "vmm": "Xen"
    }
  ],
  "hosts": [
    {
      "id": 0,
      "cores": 40,
      "cpu_speed_mips": 512000,
      "power_idle_watt": 85,
      "power_peak_watt": 450,
      "memory_mb": 131072,
      "disk_mb": 12000000,
      "bandwidth_mbps": 2048
    },
    {
      "id": 1,
      "cores": 56,
      "cpu_speed_mips": 604800,
      "power_idle_watt": 50,
      "power_peak_watt": 432,
      "memory_mb": 167936,
      "disk_mb": 10000000,
      "bandwidth_mbps": 1536
    },
    {
      "id": 2,
      "cores": 16,
      "cpu_speed_mips": 187712,
      "power_idle_watt": 116,
      "power_peak_watt": 475,
      "memory_mb": 49152,
      "disk_mb": 10000000,
      "bandwidth_mbps": 1024
    },
    {
      "id": 3,
      "cores": 16,
      "cpu_speed_mips": 187712,
      "power_idle_watt": 116,
      "power_peak_watt": 475,
      "memory_mb": 49152,
      "disk_mb": 10000000,
      "bandwidth_mbps": 1024
    }
  ]
}