{
  "workflows": [
    {
      "id": 0,
      "tasks": [
        {
          "id": 0,
          "workflow_id": 0,
          "length": 44523,
          "req_memory_mb": 68608,
          "req_cpu_cores": 22,
          "child_ids": [
            1,
            2,
            3,
            4,
            5,
            6,
            7,
            8,
            9,
            10,
            11,
            12,
            14,
            15,
            16,
            20,
            21,
            23
          ]
        },
        {
          "id": 1,
          "workflow_id": 0,
          "length": 37142,
          "req_memory_mb": 66560,
          "req_cpu_cores": 29,
          "child_ids": []
        },
        {
          "id": 2,
          "workflow_id": 0,
          "length": 32641,
          "req_memory_mb": 11264,
          "req_cpu_cores": 6,
          "child_ids": []
        },
        {
          "id": 3,
          "workflow_id": 0,
          "length": 69538,
          "req_memory_mb": 51200,
          "req_cpu_cores": 22,
          "child_ids": []
        },
        {
          "id": 4,
          "workflow_id": 0,
          "length": 57573,
          "req_memory_mb": 67584,
          "req_cpu_cores": 29,
          "child_ids": []
        },
        {
          "id": 5,
          "workflow_id": 0,
          "length": 67047,
          "req_memory_mb": 89088,
          "req_cpu_cores": 3,
          "child_ids": []
        },
        {
          "id": 6,
          "workflow_id": 0,
          "length": 50365,
          "req_memory_mb": 26624,
          "req_cpu_cores": 44,
          "child_ids": []
        },
        {
          "id": 7,
          "workflow_id": 0,
          "length": 66456,
          "req_memory_mb": 93184,
          "req_cpu_cores": 22,
          "child_ids": [
            17
          ]
        },
        {
          "id": 8,
          "workflow_id": 0,
          "length": 25388,
          "req_memory_mb": 82944,
          "req_cpu_cores": 32,
          "child_ids": []
        },
        {
          "id": 9,
          "workflow_id": 0,
          "length": 43577,
          "req_memory_mb": 45056,
          "req_cpu_cores": 13,
          "child_ids": []
        },
        {
          "id": 10,
          "workflow_id": 0,
          "length": 46541,
          "req_memory_mb": 33792,
          "req_cpu_cores": 16,
          "child_ids": [
            18,
            19
          ]
        },
        {
          "id": 11,
          "workflow_id": 0,
          "length": 46837,
          "req_memory_mb": 51200,
          "req_cpu_cores": 16,
          "child_ids": [
            19
          ]
        },
        {
          "id": 12,
          "workflow_id": 0,
          "length": 73931,
          "req_memory_mb": 56320,
          "req_cpu_cores": 32,
          "child_ids": [
            13,
            22
          ]
        },
        {
          "id": 13,
          "workflow_id": 0,
          "length": 44890,
          "req_memory_mb": 44032,
          "req_cpu_cores": 16,
          "child_ids": [
            22
          ]
        },
        {
          "id": 14,
          "workflow_id": 0,
          "length": 44754,
          "req_memory_mb": 30720,
          "req_cpu_cores": 10,
          "child_ids": []
        },
        {
          "id": 15,
          "workflow_id": 0,
          "length": 54158,
          "req_memory_mb": 79872,
          "req_cpu_cores": 29,
          "child_ids": []
        },
        {
          "id": 16,
          "workflow_id": 0,
          "length": 34430,
          "req_memory_mb": 28672,
          "req_cpu_cores": 19,
          "child_ids": []
        },
        {
          "id": 17,
          "workflow_id": 0,
          "length": 78570,
          "req_memory_mb": 86016,
          "req_cpu_cores": 3,
          "child_ids": []
        },
        {
          "id": 18,
          "workflow_id": 0,
          "length": 61109,
          "req_memory_mb": 38912,
          "req_cpu_cores": 6,
          "child_ids": []
        },
        {
          "id": 19,
          "workflow_id": 0,
          "length": 76591,
          "req_memory_mb": 8192,
          "req_cpu_cores": 22,
          "child_ids": []
        },
        {
          "id": 20,
          "workflow_id": 0,
          "length": 64663,
          "req_memory_mb": 47104,
          "req_cpu_cores": 22,
          "child_ids": []
        },
        {
          "id": 21,
          "workflow_id": 0,
          "length": 65825,
          "req_memory_mb": 19456,
          "req_cpu_cores": 19,
          "child_ids": []
        },
        {
          "id": 22,
          "workflow_id": 0,
          "length": 64567,
          "req_memory_mb": 47104,
          "req_cpu_cores": 19,
          "child_ids": []
        },
        {
          "id": 23,
          "workflow_id": 0,
          "length": 56188,
          "req_memory_mb": 56320,
          "req_cpu_cores": 10,
          "child_ids": []
        }
      ],
      "arrival_time": 0
    }
  ],
  "vms": [
    {
      "id": 0,
      "host_id": 3,
      "cpu_speed_mips": 1533,
      "memory_mb": 106496,
      "cpu_cores": 16,
      "disk_mb": 1024,
      "bandwidth_mbps": 50,
      "vmm": "Xen"
    },
    {
      "id": 1,
      "host_id": 2,
      "cpu_speed_mips": 4873,
      "memory_mb": 86016,
      "cpu_cores": 16,
      "disk_mb": 1024,
      "bandwidth_mbps": 50,
      "vmm": "Xen"
    },
    {
      "id": 2,
      "host_id": 1,
      "cpu_speed_mips": 3968,
      "memory_mb": 117760,
      "cpu_cores": 56,
      "disk_mb": 1024,
      "bandwidth_mbps": 50,
      "vmm": "Xen"
    },
    {
      "id": 3,
      "host_id": 0,
      "cpu_speed_mips": 1205,
      "memory_mb": 60416,
      "cpu_cores": 40,
      "disk_mb": 1024,
      "bandwidth_mbps": 50,
      "vmm": "Xen"
    },
    {
      "id": 4,
      "host_id": 3,
      "cpu_speed_mips": 3099,
      "memory_mb": 105472,
      "cpu_cores": 16,
      "disk_mb": 1024,
      "bandwidth_mbps": 50,
      "vmm": "Xen"
    },
    {
      "id": 5,
      "host_id": 2,
      "cpu_speed_mips": 2722,
      "memory_mb": 90112,
      "cpu_cores": 16,
      "disk_mb": 1024,
      "bandwidth_mbps": 50,
      "vmm": "Xen"
    },
    {
      "id": 6,
      "host_id": 1,
      "cpu_speed_mips": 3397,
      "memory_mb": 91136,
      "cpu_cores": 56,
      "disk_mb": 1024,
      "bandwidth_mbps": 50,
      "vmm": "Xen"
    },
    {
      "id": 7,
      "host_id": 0,
      "cpu_speed_mips": 1037,
      "memory_mb": 38912,
      "cpu_cores": 40,
      "disk_mb": 1024,
      "bandwidth_mbps": 50,
      "vmm": "Xen"
    },
    {
      "id": 8,
      "host_id": 3,
      "cpu_speed_mips": 2663,
      "memory_mb": 79872,
      "cpu_cores": 16,
      "disk_mb": 1024,
      "bandwidth_mbps": 50,
      "vmm": "Xen"
    },
    {
      "id": 9,
      "host_id": 2,
      "cpu_speed_mips": 2546,
      "memory_mb": 82944,
      "cpu_cores": 16,
      "disk_mb": 1024,
      "bandwidth_mbps": 50,
      "vmm": "Xen"
    },
    {
      "id": 10,
      "host_id": 1,
      "cpu_speed_mips": 2996,
      "memory_mb": 81920,
      "cpu_cores": 56,
      "disk_mb": 1024,
      "bandwidth_mbps": 50,
      "vmm": "Xen"
    },
    {
      "id": 11,
      "host_id": 0,
      "cpu_speed_mips": 599,
      "memory_mb": 84992,
      "cpu_cores": 40,
      "disk_mb": 1024,
      "bandwidth_mbps": 50,
      "vmm": "Xen"
    }
  ],
  "hosts": [
    {
      "id": 0,
      "cores": 40,
      "cpu_speed_mips": 512000,
      "power_idle_watt": 85,
      "power_peak_watt": 450,
      "memory_mb": 131072,
      "disk_mb": 12000000,
      "bandwidth_mbps": 2048
    },
    {
      "id": 1,
      "cores": 56,
      "cpu_speed_mips": 604800,
      "power_idle_watt": 50,
      "power_peak_watt": 432,
      "memory_mb": 167936,
      "disk_mb": 10000000,
      "bandwidth_mbps": 1536
    },
    {
      "id": 2,
      "cores": 16,
      "cpu_speed_mips": 187712,
      "power_idle_watt": 116,
      "power_peak_watt": 475,
      "memory_mb": 49152,
      "disk_mb": 10000000,
      "bandwidth_mbps": 1024
    },
    {
      "id": 3,
      "cores": 16,
      "cpu_speed_mips": 187712,
      "power_idle_watt": 116,
      "power_peak_watt": 475,
      "memory_mb": 49152,
      "disk_mb": 10000000,
      "bandwidth_mbps": 1024
    }
  ]
}