{
  "workflows": [
    {
      "id": 0,
      "tasks": [
        {
          "id": 0,
          "workflow_id": 0,
          "length": 58274,
          "req_memory_mb": 36864,
          "req_cpu_cores": 22,
          "child_ids": [
            1,
            2,
            3,
            4,
            5,
            6,
            7,
            9,
            10,
            11,
            14,
            15,
            17,
            18,
            19,
            20,
            22,
            24
          ]
        },
        {
          "id": 1,
          "workflow_id": 0,
          "length": 20665,
          "req_memory_mb": 38912,
          "req_cpu_cores": 32,
          "child_ids": []
        },
        {
          "id": 2,
          "workflow_id": 0,
          "length": 55972,
          "req_memory_mb": 91136,
          "req_cpu_cores": 17,
          "child_ids": [
            13
          ]
        },
        {
          "id": 3,
          "workflow_id": 0,
          "length": 56754,
          "req_memory_mb": 56320,
          "req_cpu_cores": 10,
          "child_ids": [
            8
          ]
        },
        {
          "id": 4,
          "workflow_id": 0,
          "length": 46405,
          "req_memory_mb": 81920,
          "req_cpu_cores": 29,
          "child_ids": [
            12
          ]
        },
        {
          "id": 5,
          "workflow_id": 0,
          "length": 54570,
          "req_memory_mb": 79872,
          "req_cpu_cores": 12,
          "child_ids": []
        },
        {
          "id": 6,
          "workflow_id": 0,
          "length": 52710,
          "req_memory_mb": 19456,
          "req_cpu_cores": 17,
          "child_ids": []
        },
        {
          "id": 7,
          "workflow_id": 0,
          "length": 56007,
          "req_memory_mb": 8192,
          "req_cpu_cores": 15,
          "child_ids": [
            23
          ]
        },
        {
          "id": 8,
          "workflow_id": 0,
          "length": 48851,
          "req_memory_mb": 79872,
          "req_cpu_cores": 5,
          "child_ids": []
        },
        {
          "id": 9,
          "workflow_id": 0,
          "length": 17795,
          "req_memory_mb": 3072,
          "req_cpu_cores": 5,
          "child_ids": []
        },
        {
          "id": 10,
          "workflow_id": 0,
          "length": 30534,
          "req_memory_mb": 59392,
          "req_cpu_cores": 34,
          "child_ids": []
        },
        {
          "id": 11,
          "workflow_id": 0,
          "length": 64696,
          "req_memory_mb": 83968,
          "req_cpu_cores": 17,
          "child_ids": []
        },
        {
          "id": 12,
          "workflow_id": 0,
          "length": 34180,
          "req_memory_mb": 15360,
          "req_cpu_cores": 32,
          "child_ids": [
            16
          ]
        },
        {
          "id": 13,
          "workflow_id": 0,
          "length": 48399,
          "req_memory_mb": 54272,
          "req_cpu_cores": 5,
          "child_ids": []
        },
        {
          "id": 14,
          "workflow_id": 0,
          "length": 77212,
          "req_memory_mb": 63488,
          "req_cpu_cores": 27,
          "child_ids": []
        },
        {
          "id": 15,
          "workflow_id": 0,
          "length": 15739,
          "req_memory_mb": 51200,
          "req_cpu_cores": 27,
          "child_ids": []
        },
        {
          "id": 16,
          "workflow_id": 0,
          "length": 79150,
          "req_memory_mb": 51200,
          "req_cpu_cores": 10,
          "child_ids": [
            25
          ]
        },
        {
          "id": 17,
          "workflow_id": 0,
          "length": 58653,
          "req_memory_mb": 7168,
          "req_cpu_cores": 24,
          "child_ids": [
            23
          ]
        },
        {
          "id": 18,
          "workflow_id": 0,
          "length": 55581,
          "req_memory_mb": 34816,
          "req_cpu_cores": 5,
          "child_ids": []
        },
        {
          "id": 19,
          "workflow_id": 0,
          "length": 42289,
          "req_memory_mb": 27648,
          "req_cpu_cores": 5,
          "child_ids": [
            21
          ]
        },
        {
          "id": 20,
          "workflow_id": 0,
          "length": 49234,
          "req_memory_mb": 72704,
          "req_cpu_cores": 17,
          "child_ids": []
        },
        {
          "id": 21,
          "workflow_id": 0,
          "length": 44824,
          "req_memory_mb": 77824,
          "req_cpu_cores": 32,
          "child_ids": []
        },
        {
          "id": 22,
          "workflow_id": 0,
          "length": 44393,
          "req_memory_mb": 45056,
          "req_cpu_cores": 27,
          "child_ids": []
        },
        {
          "id": 23,
          "workflow_id": 0,
          "length": 40098,
          "req_memory_mb": 79872,
          "req_cpu_cores": 27,
          "child_ids": [
            25
          ]
        },
        {
          "id": 24,
          "workflow_id": 0,
          "length": 62993,
          "req_memory_mb": 12288,
          "req_cpu_cores": 15,
          "child_ids": []
        },
        {
          "id": 25,
          "workflow_id": 0,
          "length": 39659,
          "req_memory_mb": 30720,
          "req_cpu_cores": 10,
          "child_ids": []
        }
      ],
      "arrival_time": 0
    }
  ],
  "vms": [
    {
      "id": 0,
      "host_id": 3,
      "cpu_speed_mips": 1533,
      "memory_mb": 106496,
      "cpu_cores": 16,
      "disk_mb": 1024,
      "bandwidth_mbps": 50,
      "vmm": "Xen"
    },
    {
      "id": 1,
      "host_id": 2,
      "cpu_speed_mips": 4873,
      "memory_mb": 86016,
      "cpu_cores": 16,
      "disk_mb": 1024,
      "bandwidth_mbps": 50,
      "vmm": "Xen"
    },
    {
      "id": 2,
      "host_id": 1,
      "cpu_speed_mips": 3968,
      "memory_mb": 117760,
      "cpu_cores": 56,
      "disk_mb": 1024,
      "bandwidth_mbps": 50,
      "vmm": "Xen"
    },
    {
      "id": 3,
      "host_id": 0,
      "cpu_speed_mips": 1205,
      "memory_mb": 60416,
      "cpu_cores": 40,
      "disk_mb": 1024,
      "bandwidth_mbps": 50,
      "vmm": "Xen"
    },
    {
      "id": 4,
      "host_id": 3,
      "cpu_speed_mips": 3099,
      "memory_mb": 105472,
      "cpu_cores": 16,
      "disk_mb": 1024,
      "bandwidth_mbps": 50,
      "vmm": "Xen"
    },
    {
      "id": 5,
      "host_id": 2,
      "cpu_speed_mips": 2722,
      "memory_mb": 90112,
      "cpu_cores": 16,
      "disk_mb": 1024,
      "bandwidth_mbps": 50,
      "vmm": "Xen"
    },
    {
      "id": 6,
      "host_id": 1,
      "cpu_speed_mips": 3397,
      "memory_mb": 91136,
      "cpu_cores": 56,
      "disk_mb": 1024,
      "bandwidth_mbps": 50,
      "vmm": "Xen"
    },
    {
      "id": 7,
      "host_id": 0,
      "cpu_speed_mips": 1037,
      "memory_mb": 38912,
      "cpu_cores": 40,
      "disk_mb": 1024,
      "bandwidth_mbps": 50,
      "vmm": "Xen"
    },
    {
      "id": 8,
      "host_id": 3,
      "cpu_speed_mips": 2663,
      "memory_mb": 79872,
      "cpu_cores": 16,
      "disk_mb": 1024,
      "bandwidth_mbps": 50,
      "vmm": "Xen"
    },
    {
      "id": 9,
      "host_id": 2,
      "cpu_speed_mips": 2546,
      "memory_mb": 82944,
      "cpu_cores": 16,
      "disk_mb": 1024,
      "bandwidth_mbps": 50,
      "vmm": "Xen"
    },
    {
      "id": 10,
      "host_id": 1,
      "cpu_speed_mips": 2996,
      "memory_mb": 81920,
      "cpu_cores": 56,
      "disk_mb": 1024,
      "bandwidth_mbps": 50,
      "vmm": "Xen"
    },
    {
      "id": 11,
      "host_id": 0,
      "cpu_speed_mips": 599,
      "memory_mb": 84992,
      "cpu_cores": 40,
      "disk_mb": 1024,
      "bandwidth_mbps": 50,
      "vmm": "Xen"
    }
  ],
  "hosts": [
    {
      "id": 0,
      "cores": 40,
      "cpu_speed_mips": 512000,
      "power_idle_watt": 85,
      "power_peak_watt": 450,
      "memory_mb": 131072,
      "disk_mb": 12000000,
      "bandwidth_mbps": 2048
    },
    {
      "id": 1,
      "cores": 56,
      "cpu_speed_mips": 604800,
      "power_idle_watt": 50,
      "power_peak_watt": 432,
      "memory_mb": 167936,
      "disk_mb": 10000000,
      "bandwidth_mbps": 1536
    },
    {
      "id": 2,
      "cores": 16,
      "cpu_speed_mips": 187712,
      "power_idle_watt": 116,
      "power_peak_watt": 475,
      "memory_mb": 49152,
      "disk_mb": 10000000,
      "bandwidth_mbps": 1024
    },
    {
      "id": 3,
      "cores": 16,
      "cpu_speed_mips": 187712,
      "power_idle_watt": 116,
      "power_peak_watt": 475,
      "memory_mb": 49152,
      "disk_mb": 10000000,
      "bandwidth_mbps": 1024
    }
  ]
}