{
  "workflows": [
    {
      "id": 0,
      "tasks": [
        {
          "id": 0,
          "workflow_id": 0,
          "length": 30081,
          "req_memory_mb": 92160,
          "req_cpu_cores": 30,
          "child_ids": [
            1,
            2,
            3,
            4,
            5,
            6,
            7,
            8,
            10,
            12,
            13,
            15,
            16,
            17,
            22,
            24,
            26
          ]
        },
        {
          "id": 1,
          "workflow_id": 0,
          "length": 58547,
          "req_memory_mb": 102400,
          "req_cpu_cores": 28,
          "child_ids": [
            25,
            14
          ]
        },
        {
          "id": 2,
          "workflow_id": 0,
          "length": 48794,
          "req_memory_mb": 25600,
          "req_cpu_cores": 23,
          "child_ids": [
            18,
            11
          ]
        },
        {
          "id": 3,
          "workflow_id": 0,
          "length": 37479,
          "req_memory_mb": 37888,
          "req_cpu_cores": 7,
          "child_ids": []
        },
        {
          "id": 4,
          "workflow_id": 0,
          "length": 51501,
          "req_memory_mb": 4096,
          "req_cpu_cores": 14,
          "child_ids": []
        },
        {
          "id": 5,
          "workflow_id": 0,
          "length": 57111,
          "req_memory_mb": 51200,
          "req_cpu_cores": 14,
          "child_ids": [
            9
          ]
        },
        {
          "id": 6,
          "workflow_id": 0,
          "length": 40246,
          "req_memory_mb": 33792,
          "req_cpu_cores": 5,
          "child_ids": [
            11
          ]
        },
        {
          "id": 7,
          "workflow_id": 0,
          "length": 43775,
          "req_memory_mb": 2048,
          "req_cpu_cores": 23,
          "child_ids": [
            21
          ]
        },
        {
          "id": 8,
          "workflow_id": 0,
          "length": 74170,
          "req_memory_mb": 26624,
          "req_cpu_cores": 25,
          "child_ids": []
        },
        {
          "id": 9,
          "workflow_id": 0,
          "length": 51043,
          "req_memory_mb": 91136,
          "req_cpu_cores": 9,
          "child_ids": []
        },
        {
          "id": 10,
          "workflow_id": 0,
          "length": 69517,
          "req_memory_mb": 103424,
          "req_cpu_cores": 30,
          "child_ids": []
        },
        {
          "id": 11,
          "workflow_id": 0,
          "length": 64390,
          "req_memory_mb": 2048,
          "req_cpu_cores": 21,
          "child_ids": [
            20
          ]
        },
        {
          "id": 12,
          "workflow_id": 0,
          "length": 35594,
          "req_memory_mb": 68608,
          "req_cpu_cores": 14,
          "child_ids": []
        },
        {
          "id": 13,
          "workflow_id": 0,
          "length": 58327,
          "req_memory_mb": 36864,
          "req_cpu_cores": 32,
          "child_ids": []
        },
        {
          "id": 14,
          "workflow_id": 0,
          "length": 36782,
          "req_memory_mb": 96256,
          "req_cpu_cores": 23,
          "child_ids": []
        },
        {
          "id": 15,
          "workflow_id": 0,
          "length": 30717,
          "req_memory_mb": 23552,
          "req_cpu_cores": 16,
          "child_ids": [
            19
          ]
        },
        {
          "id": 16,
          "workflow_id": 0,
          "length": 57669,
          "req_memory_mb": 68608,
          "req_cpu_cores": 18,
          "child_ids": []
        },
        {
          "id": 17,
          "workflow_id": 0,
          "length": 34693,
          "req_memory_mb": 61440,
          "req_cpu_cores": 5,
          "child_ids": []
        },
        {
          "id": 18,
          "workflow_id": 0,
          "length": 45799,
          "req_memory_mb": 45056,
          "req_cpu_cores": 18,
          "child_ids": [
            25
          ]
        },
        {
          "id": 19,
          "workflow_id": 0,
          "length": 48798,
          "req_memory_mb": 16384,
          "req_cpu_cores": 23,
          "child_ids": []
        },
        {
          "id": 20,
          "workflow_id": 0,
          "length": 70244,
          "req_memory_mb": 48128,
          "req_cpu_cores": 21,
          "child_ids": [
            25
          ]
        },
        {
          "id": 21,
          "workflow_id": 0,
          "length": 58700,
          "req_memory_mb": 92160,
          "req_cpu_cores": 14,
          "child_ids": [
            23
          ]
        },
        {
          "id": 22,
          "workflow_id": 0,
          "length": 16764,
          "req_memory_mb": 77824,
          "req_cpu_cores": 25,
          "child_ids": []
        },
        {
          "id": 23,
          "workflow_id": 0,
          "length": 30411,
          "req_memory_mb": 32768,
          "req_cpu_cores": 9,
          "child_ids": []
        },
        {
          "id": 24,
          "workflow_id": 0,
          "length": 48797,
          "req_memory_mb": 82944,
          "req_cpu_cores": 28,
          "child_ids": []
        },
        {
          "id": 25,
          "workflow_id": 0,
          "length": 85955,
          "req_memory_mb": 25600,
          "req_cpu_cores": 30,
          "child_ids": []
        },
        {
          "id": 26,
          "workflow_id": 0,
          "length": 78055,
          "req_memory_mb": 68608,
          "req_cpu_cores": 25,
          "child_ids": []
        }
      ],
      "arrival_time": 0
    }
  ],
  "vms": [
    {
      "id": 0,
      "host_id": 3,
      "cpu_speed_mips": 1533,
      "memory_mb": 106496,
      "cpu_cores": 16,
      "disk_mb": 1024,
      "bandwidth_mbps": 50,
      "vmm": "Xen"
    },
    {
      "id": 1,
      "host_id": 2,
      "cpu_speed_mips": 4873,
      "memory_mb": 86016,
      "cpu_cores": 16,
      "disk_mb": 1024,
      "bandwidth_mbps": 50,
      "vmm": "Xen"
    },
    {
      "id": 2,
      "host_id": 1,
      "cpu_speed_mips": 3968,
      "memory_mb": 117760,
      "cpu_cores": 56,
      "disk_mb": 1024,
      "bandwidth_mbps": 50,
      "vmm": "Xen"
    },
    {
      "id": 3,
      "host_id": 0,
      "cpu_speed_mips": 1205,
      "memory_mb": 60416,
      "cpu_cores": 40,
      "disk_mb": 1024,
      "bandwidth_mbps": 50,
      "vmm": "Xen"
    },
    {
      "id": 4,
      "host_id": 3,
      "cpu_speed_mips": 3099,
      "memory_mb": 105472,
      "cpu_cores": 16,
      "disk_mb": 1024,
      "bandwidth_mbps": 50,
      "vmm": "Xen"
    },
    {
      "id": 5,
      "host_id": 2,
      "cpu_speed_mips": 2722,
      "memory_mb": 90112,
      "cpu_cores": 16,
      "disk_mb": 1024,
      "bandwidth_mbps": 50,
      "vmm": "Xen"
    },
    {
      "id": 6,
      "host_id": 1,
      "cpu_speed_mips": 3397,
      "memory_mb": 91136,
      "cpu_cores": 56,
      "disk_mb": 1024,
      "bandwidth_mbps": 50,
      "vmm": "Xen"
    },
    {
      "id": 7,
      "host_id": 0,
      "cpu_speed_mips": 1037,
      "memory_mb": 38912,
      "cpu_cores": 40,
      "disk_mb": 1024,
      "bandwidth_mbps": 50,
      "vmm": "Xen"
    },
    {
      "id": 8,
      "host_id": 3,
      "cpu_speed_mips": 2663,
      "memory_mb": 79872,
      "cpu_cores": 16,
      "disk_mb": 1024,
      "bandwidth_mbps": 50,
      "vmm": "Xen"
    },
    {
      "id": 9,
      "host_id": 2,
      "cpu_speed_mips": 2546,
      "memory_mb": 82944,
      "cpu_cores": 16,
      "disk_mb": 1024,
      "bandwidth_mbps": 50,
      "vmm": "Xen"
    },
    {
      "id": 10,
      "host_id": 1,
      "cpu_speed_mips": 2996,
      "memory_mb": 81920,
      "cpu_cores": 56,
      "disk_mb": 1024,
      "bandwidth_mbps": 50,
      "vmm": "Xen"
    },
    {
      "id": 11,
      "host_id": 0,
      "cpu_speed_mips": 599,
      "memory_mb": 84992,
      "cpu_cores": 40,
      "disk_mb": 1024,
      "bandwidth_mbps": 50,
      "vmm": "Xen"
    }
  ],
  "hosts": [
    {
      "id": 0,
      "cores": 40,
      "cpu_speed_mips": 512000,
      "power_idle_watt": 85,
      "power_peak_watt": 450,
      "memory_mb": 131072,
      "disk_mb": 12000000,
      "bandwidth_mbps": 2048
    },
    {
      "id": 1,
      "cores": 56,
      "cpu_speed_mips": 604800,
      "power_idle_watt": 50,
      "power_peak_watt": 432,
      "memory_mb": 167936,
      "disk_mb": 10000000,
      "bandwidth_mbps": 1536
    },
    {
      "id": 2,
      "cores": 16,
      "cpu_speed_mips": 187712,
      "power_idle_watt": 116,
      "power_peak_watt": 475,
      "memory_mb": 49152,
      "disk_mb": 10000000,
      "bandwidth_mbps": 1024
    },
    {
      "id": 3,
      "cores": 16,
      "cpu_speed_mips": 187712,
      "power_idle_watt": 116,
      "power_peak_watt": 475,
      "memory_mb": 49152,
      "disk_mb": 10000000,
      "bandwidth_mbps": 1024
    }
  ]
}