{
  "workflows": [
    {
      "id": 0,
      "tasks": [
        {
          "id": 0,
          "workflow_id": 0,
          "length": 23676,
          "req_memory_mb": 69632,
          "req_cpu_cores": 27,
          "child_ids": [
            1,
            2,
            4,
            6,
            7,
            8,
            9,
            10,
            13,
            14,
            15,
            16,
            17,
            18,
            21,
            22
          ]
        },
        {
          "id": 1,
          "workflow_id": 0,
          "length": 18304,
          "req_memory_mb": 31744,
          "req_cpu_cores": 24,
          "child_ids": []
        },
        {
          "id": 2,
          "workflow_id": 0,
          "length": 83197,
          "req_memory_mb": 107520,
          "req_cpu_cores": 12,
          "child_ids": [
            3
          ]
        },
        {
          "id": 3,
          "workflow_id": 0,
          "length": 25943,
          "req_memory_mb": 60416,
          "req_cpu_cores": 15,
          "child_ids": [
            19
          ]
        },
        {
          "id": 4,
          "workflow_id": 0,
          "length": 58047,
          "req_memory_mb": 40960,
          "req_cpu_cores": 3,
          "child_ids": [
            5
          ]
        },
        {
          "id": 5,
          "workflow_id": 0,
          "length": 44061,
          "req_memory_mb": 3072,
          "req_cpu_cores": 9,
          "child_ids": []
        },
        {
          "id": 6,
          "workflow_id": 0,
          "length": 83897,
          "req_memory_mb": 49152,
          "req_cpu_cores": 30,
          "child_ids": [
            11,
            12
          ]
        },
        {
          "id": 7,
          "workflow_id": 0,
          "length": 39647,
          "req_memory_mb": 62464,
          "req_cpu_cores": 6,
          "child_ids": [
            11
          ]
        },
        {
          "id": 8,
          "workflow_id": 0,
          "length": 56546,
          "req_memory_mb": 105472,
          "req_cpu_cores": 24,
          "child_ids": []
        },
        {
          "id": 9,
          "workflow_id": 0,
          "length": 26885,
          "req_memory_mb": 20480,
          "req_cpu_cores": 30,
          "child_ids": []
        },
        {
          "id": 10,
          "workflow_id": 0,
          "length": 53145,
          "req_memory_mb": 29696,
          "req_cpu_cores": 3,
          "child_ids": [
            23
          ]
        },
        {
          "id": 11,
          "workflow_id": 0,
          "length": 76620,
          "req_memory_mb": 91136,
          "req_cpu_cores": 33,
          "child_ids": [
            24
          ]
        },
        {
          "id": 12,
          "workflow_id": 0,
          "length": 36242,
          "req_memory_mb": 36864,
          "req_cpu_cores": 18,
          "child_ids": [
            20
          ]
        },
        {
          "id": 13,
          "workflow_id": 0,
          "length": 38352,
          "req_memory_mb": 76800,
          "req_cpu_cores": 39,
          "child_ids": []
        },
        {
          "id": 14,
          "workflow_id": 0,
          "length": 50537,
          "req_memory_mb": 19456,
          "req_cpu_cores": 3,
          "child_ids": [
            20
          ]
        },
        {
          "id": 15,
          "workflow_id": 0,
          "length": 37681,
          "req_memory_mb": 39936,
          "req_cpu_cores": 15,
          "child_ids": []
        },
        {
          "id": 16,
          "workflow_id": 0,
          "length": 39755,
          "req_memory_mb": 3072,
          "req_cpu_cores": 33,
          "child_ids": [
            20
          ]
        },
        {
          "id": 17,
          "workflow_id": 0,
          "length": 51916,
          "req_memory_mb": 4096,
          "req_cpu_cores": 27,
          "child_ids": []
        },
        {
          "id": 18,
          "workflow_id": 0,
          "length": 41025,
          "req_memory_mb": 82944,
          "req_cpu_cores": 36,
          "child_ids": []
        },
        {
          "id": 19,
          "workflow_id": 0,
          "length": 73373,
          "req_memory_mb": 102400,
          "req_cpu_cores": 30,
          "child_ids": []
        },
        {
          "id": 20,
          "workflow_id": 0,
          "length": 17265,
          "req_memory_mb": 56320,
          "req_cpu_cores": 18,
          "child_ids": []
        },
        {
          "id": 21,
          "workflow_id": 0,
          "length": 43915,
          "req_memory_mb": 92160,
          "req_cpu_cores": 9,
          "child_ids": []
        },
        {
          "id": 22,
          "workflow_id": 0,
          "length": 3989,
          "req_memory_mb": 53248,
          "req_cpu_cores": 9,
          "child_ids": []
        },
        {
          "id": 23,
          "workflow_id": 0,
          "length": 43448,
          "req_memory_mb": 58368,
          "req_cpu_cores": 39,
          "child_ids": []
        },
        {
          "id": 24,
          "workflow_id": 0,
          "length": 61788,
          "req_memory_mb": 72704,
          "req_cpu_cores": 21,
          "child_ids": []
        }
      ],
      "arrival_time": 0
    }
  ],
  "vms": [
    {
      "id": 0,
      "host_id": 3,
      "cpu_speed_mips": 1533,
      "memory_mb": 106496,
      "cpu_cores": 16,
      "disk_mb": 1024,
      "bandwidth_mbps": 50,
      "vmm": "Xen"
    },
    {
      "id": 1,
      "host_id": 2,
      "cpu_speed_mips": 4873,
      "memory_mb": 86016,
      "cpu_cores": 16,
      "disk_mb": 1024,
      "bandwidth_mbps": 50,
      "vmm": "Xen"
    },
    {
      "id": 2,
      "host_id": 1,
      "cpu_speed_mips": 3968,
      "memory_mb": 117760,
      "cpu_cores": 56,
      "disk_mb": 1024,
      "bandwidth_mbps": 50,
      "vmm": "Xen"
    },
    {
      "id": 3,
      "host_id": 0,
      "cpu_speed_mips": 1205,
      "memory_mb": 60416,
      "cpu_cores": 40,
      "disk_mb": 1024,
      "bandwidth_mbps": 50,
      "vmm": "Xen"
    },
    {
      "id": 4,
      "host_id": 3,
      "cpu_speed_mips": 3099,
      "memory_mb": 105472,
      "cpu_cores": 16,
      "disk_mb": 1024,
      "bandwidth_mbps": 50,
      "vmm": "Xen"
    },
    {
      "id": 5,
      "host_id": 2,
      "cpu_speed_mips": 2722,
      "memory_mb": 90112,
      "cpu_cores": 16,
      "disk_mb": 1024,
      "bandwidth_mbps": 50,
      "vmm": "Xen"
    },
    {
      "id": 6,
      "host_id": 1,
      "cpu_speed_mips": 3397,
      "memory_mb": 91136,
      "cpu_cores": 56,
      "disk_mb": 1024,
      "bandwidth_mbps": 50,
      "vmm": "Xen"
    },
    {
      "id": 7,
      "host_id": 0,
      "cpu_speed_mips": 1037,
      "memory_mb": 38912,
      "cpu_cores": 40,
      "disk_mb": 1024,
      "bandwidth_mbps": 50,
      "vmm": "Xen"
    },
    {
      "id": 8,
      "host_id": 3,
      "cpu_speed_mips": 2663,
      "memory_mb": 79872,
      "cpu_cores": 16,
      "disk_mb": 1024,
      "bandwidth_mbps": 50,
      "vmm": "Xen"
    },
    {
      "id": 9,
      "host_id": 2,
      "cpu_speed_mips": 2546,
      "memory_mb": 82944,
      "cpu_cores": 16,
      "disk_mb": 1024,
      "bandwidth_mbps": 50,
      "vmm": "Xen"
    },
    {
      "id": 10,
      "host_id": 1,
      "cpu_speed_mips": 2996,
      "memory_mb": 81920,
      "cpu_cores": 56,
      "disk_mb": 1024,
      "bandwidth_mbps": 50,
      "vmm": "Xen"
    },
    {
      "id": 11,
      "host_id": 0,
      "cpu_speed_mips": 599,
      "memory_mb": 84992,
      "cpu_cores": 40,
      "disk_mb": 1024,
      "bandwidth_mbps": 50,
      "vmm": "Xen"
    }
  ],
  "hosts": [
    {
      "id": 0,
      "cores": 40,
      "cpu_speed_mips": 512000,
      "power_idle_watt": 85,
      "power_peak_watt": 450,
      "memory_mb": 131072,
      "disk_mb": 12000000,
      "bandwidth_mbps": 2048
    },
    {
      "id": 1,
      "cores": 56,
      "cpu_speed_mips": 604800,
      "power_idle_watt": 50,
      "power_peak_watt": 432,
      "memory_mb": 167936,
      "disk_mb": 10000000,
      "bandwidth_mbps": 1536
    },
    {
      "id": 2,
      "cores": 16,
      "cpu_speed_mips": 187712,
      "power_idle_watt": 116,
      "power_peak_watt": 475,
      "memory_mb": 49152,
      "disk_mb": 10000000,
      "bandwidth_mbps": 1024
    },
    {
      "id": 3,
      "cores": 16,
      "cpu_speed_mips": 187712,
      "power_idle_watt": 116,
      "power_peak_watt": 475,
      "memory_mb": 49152,
      "disk_mb": 10000000,
      "bandwidth_mbps": 1024
    }
  ]
}