{
  "workflows": [
    {
      "id": 0,
      "tasks": [
        {
          "id": 0,
          "workflow_id": 0,
          "length": 44213,
          "req_memory_mb": 25600,
          "req_cpu_cores": 38,
          "child_ids": [
            1,
            2,
            3,
            4,
            5,
            6,
            8,
            10,
            11,
            13,
            17,
            18,
            19,
            22,
            23,
            25,
            26,
            27,
            28
          ]
        },
        {
          "id": 1,
          "workflow_id": 0,
          "length": 59268,
          "req_memory_mb": 16384,
          "req_cpu_cores": 38,
          "child_ids": []
        },
        {
          "id": 2,
          "workflow_id": 0,
          "length": 67520,
          "req_memory_mb": 68608,
          "req_cpu_cores": 16,
          "child_ids": [
            16,
            7
          ]
        },
        {
          "id": 3,
          "workflow_id": 0,
          "length": 67208,
          "req_memory_mb": 93184,
          "req_cpu_cores": 16,
          "child_ids": []
        },
        {
          "id": 4,
          "workflow_id": 0,
          "length": 63542,
          "req_memory_mb": 60416,
          "req_cpu_cores": 19,
          "child_ids": []
        },
        {
          "id": 5,
          "workflow_id": 0,
          "length": 25963,
          "req_memory_mb": 60416,
          "req_cpu_cores": 19,
          "child_ids": [
            14
          ]
        },
        {
          "id": 6,
          "workflow_id": 0,
          "length": 49959,
          "req_memory_mb": 36864,
          "req_cpu_cores": 22,
          "child_ids": [
            24,
            12
          ]
        },
        {
          "id": 7,
          "workflow_id": 0,
          "length": 67643,
          "req_memory_mb": 48128,
          "req_cpu_cores": 3,
          "child_ids": [
            9
          ]
        },
        {
          "id": 8,
          "workflow_id": 0,
          "length": 50781,
          "req_memory_mb": 39936,
          "req_cpu_cores": 16,
          "child_ids": [
            15
          ]
        },
        {
          "id": 9,
          "workflow_id": 0,
          "length": 46600,
          "req_memory_mb": 22528,
          "req_cpu_cores": 22,
          "child_ids": [
            21
          ]
        },
        {
          "id": 10,
          "workflow_id": 0,
          "length": 38130,
          "req_memory_mb": 9216,
          "req_cpu_cores": 22,
          "child_ids": []
        },
        {
          "id": 11,
          "workflow_id": 0,
          "length": 50941,
          "req_memory_mb": 5120,
          "req_cpu_cores": 27,
          "child_ids": []
        },
        {
          "id": 12,
          "workflow_id": 0,
          "length": 52695,
          "req_memory_mb": 64512,
          "req_cpu_cores": 22,
          "child_ids": [
            24,
            20
          ]
        },
        {
          "id": 13,
          "workflow_id": 0,
          "length": 33643,
          "req_memory_mb": 22528,
          "req_cpu_cores": 5,
          "child_ids": []
        },
        {
          "id": 14,
          "workflow_id": 0,
          "length": 47328,
          "req_memory_mb": 30720,
          "req_cpu_cores": 11,
          "child_ids": [
            20
          ]
        },
        {
          "id": 15,
          "workflow_id": 0,
          "length": 54270,
          "req_memory_mb": 52224,
          "req_cpu_cores": 8,
          "child_ids": []
        },
        {
          "id": 16,
          "workflow_id": 0,
          "length": 53117,
          "req_memory_mb": 87040,
          "req_cpu_cores": 38,
          "child_ids": []
        },
        {
          "id": 17,
          "workflow_id": 0,
          "length": 70792,
          "req_memory_mb": 43008,
          "req_cpu_cores": 3,
          "child_ids": [
            21
          ]
        },
        {
          "id": 18,
          "workflow_id": 0,
          "length": 63904,
          "req_memory_mb": 31744,
          "req_cpu_cores": 3,
          "child_ids": []
        },
        {
          "id": 19,
          "workflow_id": 0,
          "length": 40276,
          "req_memory_mb": 100352,
          "req_cpu_cores": 27,
          "child_ids": []
        },
        {
          "id": 20,
          "workflow_id": 0,
          "length": 66814,
          "req_memory_mb": 16384,
          "req_cpu_cores": 5,
          "child_ids": []
        },
        {
          "id": 21,
          "workflow_id": 0,
          "length": 81728,
          "req_memory_mb": 75776,
          "req_cpu_cores": 35,
          "child_ids": []
        },
        {
          "id": 22,
          "workflow_id": 0,
          "length": 51567,
          "req_memory_mb": 2048,
          "req_cpu_cores": 19,
          "child_ids": []
        },
        {
          "id": 23,
          "workflow_id": 0,
          "length": 42123,
          "req_memory_mb": 76800,
          "req_cpu_cores": 3,
          "child_ids": []
        },
        {
          "id": 24,
          "workflow_id": 0,
          "length": 79217,
          "req_memory_mb": 46080,
          "req_cpu_cores": 5,
          "child_ids": []
        },
        {
          "id": 25,
          "workflow_id": 0,
          "length": 46173,
          "req_memory_mb": 71680,
          "req_cpu_cores": 14,
          "child_ids": []
        },
        {
          "id": 26,
          "workflow_id": 0,
          "length": 50623,
          "req_memory_mb": 57344,
          "req_cpu_cores": 16,
          "child_ids": []
        },
        {
          "id": 27,
          "workflow_id": 0,
          "length": 33613,
          "req_memory_mb": 75776,
          "req_cpu_cores": 16,
          "child_ids": []
        },
        {
          "id": 28,
          "workflow_id": 0,
          "length": 29366,
          "req_memory_mb": 51200,
          "req_cpu_cores": 30,
          "child_ids": []
        }
      ],
      "arrival_time": 0
    }
  ],
  "vms": [
    {
      "id": 0,
      "host_id": 3,
      "cpu_speed_mips": 1533,
      "memory_mb": 106496,
      "cpu_cores": 16,
      "disk_mb": 1024,
      "bandwidth_mbps": 50,
      "vmm": "Xen"
    },
    {
      "id": 1,
      "host_id": 2,
      "cpu_speed_mips": 4873,
      "memory_mb": 86016,
      "cpu_cores": 16,
      "disk_mb": 1024,
      "bandwidth_mbps": 50,
      "vmm": "Xen"
    },
    {
      "id": 2,
      "host_id": 1,
      "cpu_speed_mips": 3968,
      "memory_mb": 117760,
      "cpu_cores": 56,
      "disk_mb": 1024,
      "bandwidth_mbps": 50,
      "vmm": "Xen"
    },
    {
      "id": 3,
      "host_id": 0,
      "cpu_speed_mips": 1205,
      "memory_mb": 60416,
      "cpu_cores": 40,
      "disk_mb": 1024,
      "bandwidth_mbps": 50,
      "vmm": "Xen"
    },
    {
      "id": 4,
      "host_id": 3,
      "cpu_speed_mips": 3099,
      "memory_mb": 105472,
      "cpu_cores": 16,
      "disk_mb": 1024,
      "bandwidth_mbps": 50,
      "vmm": "Xen"
    },
    {
      "id": 5,
      "host_id": 2,
      "cpu_speed_mips": 2722,
      "memory_mb": 90112,
      "cpu_cores": 16,
      "disk_mb": 1024,
      "bandwidth_mbps": 50,
      "vmm": "Xen"
    },
    {
      "id": 6,
      "host_id": 1,
      "cpu_speed_mips": 3397,
      "memory_mb": 91136,
      "cpu_cores": 56,
      "disk_mb": 1024,
      "bandwidth_mbps": 50,
      "vmm": "Xen"
    },
    {
      "id": 7,
      "host_id": 0,
      "cpu_speed_mips": 1037,
      "memory_mb": 38912,
      "cpu_cores": 40,
      "disk_mb": 1024,
      "bandwidth_mbps": 50,
      "vmm": "Xen"
    },
    {
      "id": 8,
      "host_id": 3,
      "cpu_speed_mips": 2663,
      "memory_mb": 79872,
      "cpu_cores": 16,
      "disk_mb": 1024,
      "bandwidth_mbps": 50,
      "vmm": "Xen"
    },
    {
      "id": 9,
      "host_id": 2,
      "cpu_speed_mips": 2546,
      "memory_mb": 82944,
      "cpu_cores": 16,
      "disk_mb": 1024,
      "bandwidth_mbps": 50,
      "vmm": "Xen"
    },
    {
      "id": 10,
      "host_id": 1,
      "cpu_speed_mips": 2996,
      "memory_mb": 81920,
      "cpu_cores": 56,
      "disk_mb": 1024,
      "bandwidth_mbps": 50,
      "vmm": "Xen"
    },
    {
      "id": 11,
      "host_id": 0,
      "cpu_speed_mips": 599,
      "memory_mb": 84992,
      "cpu_cores": 40,
      "disk_mb": 1024,
      "bandwidth_mbps": 50,
      "vmm": "Xen"
    }
  ],
  "hosts": [
    {
      "id": 0,
      "cores": 40,
      "cpu_speed_mips": 512000,
      "power_idle_watt": 85,
      "power_peak_watt": 450,
      "memory_mb": 131072,
      "disk_mb": 12000000,
      "bandwidth_mbps": 2048
    },
    {
      "id": 1,
      "cores": 56,
      "cpu_speed_mips": 604800,
      "power_idle_watt": 50,
      "power_peak_watt": 432,
      "memory_mb": 167936,
      "disk_mb": 10000000,
      "bandwidth_mbps": 1536
    },
    {
      "id": 2,
      "cores": 16,
      "cpu_speed_mips": 187712,
      "power_idle_watt": 116,
      "power_peak_watt": 475,
      "memory_mb": 49152,
      "disk_mb": 10000000,
      "bandwidth_mbps": 1024
    },
    {
      "id": 3,
      "cores": 16,
      "cpu_speed_mips": 187712,
      "power_idle_watt": 116,
      "power_peak_watt": 475,
      "memory_mb": 49152,
      "disk_mb": 10000000,
      "bandwidth_mbps": 1024
    }
  ]
}