{
  "workflows": [
    {
      "id": 0,
      "tasks": [
        {
          "id": 0,
          "workflow_id": 0,
          "length": 42470,
          "req_memory_mb": 76800,
          "req_cpu_cores": 4,
          "child_ids": [
            1,
            2,
            3,
            4,
            5,
            6,
            7,
            8,
            9,
            10,
            11,
            12,
            14,
            17,
            18,
            20,
            21,
            23
          ]
        },
        {
          "id": 1,
          "workflow_id": 0,
          "length": 94241,
          "req_memory_mb": 30720,
          "req_cpu_cores": 22,
          "child_ids": []
        },
        {
          "id": 2,
          "workflow_id": 0,
          "length": 47729,
          "req_memory_mb": 78848,
          "req_cpu_cores": 29,
          "child_ids": []
        },
        {
          "id": 3,
          "workflow_id": 0,
          "length": 67578,
          "req_memory_mb": 93184,
          "req_cpu_cores": 22,
          "child_ids": [
            22
          ]
        },
        {
          "id": 4,
          "workflow_id": 0,
          "length": 42145,
          "req_memory_mb": 20480,
          "req_cpu_cores": 31,
          "child_ids": []
        },
        {
          "id": 5,
          "workflow_id": 0,
          "length": 34434,
          "req_memory_mb": 16384,
          "req_cpu_cores": 2,
          "child_ids": [
            13
          ]
        },
        {
          "id": 6,
          "workflow_id": 0,
          "length": 59406,
          "req_memory_mb": 51200,
          "req_cpu_cores": 24,
          "child_ids": [
            19,
            15
          ]
        },
        {
          "id": 7,
          "workflow_id": 0,
          "length": 44909,
          "req_memory_mb": 25600,
          "req_cpu_cores": 15,
          "child_ids": []
        },
        {
          "id": 8,
          "workflow_id": 0,
          "length": 64597,
          "req_memory_mb": 79872,
          "req_cpu_cores": 29,
          "child_ids": []
        },
        {
          "id": 9,
          "workflow_id": 0,
          "length": 45460,
          "req_memory_mb": 41984,
          "req_cpu_cores": 27,
          "child_ids": []
        },
        {
          "id": 10,
          "workflow_id": 0,
          "length": 50839,
          "req_memory_mb": 15360,
          "req_cpu_cores": 13,
          "child_ids": [
            16
          ]
        },
        {
          "id": 11,
          "workflow_id": 0,
          "length": 28479,
          "req_memory_mb": 54272,
          "req_cpu_cores": 20,
          "child_ids": [
            16
          ]
        },
        {
          "id": 12,
          "workflow_id": 0,
          "length": 51515,
          "req_memory_mb": 58368,
          "req_cpu_cores": 2,
          "child_ids": []
        },
        {
          "id": 13,
          "workflow_id": 0,
          "length": 66433,
          "req_memory_mb": 5120,
          "req_cpu_cores": 20,
          "child_ids": []
        },
        {
          "id": 14,
          "workflow_id": 0,
          "length": 68044,
          "req_memory_mb": 99328,
          "req_cpu_cores": 27,
          "child_ids": []
        },
        {
          "id": 15,
          "workflow_id": 0,
          "length": 54404,
          "req_memory_mb": 66560,
          "req_cpu_cores": 27,
          "child_ids": []
        },
        {
          "id": 16,
          "workflow_id": 0,
          "length": 46932,
          "req_memory_mb": 95232,
          "req_cpu_cores": 18,
          "child_ids": []
        },
        {
          "id": 17,
          "workflow_id": 0,
          "length": 7015,
          "req_memory_mb": 31744,
          "req_cpu_cores": 24,
          "child_ids": []
        },
        {
          "id": 18,
          "workflow_id": 0,
          "length": 44948,
          "req_memory_mb": 67584,
          "req_cpu_cores": 27,
          "child_ids": []
        },
        {
          "id": 19,
          "workflow_id": 0,
          "length": 40060,
          "req_memory_mb": 112640,
          "req_cpu_cores": 29,
          "child_ids": []
        },
        {
          "id": 20,
          "workflow_id": 0,
          "length": 54085,
          "req_memory_mb": 33792,
          "req_cpu_cores": 13,
          "child_ids": []
        },
        {
          "id": 21,
          "workflow_id": 0,
          "length": 42019,
          "req_memory_mb": 6144,
          "req_cpu_cores": 22,
          "child_ids": []
        },
        {
          "id": 22,
          "workflow_id": 0,
          "length": 59435,
          "req_memory_mb": 94208,
          "req_cpu_cores": 29,
          "child_ids": []
        },
        {
          "id": 23,
          "workflow_id": 0,
          "length": 94723,
          "req_memory_mb": 26624,
          "req_cpu_cores": 4,
          "child_ids": []
        }
      ],
      "arrival_time": 0
    }
  ],
  "vms": [
    {
      "id": 0,
      "host_id": 3,
      "cpu_speed_mips": 1533,
      "memory_mb": 106496,
      "cpu_cores": 16,
      "disk_mb": 1024,
      "bandwidth_mbps": 50,
      "vmm": "Xen"
    },
    {
      "id": 1,
      "host_id": 2,
      "cpu_speed_mips": 4873,
      "memory_mb": 86016,
      "cpu_cores": 16,
      "disk_mb": 1024,
      "bandwidth_mbps": 50,
      "vmm": "Xen"
    },
    {
      "id": 2,
      "host_id": 1,
      "cpu_speed_mips": 3968,
      "memory_mb": 117760,
      "cpu_cores": 56,
      "disk_mb": 1024,
      "bandwidth_mbps": 50,
      "vmm": "Xen"
    },
    {
      "id": 3,
      "host_id": 0,
      "cpu_speed_mips": 1205,
      "memory_mb": 60416,
      "cpu_cores": 40,
      "disk_mb": 1024,
      "bandwidth_mbps": 50,
      "vmm": "Xen"
    },
    {
      "id": 4,
      "host_id": 3,
      "cpu_speed_mips": 3099,
      "memory_mb": 105472,
      "cpu_cores": 16,
      "disk_mb": 1024,
      "bandwidth_mbps": 50,
      "vmm": "Xen"
    },
    {
      "id": 5,
      "host_id": 2,
      "cpu_speed_mips": 2722,
      "memory_mb": 90112,
      "cpu_cores": 16,
      "disk_mb": 1024,
      "bandwidth_mbps": 50,
      "vmm": "Xen"
    },
    {
      "id": 6,
      "host_id": 1,
      "cpu_speed_mips": 3397,
      "memory_mb": 91136,
      "cpu_cores": 56,
      "disk_mb": 1024,
      "bandwidth_mbps": 50,
      "vmm": "Xen"
    },
    {
      "id": 7,
      "host_id": 0,
      "cpu_speed_mips": 1037,
      "memory_mb": 38912,
      "cpu_cores": 40,
      "disk_mb": 1024,
      "bandwidth_mbps": 50,
      "vmm": "Xen"
    },
    {
      "id": 8,
      "host_id": 3,
      "cpu_speed_mips": 2663,
      "memory_mb": 79872,
      "cpu_cores": 16,
      "disk_mb": 1024,
      "bandwidth_mbps": 50,
      "vmm": "Xen"
    },
    {
      "id": 9,
      "host_id": 2,
      "cpu_speed_mips": 2546,
      "memory_mb": 82944,
      "cpu_cores": 16,
      "disk_mb": 1024,
      "bandwidth_mbps": 50,
      "vmm": "Xen"
    },
    {
      "id": 10,
      "host_id": 1,
      "cpu_speed_mips": 2996,
      "memory_mb": 81920,
      "cpu_cores": 56,
      "disk_mb": 1024,
      "bandwidth_mbps": 50,
      "vmm": "Xen"
    },
    {
      "id": 11,
      "host_id": 0,
      "cpu_speed_mips": 599,
      "memory_mb": 84992,
      "cpu_cores": 40,
      "disk_mb": 1024,
      "bandwidth_mbps": 50,
      "vmm": "Xen"
    }
  ],
  "hosts": [
    {
      "id": 0,
      "cores": 40,
      "cpu_speed_mips": 512000,
      "power_idle_watt": 85,
      "power_peak_watt": 450,
      "memory_mb": 131072,
      "disk_mb": 12000000,
      "bandwidth_mbps": 2048
    },
    {
      "id": 1,
      "cores": 56,
      "cpu_speed_mips": 604800,
      "power_idle_watt": 50,
      "power_peak_watt": 432,
      "memory_mb": 167936,
      "disk_mb": 10000000,
      "bandwidth_mbps": 1536
    },
    {
      "id": 2,
      "cores": 16,
      "cpu_speed_mips": 187712,
      "power_idle_watt": 116,
      "power_peak_watt": 475,
      "memory_mb": 49152,
      "disk_mb": 10000000,
      "bandwidth_mbps": 1024
    },
    {
      "id": 3,
      "cores": 16,
      "cpu_speed_mips": 187712,
      "power_idle_watt": 116,
      "power_peak_watt": 475,
      "memory_mb": 49152,
      "disk_mb": 10000000,
      "bandwidth_mbps": 1024
    }
  ]
}