{
  "workflows": [
    {
      "id": 0,
      "tasks": [
        {
          "id": 0,
          "workflow_id": 0,
          "length": 34089,
          "req_memory_mb": 40960,
          "req_cpu_cores": 11,
          "child_ids": [
            1,
            2,
            3,
            4,
            5,
            6,
            7,
            8,
            9,
            11,
            13,
            14,
            15,
            17,
            21,
            22,
            23,
            24,
            25,
            26
          ]
        },
        {
          "id": 1,
          "workflow_id": 0,
          "length": 73335,
          "req_memory_mb": 1024,
          "req_cpu_cores": 24,
          "child_ids": [
            12
          ]
        },
        {
          "id": 2,
          "workflow_id": 0,
          "length": 25113,
          "req_memory_mb": 46080,
          "req_cpu_cores": 26,
          "child_ids": []
        },
        {
          "id": 3,
          "workflow_id": 0,
          "length": 56962,
          "req_memory_mb": 61440,
          "req_cpu_cores": 19,
          "child_ids": []
        },
        {
          "id": 4,
          "workflow_id": 0,
          "length": 82305,
          "req_memory_mb": 50176,
          "req_cpu_cores": 17,
          "child_ids": []
        },
        {
          "id": 5,
          "workflow_id": 0,
          "length": 39422,
          "req_memory_mb": 77824,
          "req_cpu_cores": 20,
          "child_ids": []
        },
        {
          "id": 6,
          "workflow_id": 0,
          "length": 48031,
          "req_memory_mb": 58368,
          "req_cpu_cores": 11,
          "child_ids": []
        },
        {
          "id": 7,
          "workflow_id": 0,
          "length": 49929,
          "req_memory_mb": 23552,
          "req_cpu_cores": 2,
          "child_ids": [
            16
          ]
        },
        {
          "id": 8,
          "workflow_id": 0,
          "length": 51945,
          "req_memory_mb": 61440,
          "req_cpu_cores": 17,
          "child_ids": [
            10
          ]
        },
        {
          "id": 9,
          "workflow_id": 0,
          "length": 70079,
          "req_memory_mb": 10240,
          "req_cpu_cores": 20,
          "child_ids": [
            16
          ]
        },
        {
          "id": 10,
          "workflow_id": 0,
          "length": 19128,
          "req_memory_mb": 67584,
          "req_cpu_cores": 6,
          "child_ids": [
            20
          ]
        },
        {
          "id": 11,
          "workflow_id": 0,
          "length": 57379,
          "req_memory_mb": 48128,
          "req_cpu_cores": 17,
          "child_ids": []
        },
        {
          "id": 12,
          "workflow_id": 0,
          "length": 39474,
          "req_memory_mb": 4096,
          "req_cpu_cores": 22,
          "child_ids": []
        },
        {
          "id": 13,
          "workflow_id": 0,
          "length": 48041,
          "req_memory_mb": 13312,
          "req_cpu_cores": 13,
          "child_ids": []
        },
        {
          "id": 14,
          "workflow_id": 0,
          "length": 44421,
          "req_memory_mb": 37888,
          "req_cpu_cores": 22,
          "child_ids": [
            19
          ]
        },
        {
          "id": 15,
          "workflow_id": 0,
          "length": 53563,
          "req_memory_mb": 9216,
          "req_cpu_cores": 20,
          "child_ids": [
            18
          ]
        },
        {
          "id": 16,
          "workflow_id": 0,
          "length": 70254,
          "req_memory_mb": 23552,
          "req_cpu_cores": 22,
          "child_ids": []
        },
        {
          "id": 17,
          "workflow_id": 0,
          "length": 54285,
          "req_memory_mb": 22528,
          "req_cpu_cores": 9,
          "child_ids": []
        },
        {
          "id": 18,
          "workflow_id": 0,
          "length": 57512,
          "req_memory_mb": 63488,
          "req_cpu_cores": 19,
          "child_ids": []
        },
        {
          "id": 19,
          "workflow_id": 0,
          "length": 37378,
          "req_memory_mb": 72704,
          "req_cpu_cores": 15,
          "child_ids": []
        },
        {
          "id": 20,
          "workflow_id": 0,
          "length": 32815,
          "req_memory_mb": 40960,
          "req_cpu_cores": 2,
          "child_ids": []
        },
        {
          "id": 21,
          "workflow_id": 0,
          "length": 59989,
          "req_memory_mb": 34816,
          "req_cpu_cores": 9,
          "child_ids": []
        },
        {
          "id": 22,
          "workflow_id": 0,
          "length": 33787,
          "req_memory_mb": 40960,
          "req_cpu_cores": 22,
          "child_ids": []
        },
        {
          "id": 23,
          "workflow_id": 0,
          "length": 52149,
          "req_memory_mb": 66560,
          "req_cpu_cores": 19,
          "child_ids": []
        },
        {
          "id": 24,
          "workflow_id": 0,
          "length": 71567,
          "req_memory_mb": 72704,
          "req_cpu_cores": 17,
          "child_ids": []
        },
        {
          "id": 25,
          "workflow_id": 0,
          "length": 71357,
          "req_memory_mb": 58368,
          "req_cpu_cores": 15,
          "child_ids": []
        },
        {
          "id": 26,
          "workflow_id": 0,
          "length": 42785,
          "req_memory_mb": 45056,
          "req_cpu_cores": 15,
          "child_ids": []
        }
      ],
      "arrival_time": 0
    }
  ],
  "vms": [
    {
      "id": 0,
      "host_id": 3,
      "cpu_speed_mips": 1533,
      "memory_mb": 106496,
      "cpu_cores": 16,
      "disk_mb": 1024,
      "bandwidth_mbps": 50,
      "vmm": "Xen"
    },
    {
      "id": 1,
      "host_id": 2,
      "cpu_speed_mips": 4873,
      "memory_mb": 86016,
      "cpu_cores": 16,
      "disk_mb": 1024,
      "bandwidth_mbps": 50,
      "vmm": "Xen"
    },
    {
      "id": 2,
      "host_id": 1,
      "cpu_speed_mips": 3968,
      "memory_mb": 117760,
      "cpu_cores": 56,
      "disk_mb": 1024,
      "bandwidth_mbps": 50,
      "vmm": "Xen"
    },
    {
      "id": 3,
      "host_id": 0,
      "cpu_speed_mips": 1205,
      "memory_mb": 60416,
      "cpu_cores": 40,
      "disk_mb": 1024,
      "bandwidth_mbps": 50,
      "vmm": "Xen"
    },
    {
      "id": 4,
      "host_id": 3,
      "cpu_speed_mips": 3099,
      "memory_mb": 105472,
      "cpu_cores": 16,
      "disk_mb": 1024,
      "bandwidth_mbps": 50,
      "vmm": "Xen"
    },
    {
      "id": 5,
      "host_id": 2,
      "cpu_speed_mips": 2722,
      "memory_mb": 90112,
      "cpu_cores": 16,
      "disk_mb": 1024,
      "bandwidth_mbps": 50,
      "vmm": "Xen"
    },
    {
      "id": 6,
      "host_id": 1,
      "cpu_speed_mips": 3397,
      "memory_mb": 91136,
      "cpu_cores": 56,
      "disk_mb": 1024,
      "bandwidth_mbps": 50,
      "vmm": "Xen"
    },
    {
      "id": 7,
      "host_id": 0,
      "cpu_speed_mips": 1037,
      "memory_mb": 38912,
      "cpu_cores": 40,
      "disk_mb": 1024,
      "bandwidth_mbps": 50,
      "vmm": "Xen"
    },
    {
      "id": 8,
      "host_id": 3,
      "cpu_speed_mips": 2663,
      "memory_mb": 79872,
      "cpu_cores": 16,
      "disk_mb": 1024,
      "bandwidth_mbps": 50,
      "vmm": "Xen"
    },
    {
      "id": 9,
      "host_id": 2,
      "cpu_speed_mips": 2546,
      "memory_mb": 82944,
      "cpu_cores": 16,
      "disk_mb": 1024,
      "bandwidth_mbps": 50,
      "vmm": "Xen"
    },
    {
      "id": 10,
      "host_id": 1,
      "cpu_speed_mips": 2996,
      "memory_mb": 81920,
      "cpu_cores": 56,
      "disk_mb": 1024,
      "bandwidth_mbps": 50,
      "vmm": "Xen"
    },
    {
      "id": 11,
      "host_id": 0,
      "cpu_speed_mips": 599,
      "memory_mb": 84992,
      "cpu_cores": 40,
      "disk_mb": 1024,
      "bandwidth_mbps": 50,
      "vmm": "Xen"
    }
  ],
  "hosts": [
    {
      "id": 0,
      "cores": 40,
      "cpu_speed_mips": 512000,
      "power_idle_watt": 85,
      "power_peak_watt": 450,
      "memory_mb": 131072,
      "disk_mb": 12000000,
      "bandwidth_mbps": 2048
    },
    {
      "id": 1,
      "cores": 56,
      "cpu_speed_mips": 604800,
      "power_idle_watt": 50,
      "power_peak_watt": 432,
      "memory_mb": 167936,
      "disk_mb": 10000000,
      "bandwidth_mbps": 1536
    },
    {
      "id": 2,
      "cores": 16,
      "cpu_speed_mips": 187712,
      "power_idle_watt": 116,
      "power_peak_watt": 475,
      "memory_mb": 49152,
      "disk_mb": 10000000,
      "bandwidth_mbps": 1024
    },
    {
      "id": 3,
      "cores": 16,
      "cpu_speed_mips": 187712,
      "power_idle_watt": 116,
      "power_peak_watt": 475,
      "memory_mb": 49152,
      "disk_mb": 10000000,
      "bandwidth_mbps": 1024
    }
  ]
}