{
  "workflows": [
    {
      "id": 0,
      "tasks": [
        {
          "id": 0,
          "workflow_id": 0,
          "length": 39412,
          "req_memory_mb": 31744,
          "req_cpu_cores": 10,
          "child_ids": [
            1,
            2,
            3,
            4,
            5,
            6,
            7,
            8,
            9,
            12,
            13,
            14,
            15,
            16,
            18,
            19,
            20,
            21,
            23,
            24,
            27
          ]
        },
        {
          "id": 1,
          "workflow_id": 0,
          "length": 47246,
          "req_memory_mb": 54272,
          "req_cpu_cores": 7,
          "child_ids": []
        },
        {
          "id": 2,
          "workflow_id": 0,
          "length": 34673,
          "req_memory_mb": 55296,
          "req_cpu_cores": 7,
          "child_ids": []
        },
        {
          "id": 3,
          "workflow_id": 0,
          "length": 60354,
          "req_memory_mb": 82944,
          "req_cpu_cores": 35,
          "child_ids": []
        },
        {
          "id": 4,
          "workflow_id": 0,
          "length": 60574,
          "req_memory_mb": 89088,
          "req_cpu_cores": 10,
          "child_ids": []
        },
        {
          "id": 5,
          "workflow_id": 0,
          "length": 33279,
          "req_memory_mb": 14336,
          "req_cpu_cores": 30,
          "child_ids": [
            17
          ]
        },
        {
          "id": 6,
          "workflow_id": 0,
          "length": 59974,
          "req_memory_mb": 68608,
          "req_cpu_cores": 12,
          "child_ids": [
            10
          ]
        },
        {
          "id": 7,
          "workflow_id": 0,
          "length": 25700,
          "req_memory_mb": 10240,
          "req_cpu_cores": 22,
          "child_ids": []
        },
        {
          "id": 8,
          "workflow_id": 0,
          "length": 67856,
          "req_memory_mb": 48128,
          "req_cpu_cores": 7,
          "child_ids": [
            11
          ]
        },
        {
          "id": 9,
          "workflow_id": 0,
          "length": 41291,
          "req_memory_mb": 10240,
          "req_cpu_cores": 2,
          "child_ids": []
        },
        {
          "id": 10,
          "workflow_id": 0,
          "length": 59049,
          "req_memory_mb": 79872,
          "req_cpu_cores": 2,
          "child_ids": [
            25
          ]
        },
        {
          "id": 11,
          "workflow_id": 0,
          "length": 41801,
          "req_memory_mb": 6144,
          "req_cpu_cores": 15,
          "child_ids": []
        },
        {
          "id": 12,
          "workflow_id": 0,
          "length": 80880,
          "req_memory_mb": 52224,
          "req_cpu_cores": 7,
          "child_ids": [
            22
          ]
        },
        {
          "id": 13,
          "workflow_id": 0,
          "length": 48019,
          "req_memory_mb": 27648,
          "req_cpu_cores": 22,
          "child_ids": []
        },
        {
          "id": 14,
          "workflow_id": 0,
          "length": 65984,
          "req_memory_mb": 76800,
          "req_cpu_cores": 7,
          "child_ids": [
            26
          ]
        },
        {
          "id": 15,
          "workflow_id": 0,
          "length": 46981,
          "req_memory_mb": 61440,
          "req_cpu_cores": 30,
          "child_ids": [
            22
          ]
        },
        {
          "id": 16,
          "workflow_id": 0,
          "length": 38313,
          "req_memory_mb": 60416,
          "req_cpu_cores": 17,
          "child_ids": []
        },
        {
          "id": 17,
          "workflow_id": 0,
          "length": 52907,
          "req_memory_mb": 43008,
          "req_cpu_cores": 35,
          "child_ids": []
        },
        {
          "id": 18,
          "workflow_id": 0,
          "length": 13935,
          "req_memory_mb": 49152,
          "req_cpu_cores": 2,
          "child_ids": []
        },
        {
          "id": 19,
          "workflow_id": 0,
          "length": 27749,
          "req_memory_mb": 8192,
          "req_cpu_cores": 32,
          "child_ids": [
            22
          ]
        },
        {
          "id": 20,
          "workflow_id": 0,
          "length": 70356,
          "req_memory_mb": 79872,
          "req_cpu_cores": 12,
          "child_ids": []
        },
        {
          "id": 21,
          "workflow_id": 0,
          "length": 73764,
          "req_memory_mb": 54272,
          "req_cpu_cores": 35,
          "child_ids": []
        },
        {
          "id": 22,
          "workflow_id": 0,
          "length": 21000,
          "req_memory_mb": 2048,
          "req_cpu_cores": 15,
          "child_ids": [
            26
          ]
        },
        {
          "id": 23,
          "workflow_id": 0,
          "length": 50220,
          "req_memory_mb": 48128,
          "req_cpu_cores": 35,
          "child_ids": []
        },
        {
          "id": 24,
          "workflow_id": 0,
          "length": 41873,
          "req_memory_mb": 23552,
          "req_cpu_cores": 17,
          "child_ids": []
        },
        {
          "id": 25,
          "workflow_id": 0,
          "length": 18353,
          "req_memory_mb": 32768,
          "req_cpu_cores": 12,
          "child_ids": []
        },
        {
          "id": 26,
          "workflow_id": 0,
          "length": 74334,
          "req_memory_mb": 50176,
          "req_cpu_cores": 10,
          "child_ids": []
        },
        {
          "id": 27,
          "workflow_id": 0,
          "length": 66748,
          "req_memory_mb": 34816,
          "req_cpu_cores": 22,
          "child_ids": []
        }
      ],
      "arrival_time": 0
    }
  ],
  "vms": [
    {
      "id": 0,
      "host_id": 3,
      "cpu_speed_mips": 1533,
      "memory_mb": 106496,
      "cpu_cores": 16,
      "disk_mb": 1024,
      "bandwidth_mbps": 50,
      "vmm": "Xen"
    },
    {
      "id": 1,
      "host_id": 2,
      "cpu_speed_mips": 4873,
      "memory_mb": 86016,
      "cpu_cores": 16,
      "disk_mb": 1024,
      "bandwidth_mbps": 50,
      "vmm": "Xen"
    },
    {
      "id": 2,
      "host_id": 1,
      "cpu_speed_mips": 3968,
      "memory_mb": 117760,
      "cpu_cores": 56,
      "disk_mb": 1024,
      "bandwidth_mbps": 50,
      "vmm": "Xen"
    },
    {
      "id": 3,
      "host_id": 0,
      "cpu_speed_mips": 1205,
      "memory_mb": 60416,
      "cpu_cores": 40,
      "disk_mb": 1024,
      "bandwidth_mbps": 50,
      "vmm": "Xen"
    },
    {
      "id": 4,
      "host_id": 3,
      "cpu_speed_mips": 3099,
      "memory_mb": 105472,
      "cpu_cores": 16,
      "disk_mb": 1024,
      "bandwidth_mbps": 50,
      "vmm": "Xen"
    },
    {
      "id": 5,
      "host_id": 2,
      "cpu_speed_mips": 2722,
      "memory_mb": 90112,
      "cpu_cores": 16,
      "disk_mb": 1024,
      "bandwidth_mbps": 50,
      "vmm": "Xen"
    },
    {
      "id": 6,
      "host_id": 1,
      "cpu_speed_mips": 3397,
      "memory_mb": 91136,
      "cpu_cores": 56,
      "disk_mb": 1024,
      "bandwidth_mbps": 50,
      "vmm": "Xen"
    },
    {
      "id": 7,
      "host_id": 0,
      "cpu_speed_mips": 1037,
      "memory_mb": 38912,
      "cpu_cores": 40,
      "disk_mb": 1024,
      "bandwidth_mbps": 50,
      "vmm": "Xen"
    },
    {
      "id": 8,
      "host_id": 3,
      "cpu_speed_mips": 2663,
      "memory_mb": 79872,
      "cpu_cores": 16,
      "disk_mb": 1024,
      "bandwidth_mbps": 50,
      "vmm": "Xen"
    },
    {
      "id": 9,
      "host_id": 2,
      "cpu_speed_mips": 2546,
      "memory_mb": 82944,
      "cpu_cores": 16,
      "disk_mb": 1024,
      "bandwidth_mbps": 50,
      "vmm": "Xen"
    },
    {
      "id": 10,
      "host_id": 1,
      "cpu_speed_mips": 2996,
      "memory_mb": 81920,
      "cpu_cores": 56,
      "disk_mb": 1024,
      "bandwidth_mbps": 50,
      "vmm": "Xen"
    },
    {
      "id": 11,
      "host_id": 0,
      "cpu_speed_mips": 599,
      "memory_mb": 84992,
      "cpu_cores": 40,
      "disk_mb": 1024,
      "bandwidth_mbps": 50,
      "vmm": "Xen"
    }
  ],
  "hosts": [
    {
      "id": 0,
      "cores": 40,
      "cpu_speed_mips": 512000,
      "power_idle_watt": 85,
      "power_peak_watt": 450,
      "memory_mb": 131072,
      "disk_mb": 12000000,
      "bandwidth_mbps": 2048
    },
    {
      "id": 1,
      "cores": 56,
      "cpu_speed_mips": 604800,
      "power_idle_watt": 50,
      "power_peak_watt": 432,
      "memory_mb": 167936,
      "disk_mb": 10000000,
      "bandwidth_mbps": 1536
    },
    {
      "id": 2,
      "cores": 16,
      "cpu_speed_mips": 187712,
      "power_idle_watt": 116,
      "power_peak_watt": 475,
      "memory_mb": 49152,
      "disk_mb": 10000000,
      "bandwidth_mbps": 1024
    },
    {
      "id": 3,
      "cores": 16,
      "cpu_speed_mips": 187712,
      "power_idle_watt": 116,
      "power_peak_watt": 475,
      "memory_mb": 49152,
      "disk_mb": 10000000,
      "bandwidth_mbps": 1024
    }
  ]
}