{
  "workflows": [
    {
      "id": 0,
      "tasks": [
        {
          "id": 0,
          "workflow_id": 0,
          "length": 82209,
          "req_memory_mb": 23552,
          "req_cpu_cores": 23,
          "child_ids": [
            1,
            2,
            3,
            4,
            5,
            6,
            10,
            11,
            14,
            15,
            16,
            17,
            18,
            19,
            23,
            24,
            25,
            27
          ]
        },
        {
          "id": 1,
          "workflow_id": 0,
          "length": 63953,
          "req_memory_mb": 54272,
          "req_cpu_cores": 25,
          "child_ids": [
            12,
            7
          ]
        },
        {
          "id": 2,
          "workflow_id": 0,
          "length": 32324,
          "req_memory_mb": 82944,
          "req_cpu_cores": 29,
          "child_ids": []
        },
        {
          "id": 3,
          "workflow_id": 0,
          "length": 33871,
          "req_memory_mb": 20480,
          "req_cpu_cores": 15,
          "child_ids": []
        },
        {
          "id": 4,
          "workflow_id": 0,
          "length": 60800,
          "req_memory_mb": 33792,
          "req_cpu_cores": 23,
          "child_ids": []
        },
        {
          "id": 5,
          "workflow_id": 0,
          "length": 33438,
          "req_memory_mb": 40960,
          "req_cpu_cores": 23,
          "child_ids": [
            9,
            12
          ]
        },
        {
          "id": 6,
          "workflow_id": 0,
          "length": 80012,
          "req_memory_mb": 97280,
          "req_cpu_cores": 23,
          "child_ids": [
            21
          ]
        },
        {
          "id": 7,
          "workflow_id": 0,
          "length": 52155,
          "req_memory_mb": 45056,
          "req_cpu_cores": 10,
          "child_ids": [
            8,
            12,
            13
          ]
        },
        {
          "id": 8,
          "workflow_id": 0,
          "length": 50277,
          "req_memory_mb": 101376,
          "req_cpu_cores": 10,
          "child_ids": []
        },
        {
          "id": 9,
          "workflow_id": 0,
          "length": 75044,
          "req_memory_mb": 4096,
          "req_cpu_cores": 29,
          "child_ids": []
        },
        {
          "id": 10,
          "workflow_id": 0,
          "length": 88617,
          "req_memory_mb": 97280,
          "req_cpu_cores": 13,
          "child_ids": []
        },
        {
          "id": 11,
          "workflow_id": 0,
          "length": 46451,
          "req_memory_mb": 93184,
          "req_cpu_cores": 13,
          "child_ids": []
        },
        {
          "id": 12,
          "workflow_id": 0,
          "length": 77317,
          "req_memory_mb": 53248,
          "req_cpu_cores": 29,
          "child_ids": []
        },
        {
          "id": 13,
          "workflow_id": 0,
          "length": 71352,
          "req_memory_mb": 18432,
          "req_cpu_cores": 4,
          "child_ids": []
        },
        {
          "id": 14,
          "workflow_id": 0,
          "length": 57521,
          "req_memory_mb": 52224,
          "req_cpu_cores": 19,
          "child_ids": []
        },
        {
          "id": 15,
          "workflow_id": 0,
          "length": 48223,
          "req_memory_mb": 32768,
          "req_cpu_cores": 8,
          "child_ids": [
            21
          ]
        },
        {
          "id": 16,
          "workflow_id": 0,
          "length": 48423,
          "req_memory_mb": 70656,
          "req_cpu_cores": 27,
          "child_ids": []
        },
        {
          "id": 17,
          "workflow_id": 0,
          "length": 60058,
          "req_memory_mb": 12288,
          "req_cpu_cores": 25,
          "child_ids": []
        },
        {
          "id": 18,
          "workflow_id": 0,
          "length": 44339,
          "req_memory_mb": 92160,
          "req_cpu_cores": 6,
          "child_ids": [
            22
          ]
        },
        {
          "id": 19,
          "workflow_id": 0,
          "length": 25347,
          "req_memory_mb": 62464,
          "req_cpu_cores": 15,
          "child_ids": [
            20
          ]
        },
        {
          "id": 20,
          "workflow_id": 0,
          "length": 43406,
          "req_memory_mb": 102400,
          "req_cpu_cores": 21,
          "child_ids": []
        },
        {
          "id": 21,
          "workflow_id": 0,
          "length": 46489,
          "req_memory_mb": 93184,
          "req_cpu_cores": 15,
          "child_ids": []
        },
        {
          "id": 22,
          "workflow_id": 0,
          "length": 46902,
          "req_memory_mb": 5120,
          "req_cpu_cores": 23,
          "child_ids": []
        },
        {
          "id": 23,
          "workflow_id": 0,
          "length": 16510,
          "req_memory_mb": 16384,
          "req_cpu_cores": 29,
          "child_ids": [
            26
          ]
        },
        {
          "id": 24,
          "workflow_id": 0,
          "length": 56813,
          "req_memory_mb": 29696,
          "req_cpu_cores": 29,
          "child_ids": []
        },
        {
          "id": 25,
          "workflow_id": 0,
          "length": 47674,
          "req_memory_mb": 47104,
          "req_cpu_cores": 10,
          "child_ids": []
        },
        {
          "id": 26,
          "workflow_id": 0,
          "length": 17000,
          "req_memory_mb": 30720,
          "req_cpu_cores": 29,
          "child_ids": []
        },
        {
          "id": 27,
          "workflow_id": 0,
          "length": 35490,
          "req_memory_mb": 50176,
          "req_cpu_cores": 23,
          "child_ids": []
        }
      ],
      "arrival_time": 0
    }
  ],
  "vms": [
    {
      "id": 0,
      "host_id": 3,
      "cpu_speed_mips": 1533,
      "memory_mb": 106496,
      "cpu_cores": 16,
      "disk_mb": 1024,
      "bandwidth_mbps": 50,
      "vmm": "Xen"
    },
    {
      "id": 1,
      "host_id": 2,
      "cpu_speed_mips": 4873,
      "memory_mb": 86016,
      "cpu_cores": 16,
      "disk_mb": 1024,
      "bandwidth_mbps": 50,
      "vmm": "Xen"
    },
    {
      "id": 2,
      "host_id": 1,
      "cpu_speed_mips": 3968,
      "memory_mb": 117760,
      "cpu_cores": 56,
      "disk_mb": 1024,
      "bandwidth_mbps": 50,
      "vmm": "Xen"
    },
    {
      "id": 3,
      "host_id": 0,
      "cpu_speed_mips": 1205,
      "memory_mb": 60416,
      "cpu_cores": 40,
      "disk_mb": 1024,
      "bandwidth_mbps": 50,
      "vmm": "Xen"
    },
    {
      "id": 4,
      "host_id": 3,
      "cpu_speed_mips": 3099,
      "memory_mb": 105472,
      "cpu_cores": 16,
      "disk_mb": 1024,
      "bandwidth_mbps": 50,
      "vmm": "Xen"
    },
    {
      "id": 5,
      "host_id": 2,
      "cpu_speed_mips": 2722,
      "memory_mb": 90112,
      "cpu_cores": 16,
      "disk_mb": 1024,
      "bandwidth_mbps": 50,
      "vmm": "Xen"
    },
    {
      "id": 6,
      "host_id": 1,
      "cpu_speed_mips": 3397,
      "memory_mb": 91136,
      "cpu_cores": 56,
      "disk_mb": 1024,
      "bandwidth_mbps": 50,
      "vmm": "Xen"
    },
    {
      "id": 7,
      "host_id": 0,
      "cpu_speed_mips": 1037,
      "memory_mb": 38912,
      "cpu_cores": 40,
      "disk_mb": 1024,
      "bandwidth_mbps": 50,
      "vmm": "Xen"
    },
    {
      "id": 8,
      "host_id": 3,
      "cpu_speed_mips": 2663,
      "memory_mb": 79872,
      "cpu_cores": 16,
      "disk_mb": 1024,
      "bandwidth_mbps": 50,
      "vmm": "Xen"
    },
    {
      "id": 9,
      "host_id": 2,
      "cpu_speed_mips": 2546,
      "memory_mb": 82944,
      "cpu_cores": 16,
      "disk_mb": 1024,
      "bandwidth_mbps": 50,
      "vmm": "Xen"
    },
    {
      "id": 10,
      "host_id": 1,
      "cpu_speed_mips": 2996,
      "memory_mb": 81920,
      "cpu_cores": 56,
      "disk_mb": 1024,
      "bandwidth_mbps": 50,
      "vmm": "Xen"
    },
    {
      "id": 11,
      "host_id": 0,
      "cpu_speed_mips": 599,
      "memory_mb": 84992,
      "cpu_cores": 40,
      "disk_mb": 1024,
      "bandwidth_mbps": 50,
      "vmm": "Xen"
    }
  ],
  "hosts": [
    {
      "id": 0,
      "cores": 40,
      "cpu_speed_mips": 512000,
      "power_idle_watt": 85,
      "power_peak_watt": 450,
      "memory_mb": 131072,
      "disk_mb": 12000000,
      "bandwidth_mbps": 2048
    },
    {
      "id": 1,
      "cores": 56,
      "cpu_speed_mips": 604800,
      "power_idle_watt": 50,
      "power_peak_watt": 432,
      "memory_mb": 167936,
      "disk_mb": 10000000,
      "bandwidth_mbps": 1536
    },
    {
      "id": 2,
      "cores": 16,
      "cpu_speed_mips": 187712,
      "power_idle_watt": 116,
      "power_peak_watt": 475,
      "memory_mb": 49152,
      "disk_mb": 10000000,
      "bandwidth_mbps": 1024
    },
    {
      "id": 3,
      "cores": 16,
      "cpu_speed_mips": 187712,
      "power_idle_watt": 116,
      "power_peak_watt": 475,
      "memory_mb": 49152,
      "disk_mb": 10000000,
      "bandwidth_mbps": 1024
    }
  ]
}