{
  "workflows": [
    {
      "id": 0,
      "tasks": [
        {
          "id": 0,
          "workflow_id": 0,
          "length": 41641,
          "req_memory_mb": 48128,
          "req_cpu_cores": 9,
          "child_ids": [
            1,
            2,
            3,
            4,
            5,
            6,
            7,
            9,
            10,
            12,
            13,
            17,
            19,
            21,
            22,
            23,
            24,
            25
          ]
        },
        {
          "id": 1,
          "workflow_id": 0,
          "length": 42715,
          "req_memory_mb": 5120,
          "req_cpu_cores": 5,
          "child_ids": [
            16,
            27
          ]
        },
        {
          "id": 2,
          "workflow_id": 0,
          "length": 73982,
          "req_memory_mb": 67584,
          "req_cpu_cores": 14,
          "child_ids": []
        },
        {
          "id": 3,
          "workflow_id": 0,
          "length": 74869,
          "req_memory_mb": 72704,
          "req_cpu_cores": 30,
          "child_ids": []
        },
        {
          "id": 4,
          "workflow_id": 0,
          "length": 63228,
          "req_memory_mb": 48128,
          "req_cpu_cores": 19,
          "child_ids": [
            15
          ]
        },
        {
          "id": 5,
          "workflow_id": 0,
          "length": 49917,
          "req_memory_mb": 65536,
          "req_cpu_cores": 5,
          "child_ids": [
            11
          ]
        },
        {
          "id": 6,
          "workflow_id": 0,
          "length": 34546,
          "req_memory_mb": 59392,
          "req_cpu_cores": 16,
          "child_ids": []
        },
        {
          "id": 7,
          "workflow_id": 0,
          "length": 64896,
          "req_memory_mb": 17408,
          "req_cpu_cores": 7,
          "child_ids": [
            8,
            18,
            28
          ]
        },
        {
          "id": 8,
          "workflow_id": 0,
          "length": 40766,
          "req_memory_mb": 37888,
          "req_cpu_cores": 23,
          "child_ids": [
            16
          ]
        },
        {
          "id": 9,
          "workflow_id": 0,
          "length": 39453,
          "req_memory_mb": 1024,
          "req_cpu_cores": 23,
          "child_ids": []
        },
        {
          "id": 10,
          "workflow_id": 0,
          "length": 67166,
          "req_memory_mb": 63488,
          "req_cpu_cores": 21,
          "child_ids": [
            26
          ]
        },
        {
          "id": 11,
          "workflow_id": 0,
          "length": 39119,
          "req_memory_mb": 25600,
          "req_cpu_cores": 26,
          "child_ids": [
            26,
            29
          ]
        },
        {
          "id": 12,
          "workflow_id": 0,
          "length": 62450,
          "req_memory_mb": 64512,
          "req_cpu_cores": 7,
          "child_ids": []
        },
        {
          "id": 13,
          "workflow_id": 0,
          "length": 52973,
          "req_memory_mb": 70656,
          "req_cpu_cores": 26,
          "child_ids": [
            20,
            14
          ]
        },
        {
          "id": 14,
          "workflow_id": 0,
          "length": 35473,
          "req_memory_mb": 69632,
          "req_cpu_cores": 9,
          "child_ids": [
            16
          ]
        },
        {
          "id": 15,
          "workflow_id": 0,
          "length": 44383,
          "req_memory_mb": 75776,
          "req_cpu_cores": 5,
          "child_ids": []
        },
        {
          "id": 16,
          "workflow_id": 0,
          "length": 69969,
          "req_memory_mb": 61440,
          "req_cpu_cores": 32,
          "child_ids": [
            28
          ]
        },
        {
          "id": 17,
          "workflow_id": 0,
          "length": 45954,
          "req_memory_mb": 22528,
          "req_cpu_cores": 16,
          "child_ids": [
            29
          ]
        },
        {
          "id": 18,
          "workflow_id": 0,
          "length": 80503,
          "req_memory_mb": 10240,
          "req_cpu_cores": 23,
          "child_ids": []
        },
        {
          "id": 19,
          "workflow_id": 0,
          "length": 28937,
          "req_memory_mb": 74752,
          "req_cpu_cores": 32,
          "child_ids": []
        },
        {
          "id": 20,
          "workflow_id": 0,
          "length": 91589,
          "req_memory_mb": 49152,
          "req_cpu_cores": 19,
          "child_ids": []
        },
        {
          "id": 21,
          "workflow_id": 0,
          "length": 40851,
          "req_memory_mb": 3072,
          "req_cpu_cores": 21,
          "child_ids": []
        },
        {
          "id": 22,
          "workflow_id": 0,
          "length": 22827,
          "req_memory_mb": 44032,
          "req_cpu_cores": 26,
          "child_ids": []
        },
        {
          "id": 23,
          "workflow_id": 0,
          "length": 77277,
          "req_memory_mb": 53248,
          "req_cpu_cores": 28,
          "child_ids": []
        },
        {
          "id": 24,
          "workflow_id": 0,
          "length": 42842,
          "req_memory_mb": 25600,
          "req_cpu_cores": 23,
          "child_ids": []
        },
        {
          "id": 25,
          "workflow_id": 0,
          "length": 67660,
          "req_memory_mb": 74752,
          "req_cpu_cores": 7,
          "child_ids": []
        },
        {
          "id": 26,
          "workflow_id": 0,
          "length": 62158,
          "req_memory_mb": 57344,
          "req_cpu_cores": 19,
          "child_ids": []
        },
        {
          "id": 27,
          "workflow_id": 0,
          "length": 60089,
          "req_memory_mb": 57344,
          "req_cpu_cores": 30,
          "child_ids": []
        },
        {
          "id": 28,
          "workflow_id": 0,
          "length": 58454,
          "req_memory_mb": 65536,
          "req_cpu_cores": 9,
          "child_ids": []
        },
        {
          "id": 29,
          "workflow_id": 0,
          "length": 33778,
          "req_memory_mb": 63488,
          "req_cpu_cores": 16,
          "child_ids": []
        }
      ],
      "arrival_time": 0
    }
  ],
  "vms": [
    {
      "id": 0,
      "host_id": 3,
      "cpu_speed_mips": 1533,
      "memory_mb": 106496,
      "cpu_cores": 16,
      "disk_mb": 1024,
      "bandwidth_mbps": 50,
      "vmm": "Xen"
    },
    {
      "id": 1,
      "host_id": 2,
      "cpu_speed_mips": 4873,
      "memory_mb": 86016,
      "cpu_cores": 16,
      "disk_mb": 1024,
      "bandwidth_mbps": 50,
      "vmm": "Xen"
    },
    {
      "id": 2,
      "host_id": 1,
      "cpu_speed_mips": 3968,
      "memory_mb": 117760,
      "cpu_cores": 56,
      "disk_mb": 1024,
      "bandwidth_mbps": 50,
      "vmm": "Xen"
    },
    {
      "id": 3,
      "host_id": 0,
      "cpu_speed_mips": 1205,
      "memory_mb": 60416,
      "cpu_cores": 40,
      "disk_mb": 1024,
      "bandwidth_mbps": 50,
      "vmm": "Xen"
    },
    {
      "id": 4,
      "host_id": 3,
      "cpu_speed_mips": 3099,
      "memory_mb": 105472,
      "cpu_cores": 16,
      "disk_mb": 1024,
      "bandwidth_mbps": 50,
      "vmm": "Xen"
    },
    {
      "id": 5,
      "host_id": 2,
      "cpu_speed_mips": 2722,
      "memory_mb": 90112,
      "cpu_cores": 16,
      "disk_mb": 1024,
      "bandwidth_mbps": 50,
      "vmm": "Xen"
    },
    {
      "id": 6,
      "host_id": 1,
      "cpu_speed_mips": 3397,
      "memory_mb": 91136,
      "cpu_cores": 56,
      "disk_mb": 1024,
      "bandwidth_mbps": 50,
      "vmm": "Xen"
    },
    {
      "id": 7,
      "host_id": 0,
      "cpu_speed_mips": 1037,
      "memory_mb": 38912,
      "cpu_cores": 40,
      "disk_mb": 1024,
      "bandwidth_mbps": 50,
      "vmm": "Xen"
    },
    {
      "id": 8,
      "host_id": 3,
      "cpu_speed_mips": 2663,
      "memory_mb": 79872,
      "cpu_cores": 16,
      "disk_mb": 1024,
      "bandwidth_mbps": 50,
      "vmm": "Xen"
    },
    {
      "id": 9,
      "host_id": 2,
      "cpu_speed_mips": 2546,
      "memory_mb": 82944,
      "cpu_cores": 16,
      "disk_mb": 1024,
      "bandwidth_mbps": 50,
      "vmm": "Xen"
    },
    {
      "id": 10,
      "host_id": 1,
      "cpu_speed_mips": 2996,
      "memory_mb": 81920,
      "cpu_cores": 56,
      "disk_mb": 1024,
      "bandwidth_mbps": 50,
      "vmm": "Xen"
    },
    {
      "id": 11,
      "host_id": 0,
      "cpu_speed_mips": 599,
      "memory_mb": 84992,
      "cpu_cores": 40,
      "disk_mb": 1024,
      "bandwidth_mbps": 50,
      "vmm": "Xen"
    }
  ],
  "hosts": [
    {
      "id": 0,
      "cores": 40,
      "cpu_speed_mips": 512000,
      "power_idle_watt": 85,
      "power_peak_watt": 450,
      "memory_mb": 131072,
      "disk_mb": 12000000,
      "bandwidth_mbps": 2048
    },
    {
      "id": 1,
      "cores": 56,
      "cpu_speed_mips": 604800,
      "power_idle_watt": 50,
      "power_peak_watt": 432,
      "memory_mb": 167936,
      "disk_mb": 10000000,
      "bandwidth_mbps": 1536
    },
    {
      "id": 2,
      "cores": 16,
      "cpu_speed_mips": 187712,
      "power_idle_watt": 116,
      "power_peak_watt": 475,
      "memory_mb": 49152,
      "disk_mb": 10000000,
      "bandwidth_mbps": 1024
    },
    {
      "id": 3,
      "cores": 16,
      "cpu_speed_mips": 187712,
      "power_idle_watt": 116,
      "power_peak_watt": 475,
      "memory_mb": 49152,
      "disk_mb": 10000000,
      "bandwidth_mbps": 1024
    }
  ]
}