{
  "workflows": [
    {
      "id": 0,
      "tasks": [
        {
          "id": 0,
          "workflow_id": 0,
          "length": 52054,
          "req_memory_mb": 96256,
          "req_cpu_cores": 14,
          "child_ids": [
            1,
            2,
            3,
            4,
            5,
            6,
            7,
            8,
            9,
            10,
            11,
            12,
            13,
            15,
            16,
            18,
            20,
            21,
            23,
            24,
            27
          ]
        },
        {
          "id": 1,
          "workflow_id": 0,
          "length": 14624,
          "req_memory_mb": 95232,
          "req_cpu_cores": 4,
          "child_ids": []
        },
        {
          "id": 2,
          "workflow_id": 0,
          "length": 58275,
          "req_memory_mb": 39936,
          "req_cpu_cores": 26,
          "child_ids": [
            26
          ]
        },
        {
          "id": 3,
          "workflow_id": 0,
          "length": 15847,
          "req_memory_mb": 20480,
          "req_cpu_cores": 18,
          "child_ids": [
            25,
            22
          ]
        },
        {
          "id": 4,
          "workflow_id": 0,
          "length": 10063,
          "req_memory_mb": 2048,
          "req_cpu_cores": 20,
          "child_ids": []
        },
        {
          "id": 5,
          "workflow_id": 0,
          "length": 52875,
          "req_memory_mb": 90112,
          "req_cpu_cores": 8,
          "child_ids": []
        },
        {
          "id": 6,
          "workflow_id": 0,
          "length": 51717,
          "req_memory_mb": 53248,
          "req_cpu_cores": 14,
          "child_ids": []
        },
        {
          "id": 7,
          "workflow_id": 0,
          "length": 57545,
          "req_memory_mb": 64512,
          "req_cpu_cores": 20,
          "child_ids": [
            17
          ]
        },
        {
          "id": 8,
          "workflow_id": 0,
          "length": 76427,
          "req_memory_mb": 22528,
          "req_cpu_cores": 22,
          "child_ids": [
            17,
            26
          ]
        },
        {
          "id": 9,
          "workflow_id": 0,
          "length": 30153,
          "req_memory_mb": 9216,
          "req_cpu_cores": 16,
          "child_ids": []
        },
        {
          "id": 10,
          "workflow_id": 0,
          "length": 72392,
          "req_memory_mb": 48128,
          "req_cpu_cores": 22,
          "child_ids": []
        },
        {
          "id": 11,
          "workflow_id": 0,
          "length": 58915,
          "req_memory_mb": 88064,
          "req_cpu_cores": 14,
          "child_ids": [
            14
          ]
        },
        {
          "id": 12,
          "workflow_id": 0,
          "length": 29189,
          "req_memory_mb": 38912,
          "req_cpu_cores": 2,
          "child_ids": []
        },
        {
          "id": 13,
          "workflow_id": 0,
          "length": 61650,
          "req_memory_mb": 27648,
          "req_cpu_cores": 8,
          "child_ids": []
        },
        {
          "id": 14,
          "workflow_id": 0,
          "length": 57840,
          "req_memory_mb": 50176,
          "req_cpu_cores": 26,
          "child_ids": []
        },
        {
          "id": 15,
          "workflow_id": 0,
          "length": 22314,
          "req_memory_mb": 3072,
          "req_cpu_cores": 14,
          "child_ids": []
        },
        {
          "id": 16,
          "workflow_id": 0,
          "length": 59162,
          "req_memory_mb": 65536,
          "req_cpu_cores": 4,
          "child_ids": []
        },
        {
          "id": 17,
          "workflow_id": 0,
          "length": 66899,
          "req_memory_mb": 31744,
          "req_cpu_cores": 12,
          "child_ids": []
        },
        {
          "id": 18,
          "workflow_id": 0,
          "length": 27494,
          "req_memory_mb": 21504,
          "req_cpu_cores": 10,
          "child_ids": [
            19
          ]
        },
        {
          "id": 19,
          "workflow_id": 0,
          "length": 39240,
          "req_memory_mb": 11264,
          "req_cpu_cores": 20,
          "child_ids": []
        },
        {
          "id": 20,
          "workflow_id": 0,
          "length": 22107,
          "req_memory_mb": 10240,
          "req_cpu_cores": 26,
          "child_ids": []
        },
        {
          "id": 21,
          "workflow_id": 0,
          "length": 48096,
          "req_memory_mb": 84992,
          "req_cpu_cores": 14,
          "child_ids": []
        },
        {
          "id": 22,
          "workflow_id": 0,
          "length": 72828,
          "req_memory_mb": 98304,
          "req_cpu_cores": 26,
          "child_ids": []
        },
        {
          "id": 23,
          "workflow_id": 0,
          "length": 64745,
          "req_memory_mb": 30720,
          "req_cpu_cores": 22,
          "child_ids": []
        },
        {
          "id": 24,
          "workflow_id": 0,
          "length": 35158,
          "req_memory_mb": 43008,
          "req_cpu_cores": 16,
          "child_ids": []
        },
        {
          "id": 25,
          "workflow_id": 0,
          "length": 50561,
          "req_memory_mb": 27648,
          "req_cpu_cores": 28,
          "child_ids": []
        },
        {
          "id": 26,
          "workflow_id": 0,
          "length": 65771,
          "req_memory_mb": 39936,
          "req_cpu_cores": 16,
          "child_ids": []
        },
        {
          "id": 27,
          "workflow_id": 0,
          "length": 70995,
          "req_memory_mb": 49152,
          "req_cpu_cores": 28,
          "child_ids": []
        }
      ],
      "arrival_time": 0
    }
  ],
  "vms": [
    {
      "id": 0,
      "host_id": 3,
      "cpu_speed_mips": 1533,
      "memory_mb": 106496,
      "cpu_cores": 16,
      "disk_mb": 1024,
      "bandwidth_mbps": 50,
      "vmm": "Xen"
    },
    {
      "id": 1,
      "host_id": 2,
      "cpu_speed_mips": 4873,
      "memory_mb": 86016,
      "cpu_cores": 16,
      "disk_mb": 1024,
      "bandwidth_mbps": 50,
      "vmm": "Xen"
    },
    {
      "id": 2,
      "host_id": 1,
      "cpu_speed_mips": 3968,
      "memory_mb": 117760,
      "cpu_cores": 56,
      "disk_mb": 1024,
      "bandwidth_mbps": 50,
      "vmm": "Xen"
    },
    {
      "id": 3,
      "host_id": 0,
      "cpu_speed_mips": 1205,
      "memory_mb": 60416,
      "cpu_cores": 40,
      "disk_mb": 1024,
      "bandwidth_mbps": 50,
      "vmm": "Xen"
    },
    {
      "id": 4,
      "host_id": 3,
      "cpu_speed_mips": 3099,
      "memory_mb": 105472,
      "cpu_cores": 16,
      "disk_mb": 1024,
      "bandwidth_mbps": 50,
      "vmm": "Xen"
    },
    {
      "id": 5,
      "host_id": 2,
      "cpu_speed_mips": 2722,
      "memory_mb": 90112,
      "cpu_cores": 16,
      "disk_mb": 1024,
      "bandwidth_mbps": 50,
      "vmm": "Xen"
    },
    {
      "id": 6,
      "host_id": 1,
      "cpu_speed_mips": 3397,
      "memory_mb": 91136,
      "cpu_cores": 56,
      "disk_mb": 1024,
      "bandwidth_mbps": 50,
      "vmm": "Xen"
    },
    {
      "id": 7,
      "host_id": 0,
      "cpu_speed_mips": 1037,
      "memory_mb": 38912,
      "cpu_cores": 40,
      "disk_mb": 1024,
      "bandwidth_mbps": 50,
      "vmm": "Xen"
    },
    {
      "id": 8,
      "host_id": 3,
      "cpu_speed_mips": 2663,
      "memory_mb": 79872,
      "cpu_cores": 16,
      "disk_mb": 1024,
      "bandwidth_mbps": 50,
      "vmm": "Xen"
    },
    {
      "id": 9,
      "host_id": 2,
      "cpu_speed_mips": 2546,
      "memory_mb": 82944,
      "cpu_cores": 16,
      "disk_mb": 1024,
      "bandwidth_mbps": 50,
      "vmm": "Xen"
    },
    {
      "id": 10,
      "host_id": 1,
      "cpu_speed_mips": 2996,
      "memory_mb": 81920,
      "cpu_cores": 56,
      "disk_mb": 1024,
      "bandwidth_mbps": 50,
      "vmm": "Xen"
    },
    {
      "id": 11,
      "host_id": 0,
      "cpu_speed_mips": 599,
      "memory_mb": 84992,
      "cpu_cores": 40,
      "disk_mb": 1024,
      "bandwidth_mbps": 50,
      "vmm": "Xen"
    }
  ],
  "hosts": [
    {
      "id": 0,
      "cores": 40,
      "cpu_speed_mips": 512000,
      "power_idle_watt": 85,
      "power_peak_watt": 450,
      "memory_mb": 131072,
      "disk_mb": 12000000,
      "bandwidth_mbps": 2048
    },
    {
      "id": 1,
      "cores": 56,
      "cpu_speed_mips": 604800,
      "power_idle_watt": 50,
      "power_peak_watt": 432,
      "memory_mb": 167936,
      "disk_mb": 10000000,
      "bandwidth_mbps": 1536
    },
    {
      "id": 2,
      "cores": 16,
      "cpu_speed_mips": 187712,
      "power_idle_watt": 116,
      "power_peak_watt": 475,
      "memory_mb": 49152,
      "disk_mb": 10000000,
      "bandwidth_mbps": 1024
    },
    {
      "id": 3,
      "cores": 16,
      "cpu_speed_mips": 187712,
      "power_idle_watt": 116,
      "power_peak_watt": 475,
      "memory_mb": 49152,
      "disk_mb": 10000000,
      "bandwidth_mbps": 1024
    }
  ]
}