{
  "workflows": [
    {
      "id": 0,
      "tasks": [
        {
          "id": 0,
          "workflow_id": 0,
          "length": 66687,
          "req_memory_mb": 82944,
          "req_cpu_cores": 12,
          "child_ids": [
            1,
            2,
            3,
            4,
            5,
            6,
            7,
            8,
            9,
            10,
            12,
            13,
            14,
            15,
            20,
            21,
            23,
            26
          ]
        },
        {
          "id": 1,
          "workflow_id": 0,
          "length": 49445,
          "req_memory_mb": 68608,
          "req_cpu_cores": 18,
          "child_ids": []
        },
        {
          "id": 2,
          "workflow_id": 0,
          "length": 39850,
          "req_memory_mb": 39936,
          "req_cpu_cores": 28,
          "child_ids": [
            22
          ]
        },
        {
          "id": 3,
          "workflow_id": 0,
          "length": 53850,
          "req_memory_mb": 6144,
          "req_cpu_cores": 20,
          "child_ids": [
            25,
            18
          ]
        },
        {
          "id": 4,
          "workflow_id": 0,
          "length": 59922,
          "req_memory_mb": 12288,
          "req_cpu_cores": 24,
          "child_ids": [
            19
          ]
        },
        {
          "id": 5,
          "workflow_id": 0,
          "length": 58079,
          "req_memory_mb": 37888,
          "req_cpu_cores": 28,
          "child_ids": [
            11
          ]
        },
        {
          "id": 6,
          "workflow_id": 0,
          "length": 32750,
          "req_memory_mb": 30720,
          "req_cpu_cores": 14,
          "child_ids": []
        },
        {
          "id": 7,
          "workflow_id": 0,
          "length": 27096,
          "req_memory_mb": 27648,
          "req_cpu_cores": 18,
          "child_ids": []
        },
        {
          "id": 8,
          "workflow_id": 0,
          "length": 28214,
          "req_memory_mb": 16384,
          "req_cpu_cores": 18,
          "child_ids": [
            24
          ]
        },
        {
          "id": 9,
          "workflow_id": 0,
          "length": 49047,
          "req_memory_mb": 71680,
          "req_cpu_cores": 28,
          "child_ids": []
        },
        {
          "id": 10,
          "workflow_id": 0,
          "length": 64468,
          "req_memory_mb": 59392,
          "req_cpu_cores": 20,
          "child_ids": []
        },
        {
          "id": 11,
          "workflow_id": 0,
          "length": 48123,
          "req_memory_mb": 37888,
          "req_cpu_cores": 8,
          "child_ids": [
            16
          ]
        },
        {
          "id": 12,
          "workflow_id": 0,
          "length": 34295,
          "req_memory_mb": 60416,
          "req_cpu_cores": 22,
          "child_ids": [
            27
          ]
        },
        {
          "id": 13,
          "workflow_id": 0,
          "length": 76952,
          "req_memory_mb": 18432,
          "req_cpu_cores": 18,
          "child_ids": []
        },
        {
          "id": 14,
          "workflow_id": 0,
          "length": 33475,
          "req_memory_mb": 30720,
          "req_cpu_cores": 12,
          "child_ids": [
            17
          ]
        },
        {
          "id": 15,
          "workflow_id": 0,
          "length": 36157,
          "req_memory_mb": 74752,
          "req_cpu_cores": 4,
          "child_ids": []
        },
        {
          "id": 16,
          "workflow_id": 0,
          "length": 54789,
          "req_memory_mb": 31744,
          "req_cpu_cores": 4,
          "child_ids": []
        },
        {
          "id": 17,
          "workflow_id": 0,
          "length": 43816,
          "req_memory_mb": 48128,
          "req_cpu_cores": 2,
          "child_ids": []
        },
        {
          "id": 18,
          "workflow_id": 0,
          "length": 50270,
          "req_memory_mb": 16384,
          "req_cpu_cores": 24,
          "child_ids": []
        },
        {
          "id": 19,
          "workflow_id": 0,
          "length": 61961,
          "req_memory_mb": 34816,
          "req_cpu_cores": 14,
          "child_ids": [
            22
          ]
        },
        {
          "id": 20,
          "workflow_id": 0,
          "length": 48489,
          "req_memory_mb": 52224,
          "req_cpu_cores": 10,
          "child_ids": []
        },
        {
          "id": 21,
          "workflow_id": 0,
          "length": 61250,
          "req_memory_mb": 69632,
          "req_cpu_cores": 28,
          "child_ids": [
            22
          ]
        },
        {
          "id": 22,
          "workflow_id": 0,
          "length": 49819,
          "req_memory_mb": 67584,
          "req_cpu_cores": 4,
          "child_ids": []
        },
        {
          "id": 23,
          "workflow_id": 0,
          "length": 61434,
          "req_memory_mb": 84992,
          "req_cpu_cores": 26,
          "child_ids": []
        },
        {
          "id": 24,
          "workflow_id": 0,
          "length": 50163,
          "req_memory_mb": 79872,
          "req_cpu_cores": 28,
          "child_ids": []
        },
        {
          "id": 25,
          "workflow_id": 0,
          "length": 75198,
          "req_memory_mb": 76800,
          "req_cpu_cores": 18,
          "child_ids": []
        },
        {
          "id": 26,
          "workflow_id": 0,
          "length": 57680,
          "req_memory_mb": 60416,
          "req_cpu_cores": 14,
          "child_ids": []
        },
        {
          "id": 27,
          "workflow_id": 0,
          "length": 54984,
          "req_memory_mb": 2048,
          "req_cpu_cores": 20,
          "child_ids": []
        }
      ],
      "arrival_time": 0
    }
  ],
  "vms": [
    {
      "id": 0,
      "host_id": 3,
      "cpu_speed_mips": 1533,
      "memory_mb": 106496,
      "cpu_cores": 16,
      "disk_mb": 1024,
      "bandwidth_mbps": 50,
      "vmm": "Xen"
    },
    {
      "id": 1,
      "host_id": 2,
      "cpu_speed_mips": 4873,
      "memory_mb": 86016,
      "cpu_cores": 16,
      "disk_mb": 1024,
      "bandwidth_mbps": 50,
      "vmm": "Xen"
    },
    {
      "id": 2,
      "host_id": 1,
      "cpu_speed_mips": 3968,
      "memory_mb": 117760,
      "cpu_cores": 56,
      "disk_mb": 1024,
      "bandwidth_mbps": 50,
      "vmm": "Xen"
    },
    {
      "id": 3,
      "host_id": 0,
      "cpu_speed_mips": 1205,
      "memory_mb": 60416,
      "cpu_cores": 40,
      "disk_mb": 1024,
      "bandwidth_mbps": 50,
      "vmm": "Xen"
    },
    {
      "id": 4,
      "host_id": 3,
      "cpu_speed_mips": 3099,
      "memory_mb": 105472,
      "cpu_cores": 16,
      "disk_mb": 1024,
      "bandwidth_mbps": 50,
      "vmm": "Xen"
    },
    {
      "id": 5,
      "host_id": 2,
      "cpu_speed_mips": 2722,
      "memory_mb": 90112,
      "cpu_cores": 16,
      "disk_mb": 1024,
      "bandwidth_mbps": 50,
      "vmm": "Xen"
    },
    {
      "id": 6,
      "host_id": 1,
      "cpu_speed_mips": 3397,
      "memory_mb": 91136,
      "cpu_cores": 56,
      "disk_mb": 1024,
      "bandwidth_mbps": 50,
      "vmm": "Xen"
    },
    {
      "id": 7,
      "host_id": 0,
      "cpu_speed_mips": 1037,
      "memory_mb": 38912,
      "cpu_cores": 40,
      "disk_mb": 1024,
      "bandwidth_mbps": 50,
      "vmm": "Xen"
    },
    {
      "id": 8,
      "host_id": 3,
      "cpu_speed_mips": 2663,
      "memory_mb": 79872,
      "cpu_cores": 16,
      "disk_mb": 1024,
      "bandwidth_mbps": 50,
      "vmm": "Xen"
    },
    {
      "id": 9,
      "host_id": 2,
      "cpu_speed_mips": 2546,
      "memory_mb": 82944,
      "cpu_cores": 16,
      "disk_mb": 1024,
      "bandwidth_mbps": 50,
      "vmm": "Xen"
    },
    {
      "id": 10,
      "host_id": 1,
      "cpu_speed_mips": 2996,
      "memory_mb": 81920,
      "cpu_cores": 56,
      "disk_mb": 1024,
      "bandwidth_mbps": 50,
      "vmm": "Xen"
    },
    {
      "id": 11,
      "host_id": 0,
      "cpu_speed_mips": 599,
      "memory_mb": 84992,
      "cpu_cores": 40,
      "disk_mb": 1024,
      "bandwidth_mbps": 50,
      "vmm": "Xen"
    }
  ],
  "hosts": [
    {
      "id": 0,
      "cores": 40,
      "cpu_speed_mips": 512000,
      "power_idle_watt": 85,
      "power_peak_watt": 450,
      "memory_mb": 131072,
      "disk_mb": 12000000,
      "bandwidth_mbps": 2048
    },
    {
      "id": 1,
      "cores": 56,
      "cpu_speed_mips": 604800,
      "power_idle_watt": 50,
      "power_peak_watt": 432,
      "memory_mb": 167936,
      "disk_mb": 10000000,
      "bandwidth_mbps": 1536
    },
    {
      "id": 2,
      "cores": 16,
      "cpu_speed_mips": 187712,
      "power_idle_watt": 116,
      "power_peak_watt": 475,
      "memory_mb": 49152,
      "disk_mb": 10000000,
      "bandwidth_mbps": 1024
    },
    {
      "id": 3,
      "cores": 16,
      "cpu_speed_mips": 187712,
      "power_idle_watt": 116,
      "power_peak_watt": 475,
      "memory_mb": 49152,
      "disk_mb": 10000000,
      "bandwidth_mbps": 1024
    }
  ]
}