{
  "workflows": [
    {
      "id": 0,
      "tasks": [
        {
          "id": 0,
          "workflow_id": 0,
          "length": 62632,
          "req_memory_mb": 13312,
          "req_cpu_cores": 23,
          "child_ids": [
            1,
            2,
            3,
            4,
            6,
            7,
            8,
            10,
            11,
            12,
            14,
            15,
            17,
            18,
            19,
            22
          ]
        },
        {
          "id": 1,
          "workflow_id": 0,
          "length": 30558,
          "req_memory_mb": 91136,
          "req_cpu_cores": 13,
          "child_ids": []
        },
        {
          "id": 2,
          "workflow_id": 0,
          "length": 53698,
          "req_memory_mb": 79872,
          "req_cpu_cores": 30,
          "child_ids": []
        },
        {
          "id": 3,
          "workflow_id": 0,
          "length": 60082,
          "req_memory_mb": 44032,
          "req_cpu_cores": 2,
          "child_ids": [
            24,
            9,
            13
          ]
        },
        {
          "id": 4,
          "workflow_id": 0,
          "length": 20180,
          "req_memory_mb": 88064,
          "req_cpu_cores": 2,
          "child_ids": [
            5,
            23
          ]
        },
        {
          "id": 5,
          "workflow_id": 0,
          "length": 55860,
          "req_memory_mb": 7168,
          "req_cpu_cores": 7,
          "child_ids": [
            16
          ]
        },
        {
          "id": 6,
          "workflow_id": 0,
          "length": 17316,
          "req_memory_mb": 66560,
          "req_cpu_cores": 26,
          "child_ids": []
        },
        {
          "id": 7,
          "workflow_id": 0,
          "length": 54009,
          "req_memory_mb": 73728,
          "req_cpu_cores": 10,
          "child_ids": [
            21
          ]
        },
        {
          "id": 8,
          "workflow_id": 0,
          "length": 58162,
          "req_memory_mb": 3072,
          "req_cpu_cores": 21,
          "child_ids": []
        },
        {
          "id": 9,
          "workflow_id": 0,
          "length": 41803,
          "req_memory_mb": 36864,
          "req_cpu_cores": 33,
          "child_ids": []
        },
        {
          "id": 10,
          "workflow_id": 0,
          "length": 54336,
          "req_memory_mb": 70656,
          "req_cpu_cores": 13,
          "child_ids": []
        },
        {
          "id": 11,
          "workflow_id": 0,
          "length": 28793,
          "req_memory_mb": 99328,
          "req_cpu_cores": 21,
          "child_ids": []
        },
        {
          "id": 12,
          "workflow_id": 0,
          "length": 59768,
          "req_memory_mb": 91136,
          "req_cpu_cores": 16,
          "child_ids": []
        },
        {
          "id": 13,
          "workflow_id": 0,
          "length": 45318,
          "req_memory_mb": 11264,
          "req_cpu_cores": 28,
          "child_ids": []
        },
        {
          "id": 14,
          "workflow_id": 0,
          "length": 47375,
          "req_memory_mb": 94208,
          "req_cpu_cores": 30,
          "child_ids": []
        },
        {
          "id": 15,
          "workflow_id": 0,
          "length": 60272,
          "req_memory_mb": 8192,
          "req_cpu_cores": 23,
          "child_ids": []
        },
        {
          "id": 16,
          "workflow_id": 0,
          "length": 61356,
          "req_memory_mb": 26624,
          "req_cpu_cores": 7,
          "child_ids": []
        },
        {
          "id": 17,
          "workflow_id": 0,
          "length": 49532,
          "req_memory_mb": 63488,
          "req_cpu_cores": 18,
          "child_ids": []
        },
        {
          "id": 18,
          "workflow_id": 0,
          "length": 63916,
          "req_memory_mb": 18432,
          "req_cpu_cores": 30,
          "child_ids": [
            20
          ]
        },
        {
          "id": 19,
          "workflow_id": 0,
          "length": 44962,
          "req_memory_mb": 67584,
          "req_cpu_cores": 10,
          "child_ids": []
        },
        {
          "id": 20,
          "workflow_id": 0,
          "length": 44329,
          "req_memory_mb": 32768,
          "req_cpu_cores": 30,
          "child_ids": []
        },
        {
          "id": 21,
          "workflow_id": 0,
          "length": 40378,
          "req_memory_mb": 30720,
          "req_cpu_cores": 5,
          "child_ids": []
        },
        {
          "id": 22,
          "workflow_id": 0,
          "length": 32867,
          "req_memory_mb": 90112,
          "req_cpu_cores": 33,
          "child_ids": []
        },
        {
          "id": 23,
          "workflow_id": 0,
          "length": 14698,
          "req_memory_mb": 33792,
          "req_cpu_cores": 16,
          "child_ids": []
        },
        {
          "id": 24,
          "workflow_id": 0,
          "length": 35189,
          "req_memory_mb": 41984,
          "req_cpu_cores": 30,
          "child_ids": []
        }
      ],
      "arrival_time": 0
    }
  ],
  "vms": [
    {
      "id": 0,
      "host_id": 3,
      "cpu_speed_mips": 1533,
      "memory_mb": 106496,
      "cpu_cores": 16,
      "disk_mb": 1024,
      "bandwidth_mbps": 50,
      "vmm": "Xen"
    },
    {
      "id": 1,
      "host_id": 2,
      "cpu_speed_mips": 4873,
      "memory_mb": 86016,
      "cpu_cores": 16,
      "disk_mb": 1024,
      "bandwidth_mbps": 50,
      "vmm": "Xen"
    },
    {
      "id": 2,
      "host_id": 1,
      "cpu_speed_mips": 3968,
      "memory_mb": 117760,
      "cpu_cores": 56,
      "disk_mb": 1024,
      "bandwidth_mbps": 50,
      "vmm": "Xen"
    },
    {
      "id": 3,
      "host_id": 0,
      "cpu_speed_mips": 1205,
      "memory_mb": 60416,
      "cpu_cores": 40,
      "disk_mb": 1024,
      "bandwidth_mbps": 50,
      "vmm": "Xen"
    },
    {
      "id": 4,
      "host_id": 3,
      "cpu_speed_mips": 3099,
      "memory_mb": 105472,
      "cpu_cores": 16,
      "disk_mb": 1024,
      "bandwidth_mbps": 50,
      "vmm": "Xen"
    },
    {
      "id": 5,
      "host_id": 2,
      "cpu_speed_mips": 2722,
      "memory_mb": 90112,
      "cpu_cores": 16,
      "disk_mb": 1024,
      "bandwidth_mbps": 50,
      "vmm": "Xen"
    },
    {
      "id": 6,
      "host_id": 1,
      "cpu_speed_mips": 3397,
      "memory_mb": 91136,
      "cpu_cores": 56,
      "disk_mb": 1024,
      "bandwidth_mbps": 50,
      "vmm": "Xen"
    },
    {
      "id": 7,
      "host_id": 0,
      "cpu_speed_mips": 1037,
      "memory_mb": 38912,
      "cpu_cores": 40,
      "disk_mb": 1024,
      "bandwidth_mbps": 50,
      "vmm": "Xen"
    },
    {
      "id": 8,
      "host_id": 3,
      "cpu_speed_mips": 2663,
      "memory_mb": 79872,
      "cpu_cores": 16,
      "disk_mb": 1024,
      "bandwidth_mbps": 50,
      "vmm": "Xen"
    },
    {
      "id": 9,
      "host_id": 2,
      "cpu_speed_mips": 2546,
      "memory_mb": 82944,
      "cpu_cores": 16,
      "disk_mb": 1024,
      "bandwidth_mbps": 50,
      "vmm": "Xen"
    },
    {
      "id": 10,
      "host_id": 1,
      "cpu_speed_mips": 2996,
      "memory_mb": 81920,
      "cpu_cores": 56,
      "disk_mb": 1024,
      "bandwidth_mbps": 50,
      "vmm": "Xen"
    },
    {
      "id": 11,
      "host_id": 0,
      "cpu_speed_mips": 599,
      "memory_mb": 84992,
      "cpu_cores": 40,
      "disk_mb": 1024,
      "bandwidth_mbps": 50,
      "vmm": "Xen"
    }
  ],
  "hosts": [
    {
      "id": 0,
      "cores": 40,
      "cpu_speed_mips": 512000,
      "power_idle_watt": 85,
      "power_peak_watt": 450,
      "memory_mb": 131072,
      "disk_mb": 12000000,
      "bandwidth_mbps": 2048
    },
    {
      "id": 1,
      "cores": 56,
      "cpu_speed_mips": 604800,
      "power_idle_watt": 50,
      "power_peak_watt": 432,
      "memory_mb": 167936,
      "disk_mb": 10000000,
      "bandwidth_mbps": 1536
    },
    {
      "id": 2,
      "cores": 16,
      "cpu_speed_mips": 187712,
      "power_idle_watt": 116,
      "power_peak_watt": 475,
      "memory_mb": 49152,
      "disk_mb": 10000000,
      "bandwidth_mbps": 1024
    },
    {
      "id": 3,
      "cores": 16,
      "cpu_speed_mips": 187712,
      "power_idle_watt": 116,
      "power_peak_watt": 475,
      "memory_mb": 49152,
      "disk_mb": 10000000,
      "bandwidth_mbps": 1024
    }
  ]
}