{
  "workflows": [
    {
      "id": 0,
      "tasks": [
        {
          "id": 0,
          "workflow_id": 0,
          "length": 79032,
          "req_memory_mb": 68608,
          "req_cpu_cores": 3,
          "child_ids": [
            1,
            2,
            3,
            4,
            5,
            7,
            8,
            9,
            11,
            12,
            13,
            16,
            17,
            18,
            19,
            20,
            22
          ]
        },
        {
          "id": 1,
          "workflow_id": 0,
          "length": 37374,
          "req_memory_mb": 60416,
          "req_cpu_cores": 3,
          "child_ids": [
            14,
            23
          ]
        },
        {
          "id": 2,
          "workflow_id": 0,
          "length": 64703,
          "req_memory_mb": 50176,
          "req_cpu_cores": 23,
          "child_ids": [
            6,
            15
          ]
        },
        {
          "id": 3,
          "workflow_id": 0,
          "length": 40911,
          "req_memory_mb": 29696,
          "req_cpu_cores": 33,
          "child_ids": []
        },
        {
          "id": 4,
          "workflow_id": 0,
          "length": 59547,
          "req_memory_mb": 26624,
          "req_cpu_cores": 15,
          "child_ids": [
            10
          ]
        },
        {
          "id": 5,
          "workflow_id": 0,
          "length": 51934,
          "req_memory_mb": 20480,
          "req_cpu_cores": 36,
          "child_ids": [
            26
          ]
        },
        {
          "id": 6,
          "workflow_id": 0,
          "length": 64973,
          "req_memory_mb": 82944,
          "req_cpu_cores": 20,
          "child_ids": [
            23
          ]
        },
        {
          "id": 7,
          "workflow_id": 0,
          "length": 49152,
          "req_memory_mb": 90112,
          "req_cpu_cores": 15,
          "child_ids": []
        },
        {
          "id": 8,
          "workflow_id": 0,
          "length": 53841,
          "req_memory_mb": 86016,
          "req_cpu_cores": 33,
          "child_ids": []
        },
        {
          "id": 9,
          "workflow_id": 0,
          "length": 78234,
          "req_memory_mb": 41984,
          "req_cpu_cores": 23,
          "child_ids": []
        },
        {
          "id": 10,
          "workflow_id": 0,
          "length": 38358,
          "req_memory_mb": 11264,
          "req_cpu_cores": 15,
          "child_ids": [
            25
          ]
        },
        {
          "id": 11,
          "workflow_id": 0,
          "length": 54922,
          "req_memory_mb": 87040,
          "req_cpu_cores": 31,
          "child_ids": [
            21
          ]
        },
        {
          "id": 12,
          "workflow_id": 0,
          "length": 59237,
          "req_memory_mb": 17408,
          "req_cpu_cores": 36,
          "child_ids": []
        },
        {
          "id": 13,
          "workflow_id": 0,
          "length": 43289,
          "req_memory_mb": 26624,
          "req_cpu_cores": 31,
          "child_ids": []
        },
        {
          "id": 14,
          "workflow_id": 0,
          "length": 64479,
          "req_memory_mb": 20480,
          "req_cpu_cores": 5,
          "child_ids": []
        },
        {
          "id": 15,
          "workflow_id": 0,
          "length": 56084,
          "req_memory_mb": 15360,
          "req_cpu_cores": 36,
          "child_ids": []
        },
        {
          "id": 16,
          "workflow_id": 0,
          "length": 65783,
          "req_memory_mb": 49152,
          "req_cpu_cores": 5,
          "child_ids": []
        },
        {
          "id": 17,
          "workflow_id": 0,
          "length": 47271,
          "req_memory_mb": 83968,
          "req_cpu_cores": 15,
          "child_ids": []
        },
        {
          "id": 18,
          "workflow_id": 0,
          "length": 56012,
          "req_memory_mb": 47104,
          "req_cpu_cores": 13,
          "child_ids": [
            27
          ]
        },
        {
          "id": 19,
          "workflow_id": 0,
          "length": 52156,
          "req_memory_mb": 45056,
          "req_cpu_cores": 20,
          "child_ids": []
        },
        {
          "id": 20,
          "workflow_id": 0,
          "length": 43786,
          "req_memory_mb": 40960,
          "req_cpu_cores": 23,
          "child_ids": [
            21
          ]
        },
        {
          "id": 21,
          "workflow_id": 0,
          "length": 37702,
          "req_memory_mb": 57344,
          "req_cpu_cores": 5,
          "child_ids": [
            24,
            25
          ]
        },
        {
          "id": 22,
          "workflow_id": 0,
          "length": 49762,
          "req_memory_mb": 10240,
          "req_cpu_cores": 28,
          "child_ids": []
        },
        {
          "id": 23,
          "workflow_id": 0,
          "length": 61272,
          "req_memory_mb": 44032,
          "req_cpu_cores": 18,
          "child_ids": []
        },
        {
          "id": 24,
          "workflow_id": 0,
          "length": 51199,
          "req_memory_mb": 50176,
          "req_cpu_cores": 3,
          "child_ids": [
            27
          ]
        },
        {
          "id": 25,
          "workflow_id": 0,
          "length": 56987,
          "req_memory_mb": 86016,
          "req_cpu_cores": 10,
          "child_ids": []
        },
        {
          "id": 26,
          "workflow_id": 0,
          "length": 69428,
          "req_memory_mb": 21504,
          "req_cpu_cores": 15,
          "child_ids": []
        },
        {
          "id": 27,
          "workflow_id": 0,
          "length": 52630,
          "req_memory_mb": 115712,
          "req_cpu_cores": 5,
          "child_ids": []
        }
      ],
      "arrival_time": 0
    }
  ],
  "vms": [
    {
      "id": 0,
      "host_id": 3,
      "cpu_speed_mips": 1533,
      "memory_mb": 106496,
      "cpu_cores": 16,
      "disk_mb": 1024,
      "bandwidth_mbps": 50,
      "vmm": "Xen"
    },
    {
      "id": 1,
      "host_id": 2,
      "cpu_speed_mips": 4873,
      "memory_mb": 86016,
      "cpu_cores": 16,
      "disk_mb": 1024,
      "bandwidth_mbps": 50,
      "vmm": "Xen"
    },
    {
      "id": 2,
      "host_id": 1,
      "cpu_speed_mips": 3968,
      "memory_mb": 117760,
      "cpu_cores": 56,
      "disk_mb": 1024,
      "bandwidth_mbps": 50,
      "vmm": "Xen"
    },
    {
      "id": 3,
      "host_id": 0,
      "cpu_speed_mips": 1205,
      "memory_mb": 60416,
      "cpu_cores": 40,
      "disk_mb": 1024,
      "bandwidth_mbps": 50,
      "vmm": "Xen"
    },
    {
      "id": 4,
      "host_id": 3,
      "cpu_speed_mips": 3099,
      "memory_mb": 105472,
      "cpu_cores": 16,
      "disk_mb": 1024,
      "bandwidth_mbps": 50,
      "vmm": "Xen"
    },
    {
      "id": 5,
      "host_id": 2,
      "cpu_speed_mips": 2722,
      "memory_mb": 90112,
      "cpu_cores": 16,
      "disk_mb": 1024,
      "bandwidth_mbps": 50,
      "vmm": "Xen"
    },
    {
      "id": 6,
      "host_id": 1,
      "cpu_speed_mips": 3397,
      "memory_mb": 91136,
      "cpu_cores": 56,
      "disk_mb": 1024,
      "bandwidth_mbps": 50,
      "vmm": "Xen"
    },
    {
      "id": 7,
      "host_id": 0,
      "cpu_speed_mips": 1037,
      "memory_mb": 38912,
      "cpu_cores": 40,
      "disk_mb": 1024,
      "bandwidth_mbps": 50,
      "vmm": "Xen"
    },
    {
      "id": 8,
      "host_id": 3,
      "cpu_speed_mips": 2663,
      "memory_mb": 79872,
      "cpu_cores": 16,
      "disk_mb": 1024,
      "bandwidth_mbps": 50,
      "vmm": "Xen"
    },
    {
      "id": 9,
      "host_id": 2,
      "cpu_speed_mips": 2546,
      "memory_mb": 82944,
      "cpu_cores": 16,
      "disk_mb": 1024,
      "bandwidth_mbps": 50,
      "vmm": "Xen"
    },
    {
      "id": 10,
      "host_id": 1,
      "cpu_speed_mips": 2996,
      "memory_mb": 81920,
      "cpu_cores": 56,
      "disk_mb": 1024,
      "bandwidth_mbps": 50,
      "vmm": "Xen"
    },
    {
      "id": 11,
      "host_id": 0,
      "cpu_speed_mips": 599,
      "memory_mb": 84992,
      "cpu_cores": 40,
      "disk_mb": 1024,
      "bandwidth_mbps": 50,
      "vmm": "Xen"
    }
  ],
  "hosts": [
    {
      "id": 0,
      "cores": 40,
      "cpu_speed_mips": 512000,
      "power_idle_watt": 85,
      "power_peak_watt": 450,
      "memory_mb": 131072,
      "disk_mb": 12000000,
      "bandwidth_mbps": 2048
    },
    {
      "id": 1,
      "cores": 56,
      "cpu_speed_mips": 604800,
      "power_idle_watt": 50,
      "power_peak_watt": 432,
      "memory_mb": 167936,
      "disk_mb": 10000000,
      "bandwidth_mbps": 1536
    },
    {
      "id": 2,
      "cores": 16,
      "cpu_speed_mips": 187712,
      "power_idle_watt": 116,
      "power_peak_watt": 475,
      "memory_mb": 49152,
      "disk_mb": 10000000,
      "bandwidth_mbps": 1024
    },
    {
      "id": 3,
      "cores": 16,
      "cpu_speed_mips": 187712,
      "power_idle_watt": 116,
      "power_peak_watt": 475,
      "memory_mb": 49152,
      "disk_mb": 10000000,
      "bandwidth_mbps": 1024
    }
  ]
}