{
  "workflows": [
    {
      "id": 0,
      "tasks": [
        {
          "id": 0,
          "workflow_id": 0,
          "length": 76412,
          "req_memory_mb": 59392,
          "req_cpu_cores": 11,
          "child_ids": [
            1,
            2,
            3,
            4,
            5,
            8,
            9,
            11,
            12,
            13,
            15,
            16,
            17,
            19,
            20,
            21
          ]
        },
        {
          "id": 1,
          "workflow_id": 0,
          "length": 32300,
          "req_memory_mb": 54272,
          "req_cpu_cores": 15,
          "child_ids": [
            18
          ]
        },
        {
          "id": 2,
          "workflow_id": 0,
          "length": 85001,
          "req_memory_mb": 78848,
          "req_cpu_cores": 32,
          "child_ids": [
            10
          ]
        },
        {
          "id": 3,
          "workflow_id": 0,
          "length": 57858,
          "req_memory_mb": 40960,
          "req_cpu_cores": 15,
          "child_ids": []
        },
        {
          "id": 4,
          "workflow_id": 0,
          "length": 22304,
          "req_memory_mb": 56320,
          "req_cpu_cores": 4,
          "child_ids": [
            6,
            7
          ]
        },
        {
          "id": 5,
          "workflow_id": 0,
          "length": 34365,
          "req_memory_mb": 66560,
          "req_cpu_cores": 18,
          "child_ids": []
        },
        {
          "id": 6,
          "workflow_id": 0,
          "length": 10811,
          "req_memory_mb": 94208,
          "req_cpu_cores": 11,
          "child_ids": []
        },
        {
          "id": 7,
          "workflow_id": 0,
          "length": 76891,
          "req_memory_mb": 51200,
          "req_cpu_cores": 28,
          "child_ids": []
        },
        {
          "id": 8,
          "workflow_id": 0,
          "length": 56631,
          "req_memory_mb": 86016,
          "req_cpu_cores": 32,
          "child_ids": []
        },
        {
          "id": 9,
          "workflow_id": 0,
          "length": 69019,
          "req_memory_mb": 52224,
          "req_cpu_cores": 18,
          "child_ids": []
        },
        {
          "id": 10,
          "workflow_id": 0,
          "length": 66697,
          "req_memory_mb": 20480,
          "req_cpu_cores": 4,
          "child_ids": []
        },
        {
          "id": 11,
          "workflow_id": 0,
          "length": 80971,
          "req_memory_mb": 40960,
          "req_cpu_cores": 11,
          "child_ids": []
        },
        {
          "id": 12,
          "workflow_id": 0,
          "length": 49631,
          "req_memory_mb": 34816,
          "req_cpu_cores": 46,
          "child_ids": [
            14,
            22
          ]
        },
        {
          "id": 13,
          "workflow_id": 0,
          "length": 44068,
          "req_memory_mb": 70656,
          "req_cpu_cores": 50,
          "child_ids": []
        },
        {
          "id": 14,
          "workflow_id": 0,
          "length": 49035,
          "req_memory_mb": 44032,
          "req_cpu_cores": 7,
          "child_ids": []
        },
        {
          "id": 15,
          "workflow_id": 0,
          "length": 59446,
          "req_memory_mb": 20480,
          "req_cpu_cores": 7,
          "child_ids": [
            23
          ]
        },
        {
          "id": 16,
          "workflow_id": 0,
          "length": 71617,
          "req_memory_mb": 60416,
          "req_cpu_cores": 11,
          "child_ids": []
        },
        {
          "id": 17,
          "workflow_id": 0,
          "length": 41023,
          "req_memory_mb": 16384,
          "req_cpu_cores": 50,
          "child_ids": []
        },
        {
          "id": 18,
          "workflow_id": 0,
          "length": 53121,
          "req_memory_mb": 47104,
          "req_cpu_cores": 7,
          "child_ids": []
        },
        {
          "id": 19,
          "workflow_id": 0,
          "length": 56371,
          "req_memory_mb": 84992,
          "req_cpu_cores": 28,
          "child_ids": []
        },
        {
          "id": 20,
          "workflow_id": 0,
          "length": 66898,
          "req_memory_mb": 84992,
          "req_cpu_cores": 32,
          "child_ids": []
        },
        {
          "id": 21,
          "workflow_id": 0,
          "length": 53535,
          "req_memory_mb": 51200,
          "req_cpu_cores": 28,
          "child_ids": []
        },
        {
          "id": 22,
          "workflow_id": 0,
          "length": 50666,
          "req_memory_mb": 15360,
          "req_cpu_cores": 11,
          "child_ids": []
        },
        {
          "id": 23,
          "workflow_id": 0,
          "length": 30527,
          "req_memory_mb": 40960,
          "req_cpu_cores": 4,
          "child_ids": []
        }
      ],
      "arrival_time": 0
    }
  ],
  "vms": [
    {
      "id": 0,
      "host_id": 3,
      "cpu_speed_mips": 1533,
      "memory_mb": 106496,
      "cpu_cores": 16,
      "disk_mb": 1024,
      "bandwidth_mbps": 50,
      "vmm": "Xen"
    },
    {
      "id": 1,
      "host_id": 2,
      "cpu_speed_mips": 4873,
      "memory_mb": 86016,
      "cpu_cores": 16,
      "disk_mb": 1024,
      "bandwidth_mbps": 50,
      "vmm": "Xen"
    },
    {
      "id": 2,
      "host_id": 1,
      "cpu_speed_mips": 3968,
      "memory_mb": 117760,
      "cpu_cores": 56,
      "disk_mb": 1024,
      "bandwidth_mbps": 50,
      "vmm": "Xen"
    },
    {
      "id": 3,
      "host_id": 0,
      "cpu_speed_mips": 1205,
      "memory_mb": 60416,
      "cpu_cores": 40,
      "disk_mb": 1024,
      "bandwidth_mbps": 50,
      "vmm": "Xen"
    },
    {
      "id": 4,
      "host_id": 3,
      "cpu_speed_mips": 3099,
      "memory_mb": 105472,
      "cpu_cores": 16,
      "disk_mb": 1024,
      "bandwidth_mbps": 50,
      "vmm": "Xen"
    },
    {
      "id": 5,
      "host_id": 2,
      "cpu_speed_mips": 2722,
      "memory_mb": 90112,
      "cpu_cores": 16,
      "disk_mb": 1024,
      "bandwidth_mbps": 50,
      "vmm": "Xen"
    },
    {
      "id": 6,
      "host_id": 1,
      "cpu_speed_mips": 3397,
      "memory_mb": 91136,
      "cpu_cores": 56,
      "disk_mb": 1024,
      "bandwidth_mbps": 50,
      "vmm": "Xen"
    },
    {
      "id": 7,
      "host_id": 0,
      "cpu_speed_mips": 1037,
      "memory_mb": 38912,
      "cpu_cores": 40,
      "disk_mb": 1024,
      "bandwidth_mbps": 50,
      "vmm": "Xen"
    },
    {
      "id": 8,
      "host_id": 3,
      "cpu_speed_mips": 2663,
      "memory_mb": 79872,
      "cpu_cores": 16,
      "disk_mb": 1024,
      "bandwidth_mbps": 50,
      "vmm": "Xen"
    },
    {
      "id": 9,
      "host_id": 2,
      "cpu_speed_mips": 2546,
      "memory_mb": 82944,
      "cpu_cores": 16,
      "disk_mb": 1024,
      "bandwidth_mbps": 50,
      "vmm": "Xen"
    },
    {
      "id": 10,
      "host_id": 1,
      "cpu_speed_mips": 2996,
      "memory_mb": 81920,
      "cpu_cores": 56,
      "disk_mb": 1024,
      "bandwidth_mbps": 50,
      "vmm": "Xen"
    },
    {
      "id": 11,
      "host_id": 0,
      "cpu_speed_mips": 599,
      "memory_mb": 84992,
      "cpu_cores": 40,
      "disk_mb": 1024,
      "bandwidth_mbps": 50,
      "vmm": "Xen"
    }
  ],
  "hosts": [
    {
      "id": 0,
      "cores": 40,
      "cpu_speed_mips": 512000,
      "power_idle_watt": 85,
      "power_peak_watt": 450,
      "memory_mb": 131072,
      "disk_mb": 12000000,
      "bandwidth_mbps": 2048
    },
    {
      "id": 1,
      "cores": 56,
      "cpu_speed_mips": 604800,
      "power_idle_watt": 50,
      "power_peak_watt": 432,
      "memory_mb": 167936,
      "disk_mb": 10000000,
      "bandwidth_mbps": 1536
    },
    {
      "id": 2,
      "cores": 16,
      "cpu_speed_mips": 187712,
      "power_idle_watt": 116,
      "power_peak_watt": 475,
      "memory_mb": 49152,
      "disk_mb": 10000000,
      "bandwidth_mbps": 1024
    },
    {
      "id": 3,
      "cores": 16,
      "cpu_speed_mips": 187712,
      "power_idle_watt": 116,
      "power_peak_watt": 475,
      "memory_mb": 49152,
      "disk_mb": 10000000,
      "bandwidth_mbps": 1024
    }
  ]
}