{
  "workflows": [
    {
      "id": 0,
      "tasks": [
        {
          "id": 0,
          "workflow_id": 0,
          "length": 59117,
          "req_memory_mb": 50176,
          "req_cpu_cores": 27,
          "child_ids": [
            1,
            2,
            3,
            4,
            5,
            6,
            7,
            9,
            10,
            11,
            12,
            13,
            14,
            17,
            18,
            20,
            22,
            23,
            26
          ]
        },
        {
          "id": 1,
          "workflow_id": 0,
          "length": 32146,
          "req_memory_mb": 32768,
          "req_cpu_cores": 4,
          "child_ids": []
        },
        {
          "id": 2,
          "workflow_id": 0,
          "length": 74871,
          "req_memory_mb": 22528,
          "req_cpu_cores": 12,
          "child_ids": [
            21
          ]
        },
        {
          "id": 3,
          "workflow_id": 0,
          "length": 45993,
          "req_memory_mb": 78848,
          "req_cpu_cores": 18,
          "child_ids": [
            16
          ]
        },
        {
          "id": 4,
          "workflow_id": 0,
          "length": 55182,
          "req_memory_mb": 11264,
          "req_cpu_cores": 27,
          "child_ids": [
            28
          ]
        },
        {
          "id": 5,
          "workflow_id": 0,
          "length": 42402,
          "req_memory_mb": 79872,
          "req_cpu_cores": 20,
          "child_ids": [
            8
          ]
        },
        {
          "id": 6,
          "workflow_id": 0,
          "length": 62677,
          "req_memory_mb": 10240,
          "req_cpu_cores": 20,
          "child_ids": []
        },
        {
          "id": 7,
          "workflow_id": 0,
          "length": 63075,
          "req_memory_mb": 26624,
          "req_cpu_cores": 8,
          "child_ids": []
        },
        {
          "id": 8,
          "workflow_id": 0,
          "length": 46181,
          "req_memory_mb": 15360,
          "req_cpu_cores": 4,
          "child_ids": [
            15
          ]
        },
        {
          "id": 9,
          "workflow_id": 0,
          "length": 11558,
          "req_memory_mb": 52224,
          "req_cpu_cores": 10,
          "child_ids": []
        },
        {
          "id": 10,
          "workflow_id": 0,
          "length": 59105,
          "req_memory_mb": 15360,
          "req_cpu_cores": 4,
          "child_ids": [
            24
          ]
        },
        {
          "id": 11,
          "workflow_id": 0,
          "length": 32708,
          "req_memory_mb": 82944,
          "req_cpu_cores": 12,
          "child_ids": [
            25
          ]
        },
        {
          "id": 12,
          "workflow_id": 0,
          "length": 54198,
          "req_memory_mb": 64512,
          "req_cpu_cores": 12,
          "child_ids": [
            19
          ]
        },
        {
          "id": 13,
          "workflow_id": 0,
          "length": 65130,
          "req_memory_mb": 81920,
          "req_cpu_cores": 10,
          "child_ids": []
        },
        {
          "id": 14,
          "workflow_id": 0,
          "length": 21484,
          "req_memory_mb": 14336,
          "req_cpu_cores": 6,
          "child_ids": []
        },
        {
          "id": 15,
          "workflow_id": 0,
          "length": 60235,
          "req_memory_mb": 73728,
          "req_cpu_cores": 29,
          "child_ids": []
        },
        {
          "id": 16,
          "workflow_id": 0,
          "length": 31390,
          "req_memory_mb": 64512,
          "req_cpu_cores": 14,
          "child_ids": [
            27
          ]
        },
        {
          "id": 17,
          "workflow_id": 0,
          "length": 36409,
          "req_memory_mb": 30720,
          "req_cpu_cores": 18,
          "child_ids": []
        },
        {
          "id": 18,
          "workflow_id": 0,
          "length": 14654,
          "req_memory_mb": 54272,
          "req_cpu_cores": 14,
          "child_ids": []
        },
        {
          "id": 19,
          "workflow_id": 0,
          "length": 36581,
          "req_memory_mb": 7168,
          "req_cpu_cores": 10,
          "child_ids": [
            27
          ]
        },
        {
          "id": 20,
          "workflow_id": 0,
          "length": 63083,
          "req_memory_mb": 19456,
          "req_cpu_cores": 18,
          "child_ids": []
        },
        {
          "id": 21,
          "workflow_id": 0,
          "length": 35278,
          "req_memory_mb": 66560,
          "req_cpu_cores": 27,
          "child_ids": []
        },
        {
          "id": 22,
          "workflow_id": 0,
          "length": 65011,
          "req_memory_mb": 64512,
          "req_cpu_cores": 18,
          "child_ids": [
            24
          ]
        },
        {
          "id": 23,
          "workflow_id": 0,
          "length": 37680,
          "req_memory_mb": 20480,
          "req_cpu_cores": 27,
          "child_ids": []
        },
        {
          "id": 24,
          "workflow_id": 0,
          "length": 63345,
          "req_memory_mb": 19456,
          "req_cpu_cores": 16,
          "child_ids": []
        },
        {
          "id": 25,
          "workflow_id": 0,
          "length": 49490,
          "req_memory_mb": 30720,
          "req_cpu_cores": 27,
          "child_ids": []
        },
        {
          "id": 26,
          "workflow_id": 0,
          "length": 34141,
          "req_memory_mb": 56320,
          "req_cpu_cores": 2,
          "child_ids": []
        },
        {
          "id": 27,
          "workflow_id": 0,
          "length": 40639,
          "req_memory_mb": 56320,
          "req_cpu_cores": 24,
          "child_ids": []
        },
        {
          "id": 28,
          "workflow_id": 0,
          "length": 39367,
          "req_memory_mb": 54272,
          "req_cpu_cores": 29,
          "child_ids": []
        }
      ],
      "arrival_time": 0
    }
  ],
  "vms": [
    {
      "id": 0,
      "host_id": 3,
      "cpu_speed_mips": 1533,
      "memory_mb": 106496,
      "cpu_cores": 16,
      "disk_mb": 1024,
      "bandwidth_mbps": 50,
      "vmm": "Xen"
    },
    {
      "id": 1,
      "host_id": 2,
      "cpu_speed_mips": 4873,
      "memory_mb": 86016,
      "cpu_cores": 16,
      "disk_mb": 1024,
      "bandwidth_mbps": 50,
      "vmm": "Xen"
    },
    {
      "id": 2,
      "host_id": 1,
      "cpu_speed_mips": 3968,
      "memory_mb": 117760,
      "cpu_cores": 56,
      "disk_mb": 1024,
      "bandwidth_mbps": 50,
      "vmm": "Xen"
    },
    {
      "id": 3,
      "host_id": 0,
      "cpu_speed_mips": 1205,
      "memory_mb": 60416,
      "cpu_cores": 40,
      "disk_mb": 1024,
      "bandwidth_mbps": 50,
      "vmm": "Xen"
    },
    {
      "id": 4,
      "host_id": 3,
      "cpu_speed_mips": 3099,
      "memory_mb": 105472,
      "cpu_cores": 16,
      "disk_mb": 1024,
      "bandwidth_mbps": 50,
      "vmm": "Xen"
    },
    {
      "id": 5,
      "host_id": 2,
      "cpu_speed_mips": 2722,
      "memory_mb": 90112,
      "cpu_cores": 16,
      "disk_mb": 1024,
      "bandwidth_mbps": 50,
      "vmm": "Xen"
    },
    {
      "id": 6,
      "host_id": 1,
      "cpu_speed_mips": 3397,
      "memory_mb": 91136,
      "cpu_cores": 56,
      "disk_mb": 1024,
      "bandwidth_mbps": 50,
      "vmm": "Xen"
    },
    {
      "id": 7,
      "host_id": 0,
      "cpu_speed_mips": 1037,
      "memory_mb": 38912,
      "cpu_cores": 40,
      "disk_mb": 1024,
      "bandwidth_mbps": 50,
      "vmm": "Xen"
    },
    {
      "id": 8,
      "host_id": 3,
      "cpu_speed_mips": 2663,
      "memory_mb": 79872,
      "cpu_cores": 16,
      "disk_mb": 1024,
      "bandwidth_mbps": 50,
      "vmm": "Xen"
    },
    {
      "id": 9,
      "host_id": 2,
      "cpu_speed_mips": 2546,
      "memory_mb": 82944,
      "cpu_cores": 16,
      "disk_mb": 1024,
      "bandwidth_mbps": 50,
      "vmm": "Xen"
    },
    {
      "id": 10,
      "host_id": 1,
      "cpu_speed_mips": 2996,
      "memory_mb": 81920,
      "cpu_cores": 56,
      "disk_mb": 1024,
      "bandwidth_mbps": 50,
      "vmm": "Xen"
    },
    {
      "id": 11,
      "host_id": 0,
      "cpu_speed_mips": 599,
      "memory_mb": 84992,
      "cpu_cores": 40,
      "disk_mb": 1024,
      "bandwidth_mbps": 50,
      "vmm": "Xen"
    }
  ],
  "hosts": [
    {
      "id": 0,
      "cores": 40,
      "cpu_speed_mips": 512000,
      "power_idle_watt": 85,
      "power_peak_watt": 450,
      "memory_mb": 131072,
      "disk_mb": 12000000,
      "bandwidth_mbps": 2048
    },
    {
      "id": 1,
      "cores": 56,
      "cpu_speed_mips": 604800,
      "power_idle_watt": 50,
      "power_peak_watt": 432,
      "memory_mb": 167936,
      "disk_mb": 10000000,
      "bandwidth_mbps": 1536
    },
    {
      "id": 2,
      "cores": 16,
      "cpu_speed_mips": 187712,
      "power_idle_watt": 116,
      "power_peak_watt": 475,
      "memory_mb": 49152,
      "disk_mb": 10000000,
      "bandwidth_mbps": 1024
    },
    {
      "id": 3,
      "cores": 16,
      "cpu_speed_mips": 187712,
      "power_idle_watt": 116,
      "power_peak_watt": 475,
      "memory_mb": 49152,
      "disk_mb": 10000000,
      "bandwidth_mbps": 1024
    }
  ]
}