{
  "workflows": [
    {
      "id": 0,
      "tasks": [
        {
          "id": 0,
          "workflow_id": 0,
          "length": 65014,
          "req_memory_mb": 107520,
          "req_cpu_cores": 23,
          "child_ids": [
            1,
            2,
            3,
            4,
            5,
            6,
            7,
            8,
            10,
            11,
            12,
            19,
            21,
            22,
            24,
            25
          ]
        },
        {
          "id": 1,
          "workflow_id": 0,
          "length": 40022,
          "req_memory_mb": 19456,
          "req_cpu_cores": 23,
          "child_ids": [
            23
          ]
        },
        {
          "id": 2,
          "workflow_id": 0,
          "length": 39659,
          "req_memory_mb": 50176,
          "req_cpu_cores": 29,
          "child_ids": [
            26,
            23
          ]
        },
        {
          "id": 3,
          "workflow_id": 0,
          "length": 58385,
          "req_memory_mb": 73728,
          "req_cpu_cores": 18,
          "child_ids": [
            16,
            14
          ]
        },
        {
          "id": 4,
          "workflow_id": 0,
          "length": 68234,
          "req_memory_mb": 38912,
          "req_cpu_cores": 32,
          "child_ids": []
        },
        {
          "id": 5,
          "workflow_id": 0,
          "length": 68226,
          "req_memory_mb": 81920,
          "req_cpu_cores": 15,
          "child_ids": [
            9,
            20
          ]
        },
        {
          "id": 6,
          "workflow_id": 0,
          "length": 57765,
          "req_memory_mb": 24576,
          "req_cpu_cores": 21,
          "child_ids": []
        },
        {
          "id": 7,
          "workflow_id": 0,
          "length": 32927,
          "req_memory_mb": 30720,
          "req_cpu_cores": 32,
          "child_ids": [
            20
          ]
        },
        {
          "id": 8,
          "workflow_id": 0,
          "length": 30205,
          "req_memory_mb": 49152,
          "req_cpu_cores": 15,
          "child_ids": [
            20,
            23
          ]
        },
        {
          "id": 9,
          "workflow_id": 0,
          "length": 39766,
          "req_memory_mb": 64512,
          "req_cpu_cores": 26,
          "child_ids": [
            15
          ]
        },
        {
          "id": 10,
          "workflow_id": 0,
          "length": 60100,
          "req_memory_mb": 71680,
          "req_cpu_cores": 38,
          "child_ids": []
        },
        {
          "id": 11,
          "workflow_id": 0,
          "length": 17216,
          "req_memory_mb": 66560,
          "req_cpu_cores": 35,
          "child_ids": [
            13
          ]
        },
        {
          "id": 12,
          "workflow_id": 0,
          "length": 38371,
          "req_memory_mb": 90112,
          "req_cpu_cores": 3,
          "child_ids": [
            18
          ]
        },
        {
          "id": 13,
          "workflow_id": 0,
          "length": 65853,
          "req_memory_mb": 2048,
          "req_cpu_cores": 3,
          "child_ids": []
        },
        {
          "id": 14,
          "workflow_id": 0,
          "length": 45924,
          "req_memory_mb": 17408,
          "req_cpu_cores": 21,
          "child_ids": []
        },
        {
          "id": 15,
          "workflow_id": 0,
          "length": 77955,
          "req_memory_mb": 60416,
          "req_cpu_cores": 9,
          "child_ids": []
        },
        {
          "id": 16,
          "workflow_id": 0,
          "length": 46575,
          "req_memory_mb": 74752,
          "req_cpu_cores": 15,
          "child_ids": [
            17
          ]
        },
        {
          "id": 17,
          "workflow_id": 0,
          "length": 37769,
          "req_memory_mb": 32768,
          "req_cpu_cores": 12,
          "child_ids": [
            23
          ]
        },
        {
          "id": 18,
          "workflow_id": 0,
          "length": 51085,
          "req_memory_mb": 107520,
          "req_cpu_cores": 32,
          "child_ids": []
        },
        {
          "id": 19,
          "workflow_id": 0,
          "length": 61085,
          "req_memory_mb": 88064,
          "req_cpu_cores": 35,
          "child_ids": []
        },
        {
          "id": 20,
          "workflow_id": 0,
          "length": 36782,
          "req_memory_mb": 63488,
          "req_cpu_cores": 3,
          "child_ids": []
        },
        {
          "id": 21,
          "workflow_id": 0,
          "length": 59724,
          "req_memory_mb": 10240,
          "req_cpu_cores": 29,
          "child_ids": []
        },
        {
          "id": 22,
          "workflow_id": 0,
          "length": 34574,
          "req_memory_mb": 60416,
          "req_cpu_cores": 21,
          "child_ids": []
        },
        {
          "id": 23,
          "workflow_id": 0,
          "length": 74825,
          "req_memory_mb": 81920,
          "req_cpu_cores": 35,
          "child_ids": []
        },
        {
          "id": 24,
          "workflow_id": 0,
          "length": 48716,
          "req_memory_mb": 69632,
          "req_cpu_cores": 29,
          "child_ids": []
        },
        {
          "id": 25,
          "workflow_id": 0,
          "length": 46585,
          "req_memory_mb": 100352,
          "req_cpu_cores": 32,
          "child_ids": []
        },
        {
          "id": 26,
          "workflow_id": 0,
          "length": 39985,
          "req_memory_mb": 88064,
          "req_cpu_cores": 23,
          "child_ids": []
        }
      ],
      "arrival_time": 0
    }
  ],
  "vms": [
    {
      "id": 0,
      "host_id": 3,
      "cpu_speed_mips": 1533,
      "memory_mb": 106496,
      "cpu_cores": 16,
      "disk_mb": 1024,
      "bandwidth_mbps": 50,
      "vmm": "Xen"
    },
    {
      "id": 1,
      "host_id": 2,
      "cpu_speed_mips": 4873,
      "memory_mb": 86016,
      "cpu_cores": 16,
      "disk_mb": 1024,
      "bandwidth_mbps": 50,
      "vmm": "Xen"
    },
    {
      "id": 2,
      "host_id": 1,
      "cpu_speed_mips": 3968,
      "memory_mb": 117760,
      "cpu_cores": 56,
      "disk_mb": 1024,
      "bandwidth_mbps": 50,
      "vmm": "Xen"
    },
    {
      "id": 3,
      "host_id": 0,
      "cpu_speed_mips": 1205,
      "memory_mb": 60416,
      "cpu_cores": 40,
      "disk_mb": 1024,
      "bandwidth_mbps": 50,
      "vmm": "Xen"
    },
    {
      "id": 4,
      "host_id": 3,
      "cpu_speed_mips": 3099,
      "memory_mb": 105472,
      "cpu_cores": 16,
      "disk_mb": 1024,
      "bandwidth_mbps": 50,
      "vmm": "Xen"
    },
    {
      "id": 5,
      "host_id": 2,
      "cpu_speed_mips": 2722,
      "memory_mb": 90112,
      "cpu_cores": 16,
      "disk_mb": 1024,
      "bandwidth_mbps": 50,
      "vmm": "Xen"
    },
    {
      "id": 6,
      "host_id": 1,
      "cpu_speed_mips": 3397,
      "memory_mb": 91136,
      "cpu_cores": 56,
      "disk_mb": 1024,
      "bandwidth_mbps": 50,
      "vmm": "Xen"
    },
    {
      "id": 7,
      "host_id": 0,
      "cpu_speed_mips": 1037,
      "memory_mb": 38912,
      "cpu_cores": 40,
      "disk_mb": 1024,
      "bandwidth_mbps": 50,
      "vmm": "Xen"
    },
    {
      "id": 8,
      "host_id": 3,
      "cpu_speed_mips": 2663,
      "memory_mb": 79872,
      "cpu_cores": 16,
      "disk_mb": 1024,
      "bandwidth_mbps": 50,
      "vmm": "Xen"
    },
    {
      "id": 9,
      "host_id": 2,
      "cpu_speed_mips": 2546,
      "memory_mb": 82944,
      "cpu_cores": 16,
      "disk_mb": 1024,
      "bandwidth_mbps": 50,
      "vmm": "Xen"
    },
    {
      "id": 10,
      "host_id": 1,
      "cpu_speed_mips": 2996,
      "memory_mb": 81920,
      "cpu_cores": 56,
      "disk_mb": 1024,
      "bandwidth_mbps": 50,
      "vmm": "Xen"
    },
    {
      "id": 11,
      "host_id": 0,
      "cpu_speed_mips": 599,
      "memory_mb": 84992,
      "cpu_cores": 40,
      "disk_mb": 1024,
      "bandwidth_mbps": 50,
      "vmm": "Xen"
    }
  ],
  "hosts": [
    {
      "id": 0,
      "cores": 40,
      "cpu_speed_mips": 512000,
      "power_idle_watt": 85,
      "power_peak_watt": 450,
      "memory_mb": 131072,
      "disk_mb": 12000000,
      "bandwidth_mbps": 2048
    },
    {
      "id": 1,
      "cores": 56,
      "cpu_speed_mips": 604800,
      "power_idle_watt": 50,
      "power_peak_watt": 432,
      "memory_mb": 167936,
      "disk_mb": 10000000,
      "bandwidth_mbps": 1536
    },
    {
      "id": 2,
      "cores": 16,
      "cpu_speed_mips": 187712,
      "power_idle_watt": 116,
      "power_peak_watt": 475,
      "memory_mb": 49152,
      "disk_mb": 10000000,
      "bandwidth_mbps": 1024
    },
    {
      "id": 3,
      "cores": 16,
      "cpu_speed_mips": 187712,
      "power_idle_watt": 116,
      "power_peak_watt": 475,
      "memory_mb": 49152,
      "disk_mb": 10000000,
      "bandwidth_mbps": 1024
    }
  ]
}