{
  "workflows": [
    {
      "id": 0,
      "tasks": [
        {
          "id": 0,
          "workflow_id": 0,
          "length": 54590,
          "req_memory_mb": 9216,
          "req_cpu_cores": 3,
          "child_ids": [
            1,
            2,
            3,
            5,
            7,
            8,
            10,
            12,
            14,
            15,
            16,
            20,
            21,
            25,
            26
          ]
        },
        {
          "id": 1,
          "workflow_id": 0,
          "length": 57441,
          "req_memory_mb": 61440,
          "req_cpu_cores": 3,
          "child_ids": [
            9,
            13
          ]
        },
        {
          "id": 2,
          "workflow_id": 0,
          "length": 32851,
          "req_memory_mb": 49152,
          "req_cpu_cores": 24,
          "child_ids": [
            4
          ]
        },
        {
          "id": 3,
          "workflow_id": 0,
          "length": 43865,
          "req_memory_mb": 7168,
          "req_cpu_cores": 15,
          "child_ids": [
            19,
            6
          ]
        },
        {
          "id": 4,
          "workflow_id": 0,
          "length": 30348,
          "req_memory_mb": 12288,
          "req_cpu_cores": 30,
          "child_ids": []
        },
        {
          "id": 5,
          "workflow_id": 0,
          "length": 52848,
          "req_memory_mb": 79872,
          "req_cpu_cores": 39,
          "child_ids": [
            18
          ]
        },
        {
          "id": 6,
          "workflow_id": 0,
          "length": 55352,
          "req_memory_mb": 58368,
          "req_cpu_cores": 27,
          "child_ids": [
            17,
            11,
            23
          ]
        },
        {
          "id": 7,
          "workflow_id": 0,
          "length": 67441,
          "req_memory_mb": 87040,
          "req_cpu_cores": 27,
          "child_ids": []
        },
        {
          "id": 8,
          "workflow_id": 0,
          "length": 33961,
          "req_memory_mb": 21504,
          "req_cpu_cores": 9,
          "child_ids": [
            22
          ]
        },
        {
          "id": 9,
          "workflow_id": 0,
          "length": 23776,
          "req_memory_mb": 111616,
          "req_cpu_cores": 9,
          "child_ids": []
        },
        {
          "id": 10,
          "workflow_id": 0,
          "length": 59067,
          "req_memory_mb": 57344,
          "req_cpu_cores": 39,
          "child_ids": []
        },
        {
          "id": 11,
          "workflow_id": 0,
          "length": 54950,
          "req_memory_mb": 83968,
          "req_cpu_cores": 15,
          "child_ids": []
        },
        {
          "id": 12,
          "workflow_id": 0,
          "length": 45206,
          "req_memory_mb": 39936,
          "req_cpu_cores": 39,
          "child_ids": [
            24
          ]
        },
        {
          "id": 13,
          "workflow_id": 0,
          "length": 49301,
          "req_memory_mb": 29696,
          "req_cpu_cores": 15,
          "child_ids": []
        },
        {
          "id": 14,
          "workflow_id": 0,
          "length": 44779,
          "req_memory_mb": 30720,
          "req_cpu_cores": 21,
          "child_ids": [
            17
          ]
        },
        {
          "id": 15,
          "workflow_id": 0,
          "length": 28317,
          "req_memory_mb": 78848,
          "req_cpu_cores": 15,
          "child_ids": []
        },
        {
          "id": 16,
          "workflow_id": 0,
          "length": 67343,
          "req_memory_mb": 3072,
          "req_cpu_cores": 24,
          "child_ids": []
        },
        {
          "id": 17,
          "workflow_id": 0,
          "length": 59704,
          "req_memory_mb": 76800,
          "req_cpu_cores": 12,
          "child_ids": []
        },
        {
          "id": 18,
          "workflow_id": 0,
          "length": 36197,
          "req_memory_mb": 108544,
          "req_cpu_cores": 33,
          "child_ids": []
        },
        {
          "id": 19,
          "workflow_id": 0,
          "length": 54447,
          "req_memory_mb": 100352,
          "req_cpu_cores": 3,
          "child_ids": []
        },
        {
          "id": 20,
          "workflow_id": 0,
          "length": 75804,
          "req_memory_mb": 71680,
          "req_cpu_cores": 18,
          "child_ids": []
        },
        {
          "id": 21,
          "workflow_id": 0,
          "length": 71666,
          "req_memory_mb": 105472,
          "req_cpu_cores": 39,
          "child_ids": []
        },
        {
          "id": 22,
          "workflow_id": 0,
          "length": 43286,
          "req_memory_mb": 20480,
          "req_cpu_cores": 33,
          "child_ids": []
        },
        {
          "id": 23,
          "workflow_id": 0,
          "length": 34425,
          "req_memory_mb": 62464,
          "req_cpu_cores": 24,
          "child_ids": []
        },
        {
          "id": 24,
          "workflow_id": 0,
          "length": 35336,
          "req_memory_mb": 33792,
          "req_cpu_cores": 15,
          "child_ids": []
        },
        {
          "id": 25,
          "workflow_id": 0,
          "length": 45553,
          "req_memory_mb": 54272,
          "req_cpu_cores": 30,
          "child_ids": []
        },
        {
          "id": 26,
          "workflow_id": 0,
          "length": 62310,
          "req_memory_mb": 61440,
          "req_cpu_cores": 3,
          "child_ids": []
        }
      ],
      "arrival_time": 0
    }
  ],
  "vms": [
    {
      "id": 0,
      "host_id": 3,
      "cpu_speed_mips": 1533,
      "memory_mb": 106496,
      "cpu_cores": 16,
      "disk_mb": 1024,
      "bandwidth_mbps": 50,
      "vmm": "Xen"
    },
    {
      "id": 1,
      "host_id": 2,
      "cpu_speed_mips": 4873,
      "memory_mb": 86016,
      "cpu_cores": 16,
      "disk_mb": 1024,
      "bandwidth_mbps": 50,
      "vmm": "Xen"
    },
    {
      "id": 2,
      "host_id": 1,
      "cpu_speed_mips": 3968,
      "memory_mb": 117760,
      "cpu_cores": 56,
      "disk_mb": 1024,
      "bandwidth_mbps": 50,
      "vmm": "Xen"
    },
    {
      "id": 3,
      "host_id": 0,
      "cpu_speed_mips": 1205,
      "memory_mb": 60416,
      "cpu_cores": 40,
      "disk_mb": 1024,
      "bandwidth_mbps": 50,
      "vmm": "Xen"
    },
    {
      "id": 4,
      "host_id": 3,
      "cpu_speed_mips": 3099,
      "memory_mb": 105472,
      "cpu_cores": 16,
      "disk_mb": 1024,
      "bandwidth_mbps": 50,
      "vmm": "Xen"
    },
    {
      "id": 5,
      "host_id": 2,
      "cpu_speed_mips": 2722,
      "memory_mb": 90112,
      "cpu_cores": 16,
      "disk_mb": 1024,
      "bandwidth_mbps": 50,
      "vmm": "Xen"
    },
    {
      "id": 6,
      "host_id": 1,
      "cpu_speed_mips": 3397,
      "memory_mb": 91136,
      "cpu_cores": 56,
      "disk_mb": 1024,
      "bandwidth_mbps": 50,
      "vmm": "Xen"
    },
    {
      "id": 7,
      "host_id": 0,
      "cpu_speed_mips": 1037,
      "memory_mb": 38912,
      "cpu_cores": 40,
      "disk_mb": 1024,
      "bandwidth_mbps": 50,
      "vmm": "Xen"
    },
    {
      "id": 8,
      "host_id": 3,
      "cpu_speed_mips": 2663,
      "memory_mb": 79872,
      "cpu_cores": 16,
      "disk_mb": 1024,
      "bandwidth_mbps": 50,
      "vmm": "Xen"
    },
    {
      "id": 9,
      "host_id": 2,
      "cpu_speed_mips": 2546,
      "memory_mb": 82944,
      "cpu_cores": 16,
      "disk_mb": 1024,
      "bandwidth_mbps": 50,
      "vmm": "Xen"
    },
    {
      "id": 10,
      "host_id": 1,
      "cpu_speed_mips": 2996,
      "memory_mb": 81920,
      "cpu_cores": 56,
      "disk_mb": 1024,
      "bandwidth_mbps": 50,
      "vmm": "Xen"
    },
    {
      "id": 11,
      "host_id": 0,
      "cpu_speed_mips": 599,
      "memory_mb": 84992,
      "cpu_cores": 40,
      "disk_mb": 1024,
      "bandwidth_mbps": 50,
      "vmm": "Xen"
    }
  ],
  "hosts": [
    {
      "id": 0,
      "cores": 40,
      "cpu_speed_mips": 512000,
      "power_idle_watt": 85,
      "power_peak_watt": 450,
      "memory_mb": 131072,
      "disk_mb": 12000000,
      "bandwidth_mbps": 2048
    },
    {
      "id": 1,
      "cores": 56,
      "cpu_speed_mips": 604800,
      "power_idle_watt": 50,
      "power_peak_watt": 432,
      "memory_mb": 167936,
      "disk_mb": 10000000,
      "bandwidth_mbps": 1536
    },
    {
      "id": 2,
      "cores": 16,
      "cpu_speed_mips": 187712,
      "power_idle_watt": 116,
      "power_peak_watt": 475,
      "memory_mb": 49152,
      "disk_mb": 10000000,
      "bandwidth_mbps": 1024
    },
    {
      "id": 3,
      "cores": 16,
      "cpu_speed_mips": 187712,
      "power_idle_watt": 116,
      "power_peak_watt": 475,
      "memory_mb": 49152,
      "disk_mb": 10000000,
      "bandwidth_mbps": 1024
    }
  ]
}