{
  "workflows": [
    {
      "id": 0,
      "tasks": [
        {
          "id": 0,
          "workflow_id": 0,
          "length": 58250,
          "req_memory_mb": 57344,
          "req_cpu_cores": 10,
          "child_ids": [
            1,
            2,
            3,
            4,
            5,
            6,
            9,
            10,
            11,
            13,
            15,
            16,
            17,
            19,
            24
          ]
        },
        {
          "id": 1,
          "workflow_id": 0,
          "length": 32360,
          "req_memory_mb": 28672,
          "req_cpu_cores": 29,
          "child_ids": [
            12,
            22,
            7
          ]
        },
        {
          "id": 2,
          "workflow_id": 0,
          "length": 56500,
          "req_memory_mb": 47104,
          "req_cpu_cores": 28,
          "child_ids": []
        },
        {
          "id": 3,
          "workflow_id": 0,
          "length": 36875,
          "req_memory_mb": 61440,
          "req_cpu_cores": 34,
          "child_ids": []
        },
        {
          "id": 4,
          "workflow_id": 0,
          "length": 71274,
          "req_memory_mb": 10240,
          "req_cpu_cores": 17,
          "child_ids": []
        },
        {
          "id": 5,
          "workflow_id": 0,
          "length": 38681,
          "req_memory_mb": 28672,
          "req_cpu_cores": 17,
          "child_ids": []
        },
        {
          "id": 6,
          "workflow_id": 0,
          "length": 66739,
          "req_memory_mb": 88064,
          "req_cpu_cores": 5,
          "child_ids": [
            8
          ]
        },
        {
          "id": 7,
          "workflow_id": 0,
          "length": 31926,
          "req_memory_mb": 101376,
          "req_cpu_cores": 10,
          "child_ids": [
            18
          ]
        },
        {
          "id": 8,
          "workflow_id": 0,
          "length": 62937,
          "req_memory_mb": 41984,
          "req_cpu_cores": 32,
          "child_ids": [
            14
          ]
        },
        {
          "id": 9,
          "workflow_id": 0,
          "length": 55748,
          "req_memory_mb": 94208,
          "req_cpu_cores": 22,
          "child_ids": []
        },
        {
          "id": 10,
          "workflow_id": 0,
          "length": 86947,
          "req_memory_mb": 111616,
          "req_cpu_cores": 29,
          "child_ids": [
            20
          ]
        },
        {
          "id": 11,
          "workflow_id": 0,
          "length": 72091,
          "req_memory_mb": 46080,
          "req_cpu_cores": 32,
          "child_ids": []
        },
        {
          "id": 12,
          "workflow_id": 0,
          "length": 45811,
          "req_memory_mb": 99328,
          "req_cpu_cores": 28,
          "child_ids": []
        },
        {
          "id": 13,
          "workflow_id": 0,
          "length": 58726,
          "req_memory_mb": 46080,
          "req_cpu_cores": 20,
          "child_ids": [
            23
          ]
        },
        {
          "id": 14,
          "workflow_id": 0,
          "length": 41753,
          "req_memory_mb": 67584,
          "req_cpu_cores": 17,
          "child_ids": [
            25
          ]
        },
        {
          "id": 15,
          "workflow_id": 0,
          "length": 55791,
          "req_memory_mb": 40960,
          "req_cpu_cores": 32,
          "child_ids": [
            22
          ]
        },
        {
          "id": 16,
          "workflow_id": 0,
          "length": 42313,
          "req_memory_mb": 68608,
          "req_cpu_cores": 34,
          "child_ids": []
        },
        {
          "id": 17,
          "workflow_id": 0,
          "length": 76561,
          "req_memory_mb": 99328,
          "req_cpu_cores": 20,
          "child_ids": []
        },
        {
          "id": 18,
          "workflow_id": 0,
          "length": 54782,
          "req_memory_mb": 13312,
          "req_cpu_cores": 22,
          "child_ids": [
            20
          ]
        },
        {
          "id": 19,
          "workflow_id": 0,
          "length": 33963,
          "req_memory_mb": 6144,
          "req_cpu_cores": 15,
          "child_ids": []
        },
        {
          "id": 20,
          "workflow_id": 0,
          "length": 37306,
          "req_memory_mb": 89088,
          "req_cpu_cores": 10,
          "child_ids": [
            21
          ]
        },
        {
          "id": 21,
          "workflow_id": 0,
          "length": 64218,
          "req_memory_mb": 11264,
          "req_cpu_cores": 17,
          "child_ids": []
        },
        {
          "id": 22,
          "workflow_id": 0,
          "length": 75023,
          "req_memory_mb": 95232,
          "req_cpu_cores": 22,
          "child_ids": []
        },
        {
          "id": 23,
          "workflow_id": 0,
          "length": 66373,
          "req_memory_mb": 74752,
          "req_cpu_cores": 20,
          "child_ids": []
        },
        {
          "id": 24,
          "workflow_id": 0,
          "length": 47859,
          "req_memory_mb": 76800,
          "req_cpu_cores": 12,
          "child_ids": []
        },
        {
          "id": 25,
          "workflow_id": 0,
          "length": 26345,
          "req_memory_mb": 23552,
          "req_cpu_cores": 34,
          "child_ids": []
        }
      ],
      "arrival_time": 0
    }
  ],
  "vms": [
    {
      "id": 0,
      "host_id": 3,
      "cpu_speed_mips": 1533,
      "memory_mb": 106496,
      "cpu_cores": 16,
      "disk_mb": 1024,
      "bandwidth_mbps": 50,
      "vmm": "Xen"
    },
    {
      "id": 1,
      "host_id": 2,
      "cpu_speed_mips": 4873,
      "memory_mb": 86016,
      "cpu_cores": 16,
      "disk_mb": 1024,
      "bandwidth_mbps": 50,
      "vmm": "Xen"
    },
    {
      "id": 2,
      "host_id": 1,
      "cpu_speed_mips": 3968,
      "memory_mb": 117760,
      "cpu_cores": 56,
      "disk_mb": 1024,
      "bandwidth_mbps": 50,
      "vmm": "Xen"
    },
    {
      "id": 3,
      "host_id": 0,
      "cpu_speed_mips": 1205,
      "memory_mb": 60416,
      "cpu_cores": 40,
      "disk_mb": 1024,
      "bandwidth_mbps": 50,
      "vmm": "Xen"
    },
    {
      "id": 4,
      "host_id": 3,
      "cpu_speed_mips": 3099,
      "memory_mb": 105472,
      "cpu_cores": 16,
      "disk_mb": 1024,
      "bandwidth_mbps": 50,
      "vmm": "Xen"
    },
    {
      "id": 5,
      "host_id": 2,
      "cpu_speed_mips": 2722,
      "memory_mb": 90112,
      "cpu_cores": 16,
      "disk_mb": 1024,
      "bandwidth_mbps": 50,
      "vmm": "Xen"
    },
    {
      "id": 6,
      "host_id": 1,
      "cpu_speed_mips": 3397,
      "memory_mb": 91136,
      "cpu_cores": 56,
      "disk_mb": 1024,
      "bandwidth_mbps": 50,
      "vmm": "Xen"
    },
    {
      "id": 7,
      "host_id": 0,
      "cpu_speed_mips": 1037,
      "memory_mb": 38912,
      "cpu_cores": 40,
      "disk_mb": 1024,
      "bandwidth_mbps": 50,
      "vmm": "Xen"
    },
    {
      "id": 8,
      "host_id": 3,
      "cpu_speed_mips": 2663,
      "memory_mb": 79872,
      "cpu_cores": 16,
      "disk_mb": 1024,
      "bandwidth_mbps": 50,
      "vmm": "Xen"
    },
    {
      "id": 9,
      "host_id": 2,
      "cpu_speed_mips": 2546,
      "memory_mb": 82944,
      "cpu_cores": 16,
      "disk_mb": 1024,
      "bandwidth_mbps": 50,
      "vmm": "Xen"
    },
    {
      "id": 10,
      "host_id": 1,
      "cpu_speed_mips": 2996,
      "memory_mb": 81920,
      "cpu_cores": 56,
      "disk_mb": 1024,
      "bandwidth_mbps": 50,
      "vmm": "Xen"
    },
    {
      "id": 11,
      "host_id": 0,
      "cpu_speed_mips": 599,
      "memory_mb": 84992,
      "cpu_cores": 40,
      "disk_mb": 1024,
      "bandwidth_mbps": 50,
      "vmm": "Xen"
    }
  ],
  "hosts": [
    {
      "id": 0,
      "cores": 40,
      "cpu_speed_mips": 512000,
      "power_idle_watt": 85,
      "power_peak_watt": 450,
      "memory_mb": 131072,
      "disk_mb": 12000000,
      "bandwidth_mbps": 2048
    },
    {
      "id": 1,
      "cores": 56,
      "cpu_speed_mips": 604800,
      "power_idle_watt": 50,
      "power_peak_watt": 432,
      "memory_mb": 167936,
      "disk_mb": 10000000,
      "bandwidth_mbps": 1536
    },
    {
      "id": 2,
      "cores": 16,
      "cpu_speed_mips": 187712,
      "power_idle_watt": 116,
      "power_peak_watt": 475,
      "memory_mb": 49152,
      "disk_mb": 10000000,
      "bandwidth_mbps": 1024
    },
    {
      "id": 3,
      "cores": 16,
      "cpu_speed_mips": 187712,
      "power_idle_watt": 116,
      "power_peak_watt": 475,
      "memory_mb": 49152,
      "disk_mb": 10000000,
      "bandwidth_mbps": 1024
    }
  ]
}