{
  "workflows": [
    {
      "id": 0,
      "tasks": [
        {
          "id": 0,
          "workflow_id": 0,
          "length": 72397,
          "req_memory_mb": 102400,
          "req_cpu_cores": 14,
          "child_ids": [
            1,
            2,
            3,
            4,
            5,
            6,
            9,
            10,
            11,
            12,
            13,
            14,
            16,
            17,
            18,
            21,
            22,
            23
          ]
        },
        {
          "id": 1,
          "workflow_id": 0,
          "length": 41139,
          "req_memory_mb": 6144,
          "req_cpu_cores": 41,
          "child_ids": []
        },
        {
          "id": 2,
          "workflow_id": 0,
          "length": 57761,
          "req_memory_mb": 48128,
          "req_cpu_cores": 3,
          "child_ids": []
        },
        {
          "id": 3,
          "workflow_id": 0,
          "length": 41119,
          "req_memory_mb": 90112,
          "req_cpu_cores": 3,
          "child_ids": [
            7
          ]
        },
        {
          "id": 4,
          "workflow_id": 0,
          "length": 43285,
          "req_memory_mb": 94208,
          "req_cpu_cores": 23,
          "child_ids": [
            8
          ]
        },
        {
          "id": 5,
          "workflow_id": 0,
          "length": 57138,
          "req_memory_mb": 20480,
          "req_cpu_cores": 35,
          "child_ids": []
        },
        {
          "id": 6,
          "workflow_id": 0,
          "length": 62155,
          "req_memory_mb": 32768,
          "req_cpu_cores": 6,
          "child_ids": []
        },
        {
          "id": 7,
          "workflow_id": 0,
          "length": 33472,
          "req_memory_mb": 89088,
          "req_cpu_cores": 29,
          "child_ids": [
            20
          ]
        },
        {
          "id": 8,
          "workflow_id": 0,
          "length": 53335,
          "req_memory_mb": 107520,
          "req_cpu_cores": 32,
          "child_ids": []
        },
        {
          "id": 9,
          "workflow_id": 0,
          "length": 55027,
          "req_memory_mb": 7168,
          "req_cpu_cores": 9,
          "child_ids": []
        },
        {
          "id": 10,
          "workflow_id": 0,
          "length": 29679,
          "req_memory_mb": 30720,
          "req_cpu_cores": 26,
          "child_ids": []
        },
        {
          "id": 11,
          "workflow_id": 0,
          "length": 42097,
          "req_memory_mb": 26624,
          "req_cpu_cores": 26,
          "child_ids": []
        },
        {
          "id": 12,
          "workflow_id": 0,
          "length": 57784,
          "req_memory_mb": 63488,
          "req_cpu_cores": 41,
          "child_ids": []
        },
        {
          "id": 13,
          "workflow_id": 0,
          "length": 35169,
          "req_memory_mb": 36864,
          "req_cpu_cores": 26,
          "child_ids": [
            15
          ]
        },
        {
          "id": 14,
          "workflow_id": 0,
          "length": 55845,
          "req_memory_mb": 66560,
          "req_cpu_cores": 20,
          "child_ids": [
            15
          ]
        },
        {
          "id": 15,
          "workflow_id": 0,
          "length": 37927,
          "req_memory_mb": 17408,
          "req_cpu_cores": 14,
          "child_ids": [
            19
          ]
        },
        {
          "id": 16,
          "workflow_id": 0,
          "length": 46305,
          "req_memory_mb": 36864,
          "req_cpu_cores": 6,
          "child_ids": []
        },
        {
          "id": 17,
          "workflow_id": 0,
          "length": 63305,
          "req_memory_mb": 16384,
          "req_cpu_cores": 17,
          "child_ids": [
            19
          ]
        },
        {
          "id": 18,
          "workflow_id": 0,
          "length": 72175,
          "req_memory_mb": 24576,
          "req_cpu_cores": 6,
          "child_ids": []
        },
        {
          "id": 19,
          "workflow_id": 0,
          "length": 57863,
          "req_memory_mb": 36864,
          "req_cpu_cores": 14,
          "child_ids": []
        },
        {
          "id": 20,
          "workflow_id": 0,
          "length": 55277,
          "req_memory_mb": 7168,
          "req_cpu_cores": 3,
          "child_ids": []
        },
        {
          "id": 21,
          "workflow_id": 0,
          "length": 19404,
          "req_memory_mb": 80896,
          "req_cpu_cores": 26,
          "child_ids": []
        },
        {
          "id": 22,
          "workflow_id": 0,
          "length": 59714,
          "req_memory_mb": 62464,
          "req_cpu_cores": 14,
          "child_ids": []
        },
        {
          "id": 23,
          "workflow_id": 0,
          "length": 52212,
          "req_memory_mb": 93184,
          "req_cpu_cores": 14,
          "child_ids": []
        }
      ],
      "arrival_time": 0
    }
  ],
  "vms": [
    {
      "id": 0,
      "host_id": 3,
      "cpu_speed_mips": 1533,
      "memory_mb": 106496,
      "cpu_cores": 16,
      "disk_mb": 1024,
      "bandwidth_mbps": 50,
      "vmm": "Xen"
    },
    {
      "id": 1,
      "host_id": 2,
      "cpu_speed_mips": 4873,
      "memory_mb": 86016,
      "cpu_cores": 16,
      "disk_mb": 1024,
      "bandwidth_mbps": 50,
      "vmm": "Xen"
    },
    {
      "id": 2,
      "host_id": 1,
      "cpu_speed_mips": 3968,
      "memory_mb": 117760,
      "cpu_cores": 56,
      "disk_mb": 1024,
      "bandwidth_mbps": 50,
      "vmm": "Xen"
    },
    {
      "id": 3,
      "host_id": 0,
      "cpu_speed_mips": 1205,
      "memory_mb": 60416,
      "cpu_cores": 40,
      "disk_mb": 1024,
      "bandwidth_mbps": 50,
      "vmm": "Xen"
    },
    {
      "id": 4,
      "host_id": 3,
      "cpu_speed_mips": 3099,
      "memory_mb": 105472,
      "cpu_cores": 16,
      "disk_mb": 1024,
      "bandwidth_mbps": 50,
      "vmm": "Xen"
    },
    {
      "id": 5,
      "host_id": 2,
      "cpu_speed_mips": 2722,
      "memory_mb": 90112,
      "cpu_cores": 16,
      "disk_mb": 1024,
      "bandwidth_mbps": 50,
      "vmm": "Xen"
    },
    {
      "id": 6,
      "host_id": 1,
      "cpu_speed_mips": 3397,
      "memory_mb": 91136,
      "cpu_cores": 56,
      "disk_mb": 1024,
      "bandwidth_mbps": 50,
      "vmm": "Xen"
    },
    {
      "id": 7,
      "host_id": 0,
      "cpu_speed_mips": 1037,
      "memory_mb": 38912,
      "cpu_cores": 40,
      "disk_mb": 1024,
      "bandwidth_mbps": 50,
      "vmm": "Xen"
    },
    {
      "id": 8,
      "host_id": 3,
      "cpu_speed_mips": 2663,
      "memory_mb": 79872,
      "cpu_cores": 16,
      "disk_mb": 1024,
      "bandwidth_mbps": 50,
      "vmm": "Xen"
    },
    {
      "id": 9,
      "host_id": 2,
      "cpu_speed_mips": 2546,
      "memory_mb": 82944,
      "cpu_cores": 16,
      "disk_mb": 1024,
      "bandwidth_mbps": 50,
      "vmm": "Xen"
    },
    {
      "id": 10,
      "host_id": 1,
      "cpu_speed_mips": 2996,
      "memory_mb": 81920,
      "cpu_cores": 56,
      "disk_mb": 1024,
      "bandwidth_mbps": 50,
      "vmm": "Xen"
    },
    {
      "id": 11,
      "host_id": 0,
      "cpu_speed_mips": 599,
      "memory_mb": 84992,
      "cpu_cores": 40,
      "disk_mb": 1024,
      "bandwidth_mbps": 50,
      "vmm": "Xen"
    }
  ],
  "hosts": [
    {
      "id": 0,
      "cores": 40,
      "cpu_speed_mips": 512000,
      "power_idle_watt": 85,
      "power_peak_watt": 450,
      "memory_mb": 131072,
      "disk_mb": 12000000,
      "bandwidth_mbps": 2048
    },
    {
      "id": 1,
      "cores": 56,
      "cpu_speed_mips": 604800,
      "power_idle_watt": 50,
      "power_peak_watt": 432,
      "memory_mb": 167936,
      "disk_mb": 10000000,
      "bandwidth_mbps": 1536
    },
    {
      "id": 2,
      "cores": 16,
      "cpu_speed_mips": 187712,
      "power_idle_watt": 116,
      "power_peak_watt": 475,
      "memory_mb": 49152,
      "disk_mb": 10000000,
      "bandwidth_mbps": 1024
    },
    {
      "id": 3,
      "cores": 16,
      "cpu_speed_mips": 187712,
      "power_idle_watt": 116,
      "power_peak_watt": 475,
      "memory_mb": 49152,
      "disk_mb": 10000000,
      "bandwidth_mbps": 1024
    }
  ]
}