{
  "workflows": [
    {
      "id": 0,
      "tasks": [
        {
          "id": 0,
          "workflow_id": 0,
          "length": 51972,
          "req_memory_mb": 81920,
          "req_cpu_cores": 13,
          "child_ids": [
            1,
            2,
            3,
            4,
            5,
            6,
            7,
            8,
            10,
            11,
            12,
            14,
            16,
            17,
            20
          ]
        },
        {
          "id": 1,
          "workflow_id": 0,
          "length": 45478,
          "req_memory_mb": 86016,
          "req_cpu_cores": 20,
          "child_ids": []
        },
        {
          "id": 2,
          "workflow_id": 0,
          "length": 54872,
          "req_memory_mb": 20480,
          "req_cpu_cores": 15,
          "child_ids": [
            9
          ]
        },
        {
          "id": 3,
          "workflow_id": 0,
          "length": 37113,
          "req_memory_mb": 78848,
          "req_cpu_cores": 3,
          "child_ids": []
        },
        {
          "id": 4,
          "workflow_id": 0,
          "length": 30990,
          "req_memory_mb": 51200,
          "req_cpu_cores": 35,
          "child_ids": [
            25,
            19
          ]
        },
        {
          "id": 5,
          "workflow_id": 0,
          "length": 40945,
          "req_memory_mb": 11264,
          "req_cpu_cores": 30,
          "child_ids": []
        },
        {
          "id": 6,
          "workflow_id": 0,
          "length": 38907,
          "req_memory_mb": 49152,
          "req_cpu_cores": 35,
          "child_ids": []
        },
        {
          "id": 7,
          "workflow_id": 0,
          "length": 48946,
          "req_memory_mb": 77824,
          "req_cpu_cores": 33,
          "child_ids": [
            26,
            15
          ]
        },
        {
          "id": 8,
          "workflow_id": 0,
          "length": 75811,
          "req_memory_mb": 97280,
          "req_cpu_cores": 25,
          "child_ids": [
            27,
            19
          ]
        },
        {
          "id": 9,
          "workflow_id": 0,
          "length": 39213,
          "req_memory_mb": 104448,
          "req_cpu_cores": 3,
          "child_ids": []
        },
        {
          "id": 10,
          "workflow_id": 0,
          "length": 53495,
          "req_memory_mb": 19456,
          "req_cpu_cores": 15,
          "child_ids": []
        },
        {
          "id": 11,
          "workflow_id": 0,
          "length": 59608,
          "req_memory_mb": 88064,
          "req_cpu_cores": 35,
          "child_ids": []
        },
        {
          "id": 12,
          "workflow_id": 0,
          "length": 39033,
          "req_memory_mb": 12288,
          "req_cpu_cores": 10,
          "child_ids": [
            24,
            21,
            13
          ]
        },
        {
          "id": 13,
          "workflow_id": 0,
          "length": 45119,
          "req_memory_mb": 35840,
          "req_cpu_cores": 10,
          "child_ids": [
            23
          ]
        },
        {
          "id": 14,
          "workflow_id": 0,
          "length": 48115,
          "req_memory_mb": 93184,
          "req_cpu_cores": 35,
          "child_ids": [
            22
          ]
        },
        {
          "id": 15,
          "workflow_id": 0,
          "length": 56748,
          "req_memory_mb": 47104,
          "req_cpu_cores": 20,
          "child_ids": []
        },
        {
          "id": 16,
          "workflow_id": 0,
          "length": 62762,
          "req_memory_mb": 104448,
          "req_cpu_cores": 20,
          "child_ids": []
        },
        {
          "id": 17,
          "workflow_id": 0,
          "length": 45195,
          "req_memory_mb": 18432,
          "req_cpu_cores": 30,
          "child_ids": [
            18
          ]
        },
        {
          "id": 18,
          "workflow_id": 0,
          "length": 46332,
          "req_memory_mb": 70656,
          "req_cpu_cores": 35,
          "child_ids": []
        },
        {
          "id": 19,
          "workflow_id": 0,
          "length": 43573,
          "req_memory_mb": 80896,
          "req_cpu_cores": 5,
          "child_ids": []
        },
        {
          "id": 20,
          "workflow_id": 0,
          "length": 49017,
          "req_memory_mb": 23552,
          "req_cpu_cores": 20,
          "child_ids": [
            26,
            28
          ]
        },
        {
          "id": 21,
          "workflow_id": 0,
          "length": 39547,
          "req_memory_mb": 76800,
          "req_cpu_cores": 28,
          "child_ids": []
        },
        {
          "id": 22,
          "workflow_id": 0,
          "length": 90049,
          "req_memory_mb": 56320,
          "req_cpu_cores": 25,
          "child_ids": []
        },
        {
          "id": 23,
          "workflow_id": 0,
          "length": 63464,
          "req_memory_mb": 78848,
          "req_cpu_cores": 18,
          "child_ids": []
        },
        {
          "id": 24,
          "workflow_id": 0,
          "length": 25514,
          "req_memory_mb": 40960,
          "req_cpu_cores": 30,
          "child_ids": []
        },
        {
          "id": 25,
          "workflow_id": 0,
          "length": 32042,
          "req_memory_mb": 103424,
          "req_cpu_cores": 35,
          "child_ids": []
        },
        {
          "id": 26,
          "workflow_id": 0,
          "length": 93045,
          "req_memory_mb": 89088,
          "req_cpu_cores": 5,
          "child_ids": []
        },
        {
          "id": 27,
          "workflow_id": 0,
          "length": 43421,
          "req_memory_mb": 29696,
          "req_cpu_cores": 30,
          "child_ids": []
        },
        {
          "id": 28,
          "workflow_id": 0,
          "length": 39067,
          "req_memory_mb": 1024,
          "req_cpu_cores": 28,
          "child_ids": []
        }
      ],
      "arrival_time": 0
    }
  ],
  "vms": [
    {
      "id": 0,
      "host_id": 3,
      "cpu_speed_mips": 1533,
      "memory_mb": 106496,
      "cpu_cores": 16,
      "disk_mb": 1024,
      "bandwidth_mbps": 50,
      "vmm": "Xen"
    },
    {
      "id": 1,
      "host_id": 2,
      "cpu_speed_mips": 4873,
      "memory_mb": 86016,
      "cpu_cores": 16,
      "disk_mb": 1024,
      "bandwidth_mbps": 50,
      "vmm": "Xen"
    },
    {
      "id": 2,
      "host_id": 1,
      "cpu_speed_mips": 3968,
      "memory_mb": 117760,
      "cpu_cores": 56,
      "disk_mb": 1024,
      "bandwidth_mbps": 50,
      "vmm": "Xen"
    },
    {
      "id": 3,
      "host_id": 0,
      "cpu_speed_mips": 1205,
      "memory_mb": 60416,
      "cpu_cores": 40,
      "disk_mb": 1024,
      "bandwidth_mbps": 50,
      "vmm": "Xen"
    },
    {
      "id": 4,
      "host_id": 3,
      "cpu_speed_mips": 3099,
      "memory_mb": 105472,
      "cpu_cores": 16,
      "disk_mb": 1024,
      "bandwidth_mbps": 50,
      "vmm": "Xen"
    },
    {
      "id": 5,
      "host_id": 2,
      "cpu_speed_mips": 2722,
      "memory_mb": 90112,
      "cpu_cores": 16,
      "disk_mb": 1024,
      "bandwidth_mbps": 50,
      "vmm": "Xen"
    },
    {
      "id": 6,
      "host_id": 1,
      "cpu_speed_mips": 3397,
      "memory_mb": 91136,
      "cpu_cores": 56,
      "disk_mb": 1024,
      "bandwidth_mbps": 50,
      "vmm": "Xen"
    },
    {
      "id": 7,
      "host_id": 0,
      "cpu_speed_mips": 1037,
      "memory_mb": 38912,
      "cpu_cores": 40,
      "disk_mb": 1024,
      "bandwidth_mbps": 50,
      "vmm": "Xen"
    },
    {
      "id": 8,
      "host_id": 3,
      "cpu_speed_mips": 2663,
      "memory_mb": 79872,
      "cpu_cores": 16,
      "disk_mb": 1024,
      "bandwidth_mbps": 50,
      "vmm": "Xen"
    },
    {
      "id": 9,
      "host_id": 2,
      "cpu_speed_mips": 2546,
      "memory_mb": 82944,
      "cpu_cores": 16,
      "disk_mb": 1024,
      "bandwidth_mbps": 50,
      "vmm": "Xen"
    },
    {
      "id": 10,
      "host_id": 1,
      "cpu_speed_mips": 2996,
      "memory_mb": 81920,
      "cpu_cores": 56,
      "disk_mb": 1024,
      "bandwidth_mbps": 50,
      "vmm": "Xen"
    },
    {
      "id": 11,
      "host_id": 0,
      "cpu_speed_mips": 599,
      "memory_mb": 84992,
      "cpu_cores": 40,
      "disk_mb": 1024,
      "bandwidth_mbps": 50,
      "vmm": "Xen"
    }
  ],
  "hosts": [
    {
      "id": 0,
      "cores": 40,
      "cpu_speed_mips": 512000,
      "power_idle_watt": 85,
      "power_peak_watt": 450,
      "memory_mb": 131072,
      "disk_mb": 12000000,
      "bandwidth_mbps": 2048
    },
    {
      "id": 1,
      "cores": 56,
      "cpu_speed_mips": 604800,
      "power_idle_watt": 50,
      "power_peak_watt": 432,
      "memory_mb": 167936,
      "disk_mb": 10000000,
      "bandwidth_mbps": 1536
    },
    {
      "id": 2,
      "cores": 16,
      "cpu_speed_mips": 187712,
      "power_idle_watt": 116,
      "power_peak_watt": 475,
      "memory_mb": 49152,
      "disk_mb": 10000000,
      "bandwidth_mbps": 1024
    },
    {
      "id": 3,
      "cores": 16,
      "cpu_speed_mips": 187712,
      "power_idle_watt": 116,
      "power_peak_watt": 475,
      "memory_mb": 49152,
      "disk_mb": 10000000,
      "bandwidth_mbps": 1024
    }
  ]
}