{
  "workflows": [
    {
      "id": 0,
      "tasks": [
        {
          "id": 0,
          "workflow_id": 0,
          "length": 65657,
          "req_memory_mb": 34816,
          "req_cpu_cores": 20,
          "child_ids": [
            1,
            2,
            3,
            4,
            5,
            6,
            7,
            9,
            10,
            12,
            13,
            16,
            17,
            19,
            20,
            21,
            22,
            23,
            24,
            25,
            26
          ]
        },
        {
          "id": 1,
          "workflow_id": 0,
          "length": 59188,
          "req_memory_mb": 84992,
          "req_cpu_cores": 24,
          "child_ids": []
        },
        {
          "id": 2,
          "workflow_id": 0,
          "length": 42565,
          "req_memory_mb": 84992,
          "req_cpu_cores": 18,
          "child_ids": []
        },
        {
          "id": 3,
          "workflow_id": 0,
          "length": 55383,
          "req_memory_mb": 44032,
          "req_cpu_cores": 24,
          "child_ids": []
        },
        {
          "id": 4,
          "workflow_id": 0,
          "length": 75848,
          "req_memory_mb": 74752,
          "req_cpu_cores": 17,
          "child_ids": [
            15
          ]
        },
        {
          "id": 5,
          "workflow_id": 0,
          "length": 1499,
          "req_memory_mb": 62464,
          "req_cpu_cores": 7,
          "child_ids": [
            8
          ]
        },
        {
          "id": 6,
          "workflow_id": 0,
          "length": 68807,
          "req_memory_mb": 57344,
          "req_cpu_cores": 4,
          "child_ids": []
        },
        {
          "id": 7,
          "workflow_id": 0,
          "length": 45393,
          "req_memory_mb": 50176,
          "req_cpu_cores": 20,
          "child_ids": []
        },
        {
          "id": 8,
          "workflow_id": 0,
          "length": 67938,
          "req_memory_mb": 61440,
          "req_cpu_cores": 26,
          "child_ids": []
        },
        {
          "id": 9,
          "workflow_id": 0,
          "length": 52793,
          "req_memory_mb": 34816,
          "req_cpu_cores": 24,
          "child_ids": [
            14
          ]
        },
        {
          "id": 10,
          "workflow_id": 0,
          "length": 81160,
          "req_memory_mb": 89088,
          "req_cpu_cores": 26,
          "child_ids": [
            11
          ]
        },
        {
          "id": 11,
          "workflow_id": 0,
          "length": 52479,
          "req_memory_mb": 33792,
          "req_cpu_cores": 9,
          "child_ids": [
            18
          ]
        },
        {
          "id": 12,
          "workflow_id": 0,
          "length": 73430,
          "req_memory_mb": 61440,
          "req_cpu_cores": 17,
          "child_ids": []
        },
        {
          "id": 13,
          "workflow_id": 0,
          "length": 55799,
          "req_memory_mb": 79872,
          "req_cpu_cores": 24,
          "child_ids": []
        },
        {
          "id": 14,
          "workflow_id": 0,
          "length": 31879,
          "req_memory_mb": 6144,
          "req_cpu_cores": 6,
          "child_ids": [
            18
          ]
        },
        {
          "id": 15,
          "workflow_id": 0,
          "length": 43344,
          "req_memory_mb": 10240,
          "req_cpu_cores": 24,
          "child_ids": []
        },
        {
          "id": 16,
          "workflow_id": 0,
          "length": 51176,
          "req_memory_mb": 5120,
          "req_cpu_cores": 26,
          "child_ids": []
        },
        {
          "id": 17,
          "workflow_id": 0,
          "length": 59340,
          "req_memory_mb": 65536,
          "req_cpu_cores": 11,
          "child_ids": []
        },
        {
          "id": 18,
          "workflow_id": 0,
          "length": 53311,
          "req_memory_mb": 36864,
          "req_cpu_cores": 24,
          "child_ids": []
        },
        {
          "id": 19,
          "workflow_id": 0,
          "length": 53756,
          "req_memory_mb": 32768,
          "req_cpu_cores": 15,
          "child_ids": []
        },
        {
          "id": 20,
          "workflow_id": 0,
          "length": 55279,
          "req_memory_mb": 37888,
          "req_cpu_cores": 13,
          "child_ids": []
        },
        {
          "id": 21,
          "workflow_id": 0,
          "length": 50926,
          "req_memory_mb": 14336,
          "req_cpu_cores": 22,
          "child_ids": []
        },
        {
          "id": 22,
          "workflow_id": 0,
          "length": 19413,
          "req_memory_mb": 1024,
          "req_cpu_cores": 4,
          "child_ids": []
        },
        {
          "id": 23,
          "workflow_id": 0,
          "length": 34639,
          "req_memory_mb": 36864,
          "req_cpu_cores": 13,
          "child_ids": []
        },
        {
          "id": 24,
          "workflow_id": 0,
          "length": 46665,
          "req_memory_mb": 27648,
          "req_cpu_cores": 18,
          "child_ids": []
        },
        {
          "id": 25,
          "workflow_id": 0,
          "length": 44001,
          "req_memory_mb": 66560,
          "req_cpu_cores": 7,
          "child_ids": []
        },
        {
          "id": 26,
          "workflow_id": 0,
          "length": 79177,
          "req_memory_mb": 30720,
          "req_cpu_cores": 15,
          "child_ids": []
        }
      ],
      "arrival_time": 0
    }
  ],
  "vms": [
    {
      "id": 0,
      "host_id": 3,
      "cpu_speed_mips": 1533,
      "memory_mb": 106496,
      "cpu_cores": 16,
      "disk_mb": 1024,
      "bandwidth_mbps": 50,
      "vmm": "Xen"
    },
    {
      "id": 1,
      "host_id": 2,
      "cpu_speed_mips": 4873,
      "memory_mb": 86016,
      "cpu_cores": 16,
      "disk_mb": 1024,
      "bandwidth_mbps": 50,
      "vmm": "Xen"
    },
    {
      "id": 2,
      "host_id": 1,
      "cpu_speed_mips": 3968,
      "memory_mb": 117760,
      "cpu_cores": 56,
      "disk_mb": 1024,
      "bandwidth_mbps": 50,
      "vmm": "Xen"
    },
    {
      "id": 3,
      "host_id": 0,
      "cpu_speed_mips": 1205,
      "memory_mb": 60416,
      "cpu_cores": 40,
      "disk_mb": 1024,
      "bandwidth_mbps": 50,
      "vmm": "Xen"
    },
    {
      "id": 4,
      "host_id": 3,
      "cpu_speed_mips": 3099,
      "memory_mb": 105472,
      "cpu_cores": 16,
      "disk_mb": 1024,
      "bandwidth_mbps": 50,
      "vmm": "Xen"
    },
    {
      "id": 5,
      "host_id": 2,
      "cpu_speed_mips": 2722,
      "memory_mb": 90112,
      "cpu_cores": 16,
      "disk_mb": 1024,
      "bandwidth_mbps": 50,
      "vmm": "Xen"
    },
    {
      "id": 6,
      "host_id": 1,
      "cpu_speed_mips": 3397,
      "memory_mb": 91136,
      "cpu_cores": 56,
      "disk_mb": 1024,
      "bandwidth_mbps": 50,
      "vmm": "Xen"
    },
    {
      "id": 7,
      "host_id": 0,
      "cpu_speed_mips": 1037,
      "memory_mb": 38912,
      "cpu_cores": 40,
      "disk_mb": 1024,
      "bandwidth_mbps": 50,
      "vmm": "Xen"
    },
    {
      "id": 8,
      "host_id": 3,
      "cpu_speed_mips": 2663,
      "memory_mb": 79872,
      "cpu_cores": 16,
      "disk_mb": 1024,
      "bandwidth_mbps": 50,
      "vmm": "Xen"
    },
    {
      "id": 9,
      "host_id": 2,
      "cpu_speed_mips": 2546,
      "memory_mb": 82944,
      "cpu_cores": 16,
      "disk_mb": 1024,
      "bandwidth_mbps": 50,
      "vmm": "Xen"
    },
    {
      "id": 10,
      "host_id": 1,
      "cpu_speed_mips": 2996,
      "memory_mb": 81920,
      "cpu_cores": 56,
      "disk_mb": 1024,
      "bandwidth_mbps": 50,
      "vmm": "Xen"
    },
    {
      "id": 11,
      "host_id": 0,
      "cpu_speed_mips": 599,
      "memory_mb": 84992,
      "cpu_cores": 40,
      "disk_mb": 1024,
      "bandwidth_mbps": 50,
      "vmm": "Xen"
    }
  ],
  "hosts": [
    {
      "id": 0,
      "cores": 40,
      "cpu_speed_mips": 512000,
      "power_idle_watt": 85,
      "power_peak_watt": 450,
      "memory_mb": 131072,
      "disk_mb": 12000000,
      "bandwidth_mbps": 2048
    },
    {
      "id": 1,
      "cores": 56,
      "cpu_speed_mips": 604800,
      "power_idle_watt": 50,
      "power_peak_watt": 432,
      "memory_mb": 167936,
      "disk_mb": 10000000,
      "bandwidth_mbps": 1536
    },
    {
      "id": 2,
      "cores": 16,
      "cpu_speed_mips": 187712,
      "power_idle_watt": 116,
      "power_peak_watt": 475,
      "memory_mb": 49152,
      "disk_mb": 10000000,
      "bandwidth_mbps": 1024
    },
    {
      "id": 3,
      "cores": 16,
      "cpu_speed_mips": 187712,
      "power_idle_watt": 116,
      "power_peak_watt": 475,
      "memory_mb": 49152,
      "disk_mb": 10000000,
      "bandwidth_mbps": 1024
    }
  ]
}