{
  "workflows": [
    {
      "id": 0,
      "tasks": [
        {
          "id": 0,
          "workflow_id": 0,
          "length": 41538,
          "req_memory_mb": 11264,
          "req_cpu_cores": 9,
          "child_ids": [
            1,
            2,
            3,
            4,
            5,
            6,
            7,
            8,
            10,
            13,
            15,
            17,
            18,
            20,
            21,
            22,
            23,
            25
          ]
        },
        {
          "id": 1,
          "workflow_id": 0,
          "length": 38516,
          "req_memory_mb": 26624,
          "req_cpu_cores": 32,
          "child_ids": []
        },
        {
          "id": 2,
          "workflow_id": 0,
          "length": 49881,
          "req_memory_mb": 55296,
          "req_cpu_cores": 16,
          "child_ids": [
            9
          ]
        },
        {
          "id": 3,
          "workflow_id": 0,
          "length": 80059,
          "req_memory_mb": 4096,
          "req_cpu_cores": 32,
          "child_ids": [
            19,
            11
          ]
        },
        {
          "id": 4,
          "workflow_id": 0,
          "length": 50504,
          "req_memory_mb": 3072,
          "req_cpu_cores": 14,
          "child_ids": []
        },
        {
          "id": 5,
          "workflow_id": 0,
          "length": 67536,
          "req_memory_mb": 63488,
          "req_cpu_cores": 32,
          "child_ids": []
        },
        {
          "id": 6,
          "workflow_id": 0,
          "length": 61182,
          "req_memory_mb": 84992,
          "req_cpu_cores": 25,
          "child_ids": [
            12
          ]
        },
        {
          "id": 7,
          "workflow_id": 0,
          "length": 23627,
          "req_memory_mb": 24576,
          "req_cpu_cores": 25,
          "child_ids": [
            14
          ]
        },
        {
          "id": 8,
          "workflow_id": 0,
          "length": 35503,
          "req_memory_mb": 20480,
          "req_cpu_cores": 2,
          "child_ids": []
        },
        {
          "id": 9,
          "workflow_id": 0,
          "length": 22636,
          "req_memory_mb": 106496,
          "req_cpu_cores": 9,
          "child_ids": []
        },
        {
          "id": 10,
          "workflow_id": 0,
          "length": 62569,
          "req_memory_mb": 69632,
          "req_cpu_cores": 14,
          "child_ids": []
        },
        {
          "id": 11,
          "workflow_id": 0,
          "length": 53606,
          "req_memory_mb": 40960,
          "req_cpu_cores": 18,
          "child_ids": [
            16,
            24
          ]
        },
        {
          "id": 12,
          "workflow_id": 0,
          "length": 50444,
          "req_memory_mb": 98304,
          "req_cpu_cores": 23,
          "child_ids": []
        },
        {
          "id": 13,
          "workflow_id": 0,
          "length": 52339,
          "req_memory_mb": 11264,
          "req_cpu_cores": 32,
          "child_ids": [
            14
          ]
        },
        {
          "id": 14,
          "workflow_id": 0,
          "length": 48839,
          "req_memory_mb": 58368,
          "req_cpu_cores": 18,
          "child_ids": []
        },
        {
          "id": 15,
          "workflow_id": 0,
          "length": 64929,
          "req_memory_mb": 89088,
          "req_cpu_cores": 28,
          "child_ids": []
        },
        {
          "id": 16,
          "workflow_id": 0,
          "length": 56747,
          "req_memory_mb": 83968,
          "req_cpu_cores": 28,
          "child_ids": []
        },
        {
          "id": 17,
          "workflow_id": 0,
          "length": 6792,
          "req_memory_mb": 107520,
          "req_cpu_cores": 5,
          "child_ids": []
        },
        {
          "id": 18,
          "workflow_id": 0,
          "length": 49797,
          "req_memory_mb": 34816,
          "req_cpu_cores": 14,
          "child_ids": []
        },
        {
          "id": 19,
          "workflow_id": 0,
          "length": 66228,
          "req_memory_mb": 13312,
          "req_cpu_cores": 28,
          "child_ids": []
        },
        {
          "id": 20,
          "workflow_id": 0,
          "length": 39570,
          "req_memory_mb": 16384,
          "req_cpu_cores": 14,
          "child_ids": []
        },
        {
          "id": 21,
          "workflow_id": 0,
          "length": 48289,
          "req_memory_mb": 81920,
          "req_cpu_cores": 2,
          "child_ids": []
        },
        {
          "id": 22,
          "workflow_id": 0,
          "length": 48710,
          "req_memory_mb": 2048,
          "req_cpu_cores": 28,
          "child_ids": []
        },
        {
          "id": 23,
          "workflow_id": 0,
          "length": 63098,
          "req_memory_mb": 79872,
          "req_cpu_cores": 28,
          "child_ids": []
        },
        {
          "id": 24,
          "workflow_id": 0,
          "length": 67779,
          "req_memory_mb": 84992,
          "req_cpu_cores": 16,
          "child_ids": []
        },
        {
          "id": 25,
          "workflow_id": 0,
          "length": 49787,
          "req_memory_mb": 106496,
          "req_cpu_cores": 25,
          "child_ids": []
        }
      ],
      "arrival_time": 0
    }
  ],
  "vms": [
    {
      "id": 0,
      "host_id": 3,
      "cpu_speed_mips": 1533,
      "memory_mb": 106496,
      "cpu_cores": 16,
      "disk_mb": 1024,
      "bandwidth_mbps": 50,
      "vmm": "Xen"
    },
    {
      "id": 1,
      "host_id": 2,
      "cpu_speed_mips": 4873,
      "memory_mb": 86016,
      "cpu_cores": 16,
      "disk_mb": 1024,
      "bandwidth_mbps": 50,
      "vmm": "Xen"
    },
    {
      "id": 2,
      "host_id": 1,
      "cpu_speed_mips": 3968,
      "memory_mb": 117760,
      "cpu_cores": 56,
      "disk_mb": 1024,
      "bandwidth_mbps": 50,
      "vmm": "Xen"
    },
    {
      "id": 3,
      "host_id": 0,
      "cpu_speed_mips": 1205,
      "memory_mb": 60416,
      "cpu_cores": 40,
      "disk_mb": 1024,
      "bandwidth_mbps": 50,
      "vmm": "Xen"
    },
    {
      "id": 4,
      "host_id": 3,
      "cpu_speed_mips": 3099,
      "memory_mb": 105472,
      "cpu_cores": 16,
      "disk_mb": 1024,
      "bandwidth_mbps": 50,
      "vmm": "Xen"
    },
    {
      "id": 5,
      "host_id": 2,
      "cpu_speed_mips": 2722,
      "memory_mb": 90112,
      "cpu_cores": 16,
      "disk_mb": 1024,
      "bandwidth_mbps": 50,
      "vmm": "Xen"
    },
    {
      "id": 6,
      "host_id": 1,
      "cpu_speed_mips": 3397,
      "memory_mb": 91136,
      "cpu_cores": 56,
      "disk_mb": 1024,
      "bandwidth_mbps": 50,
      "vmm": "Xen"
    },
    {
      "id": 7,
      "host_id": 0,
      "cpu_speed_mips": 1037,
      "memory_mb": 38912,
      "cpu_cores": 40,
      "disk_mb": 1024,
      "bandwidth_mbps": 50,
      "vmm": "Xen"
    },
    {
      "id": 8,
      "host_id": 3,
      "cpu_speed_mips": 2663,
      "memory_mb": 79872,
      "cpu_cores": 16,
      "disk_mb": 1024,
      "bandwidth_mbps": 50,
      "vmm": "Xen"
    },
    {
      "id": 9,
      "host_id": 2,
      "cpu_speed_mips": 2546,
      "memory_mb": 82944,
      "cpu_cores": 16,
      "disk_mb": 1024,
      "bandwidth_mbps": 50,
      "vmm": "Xen"
    },
    {
      "id": 10,
      "host_id": 1,
      "cpu_speed_mips": 2996,
      "memory_mb": 81920,
      "cpu_cores": 56,
      "disk_mb": 1024,
      "bandwidth_mbps": 50,
      "vmm": "Xen"
    },
    {
      "id": 11,
      "host_id": 0,
      "cpu_speed_mips": 599,
      "memory_mb": 84992,
      "cpu_cores": 40,
      "disk_mb": 1024,
      "bandwidth_mbps": 50,
      "vmm": "Xen"
    }
  ],
  "hosts": [
    {
      "id": 0,
      "cores": 40,
      "cpu_speed_mips": 512000,
      "power_idle_watt": 85,
      "power_peak_watt": 450,
      "memory_mb": 131072,
      "disk_mb": 12000000,
      "bandwidth_mbps": 2048
    },
    {
      "id": 1,
      "cores": 56,
      "cpu_speed_mips": 604800,
      "power_idle_watt": 50,
      "power_peak_watt": 432,
      "memory_mb": 167936,
      "disk_mb": 10000000,
      "bandwidth_mbps": 1536
    },
    {
      "id": 2,
      "cores": 16,
      "cpu_speed_mips": 187712,
      "power_idle_watt": 116,
      "power_peak_watt": 475,
      "memory_mb": 49152,
      "disk_mb": 10000000,
      "bandwidth_mbps": 1024
    },
    {
      "id": 3,
      "cores": 16,
      "cpu_speed_mips": 187712,
      "power_idle_watt": 116,
      "power_peak_watt": 475,
      "memory_mb": 49152,
      "disk_mb": 10000000,
      "bandwidth_mbps": 1024
    }
  ]
}