{
  "workflows": [
    {
      "id": 0,
      "tasks": [
        {
          "id": 0,
          "workflow_id": 0,
          "length": 40728,
          "req_memory_mb": 101376,
          "req_cpu_cores": 25,
          "child_ids": [
            1,
            2,
            3,
            4,
            5,
            6,
            7,
            10,
            12,
            13,
            14,
            15,
            20,
            21,
            27
          ]
        },
        {
          "id": 1,
          "workflow_id": 0,
          "length": 57355,
          "req_memory_mb": 50176,
          "req_cpu_cores": 10,
          "child_ids": [
            26
          ]
        },
        {
          "id": 2,
          "workflow_id": 0,
          "length": 71185,
          "req_memory_mb": 56320,
          "req_cpu_cores": 25,
          "child_ids": [
            18,
            22
          ]
        },
        {
          "id": 3,
          "workflow_id": 0,
          "length": 63390,
          "req_memory_mb": 78848,
          "req_cpu_cores": 25,
          "child_ids": [
            8,
            17,
            11,
            28
          ]
        },
        {
          "id": 4,
          "workflow_id": 0,
          "length": 30532,
          "req_memory_mb": 64512,
          "req_cpu_cores": 7,
          "child_ids": [
            24,
            9
          ]
        },
        {
          "id": 5,
          "workflow_id": 0,
          "length": 71527,
          "req_memory_mb": 36864,
          "req_cpu_cores": 27,
          "child_ids": []
        },
        {
          "id": 6,
          "workflow_id": 0,
          "length": 56447,
          "req_memory_mb": 70656,
          "req_cpu_cores": 2,
          "child_ids": [
            16
          ]
        },
        {
          "id": 7,
          "workflow_id": 0,
          "length": 52640,
          "req_memory_mb": 100352,
          "req_cpu_cores": 30,
          "child_ids": []
        },
        {
          "id": 8,
          "workflow_id": 0,
          "length": 58685,
          "req_memory_mb": 48128,
          "req_cpu_cores": 32,
          "child_ids": [
            9,
            25
          ]
        },
        {
          "id": 9,
          "workflow_id": 0,
          "length": 65524,
          "req_memory_mb": 31744,
          "req_cpu_cores": 20,
          "child_ids": [
            23
          ]
        },
        {
          "id": 10,
          "workflow_id": 0,
          "length": 61225,
          "req_memory_mb": 2048,
          "req_cpu_cores": 22,
          "child_ids": []
        },
        {
          "id": 11,
          "workflow_id": 0,
          "length": 44453,
          "req_memory_mb": 91136,
          "req_cpu_cores": 12,
          "child_ids": []
        },
        {
          "id": 12,
          "workflow_id": 0,
          "length": 42590,
          "req_memory_mb": 6144,
          "req_cpu_cores": 22,
          "child_ids": []
        },
        {
          "id": 13,
          "workflow_id": 0,
          "length": 32103,
          "req_memory_mb": 54272,
          "req_cpu_cores": 22,
          "child_ids": [
            26,
            28
          ]
        },
        {
          "id": 14,
          "workflow_id": 0,
          "length": 25191,
          "req_memory_mb": 51200,
          "req_cpu_cores": 25,
          "child_ids": []
        },
        {
          "id": 15,
          "workflow_id": 0,
          "length": 27077,
          "req_memory_mb": 17408,
          "req_cpu_cores": 5,
          "child_ids": [
            29
          ]
        },
        {
          "id": 16,
          "workflow_id": 0,
          "length": 51608,
          "req_memory_mb": 86016,
          "req_cpu_cores": 25,
          "child_ids": []
        },
        {
          "id": 17,
          "workflow_id": 0,
          "length": 63597,
          "req_memory_mb": 96256,
          "req_cpu_cores": 30,
          "child_ids": [
            28
          ]
        },
        {
          "id": 18,
          "workflow_id": 0,
          "length": 70462,
          "req_memory_mb": 12288,
          "req_cpu_cores": 35,
          "child_ids": [
            19
          ]
        },
        {
          "id": 19,
          "workflow_id": 0,
          "length": 47808,
          "req_memory_mb": 31744,
          "req_cpu_cores": 25,
          "child_ids": []
        },
        {
          "id": 20,
          "workflow_id": 0,
          "length": 43917,
          "req_memory_mb": 34816,
          "req_cpu_cores": 25,
          "child_ids": [
            22
          ]
        },
        {
          "id": 21,
          "workflow_id": 0,
          "length": 73530,
          "req_memory_mb": 38912,
          "req_cpu_cores": 30,
          "child_ids": [
            26
          ]
        },
        {
          "id": 22,
          "workflow_id": 0,
          "length": 42475,
          "req_memory_mb": 71680,
          "req_cpu_cores": 15,
          "child_ids": []
        },
        {
          "id": 23,
          "workflow_id": 0,
          "length": 59933,
          "req_memory_mb": 65536,
          "req_cpu_cores": 35,
          "child_ids": []
        },
        {
          "id": 24,
          "workflow_id": 0,
          "length": 50908,
          "req_memory_mb": 65536,
          "req_cpu_cores": 32,
          "child_ids": []
        },
        {
          "id": 25,
          "workflow_id": 0,
          "length": 33921,
          "req_memory_mb": 75776,
          "req_cpu_cores": 5,
          "child_ids": []
        },
        {
          "id": 26,
          "workflow_id": 0,
          "length": 76030,
          "req_memory_mb": 64512,
          "req_cpu_cores": 2,
          "child_ids": []
        },
        {
          "id": 27,
          "workflow_id": 0,
          "length": 66901,
          "req_memory_mb": 80896,
          "req_cpu_cores": 17,
          "child_ids": []
        },
        {
          "id": 28,
          "workflow_id": 0,
          "length": 34778,
          "req_memory_mb": 79872,
          "req_cpu_cores": 32,
          "child_ids": []
        },
        {
          "id": 29,
          "workflow_id": 0,
          "length": 35037,
          "req_memory_mb": 52224,
          "req_cpu_cores": 25,
          "child_ids": []
        }
      ],
      "arrival_time": 0
    }
  ],
  "vms": [
    {
      "id": 0,
      "host_id": 3,
      "cpu_speed_mips": 1533,
      "memory_mb": 106496,
      "cpu_cores": 16,
      "disk_mb": 1024,
      "bandwidth_mbps": 50,
      "vmm": "Xen"
    },
    {
      "id": 1,
      "host_id": 2,
      "cpu_speed_mips": 4873,
      "memory_mb": 86016,
      "cpu_cores": 16,
      "disk_mb": 1024,
      "bandwidth_mbps": 50,
      "vmm": "Xen"
    },
    {
      "id": 2,
      "host_id": 1,
      "cpu_speed_mips": 3968,
      "memory_mb": 117760,
      "cpu_cores": 56,
      "disk_mb": 1024,
      "bandwidth_mbps": 50,
      "vmm": "Xen"
    },
    {
      "id": 3,
      "host_id": 0,
      "cpu_speed_mips": 1205,
      "memory_mb": 60416,
      "cpu_cores": 40,
      "disk_mb": 1024,
      "bandwidth_mbps": 50,
      "vmm": "Xen"
    },
    {
      "id": 4,
      "host_id": 3,
      "cpu_speed_mips": 3099,
      "memory_mb": 105472,
      "cpu_cores": 16,
      "disk_mb": 1024,
      "bandwidth_mbps": 50,
      "vmm": "Xen"
    },
    {
      "id": 5,
      "host_id": 2,
      "cpu_speed_mips": 2722,
      "memory_mb": 90112,
      "cpu_cores": 16,
      "disk_mb": 1024,
      "bandwidth_mbps": 50,
      "vmm": "Xen"
    },
    {
      "id": 6,
      "host_id": 1,
      "cpu_speed_mips": 3397,
      "memory_mb": 91136,
      "cpu_cores": 56,
      "disk_mb": 1024,
      "bandwidth_mbps": 50,
      "vmm": "Xen"
    },
    {
      "id": 7,
      "host_id": 0,
      "cpu_speed_mips": 1037,
      "memory_mb": 38912,
      "cpu_cores": 40,
      "disk_mb": 1024,
      "bandwidth_mbps": 50,
      "vmm": "Xen"
    },
    {
      "id": 8,
      "host_id": 3,
      "cpu_speed_mips": 2663,
      "memory_mb": 79872,
      "cpu_cores": 16,
      "disk_mb": 1024,
      "bandwidth_mbps": 50,
      "vmm": "Xen"
    },
    {
      "id": 9,
      "host_id": 2,
      "cpu_speed_mips": 2546,
      "memory_mb": 82944,
      "cpu_cores": 16,
      "disk_mb": 1024,
      "bandwidth_mbps": 50,
      "vmm": "Xen"
    },
    {
      "id": 10,
      "host_id": 1,
      "cpu_speed_mips": 2996,
      "memory_mb": 81920,
      "cpu_cores": 56,
      "disk_mb": 1024,
      "bandwidth_mbps": 50,
      "vmm": "Xen"
    },
    {
      "id": 11,
      "host_id": 0,
      "cpu_speed_mips": 599,
      "memory_mb": 84992,
      "cpu_cores": 40,
      "disk_mb": 1024,
      "bandwidth_mbps": 50,
      "vmm": "Xen"
    }
  ],
  "hosts": [
    {
      "id": 0,
      "cores": 40,
      "cpu_speed_mips": 512000,
      "power_idle_watt": 85,
      "power_peak_watt": 450,
      "memory_mb": 131072,
      "disk_mb": 12000000,
      "bandwidth_mbps": 2048
    },
    {
      "id": 1,
      "cores": 56,
      "cpu_speed_mips": 604800,
      "power_idle_watt": 50,
      "power_peak_watt": 432,
      "memory_mb": 167936,
      "disk_mb": 10000000,
      "bandwidth_mbps": 1536
    },
    {
      "id": 2,
      "cores": 16,
      "cpu_speed_mips": 187712,
      "power_idle_watt": 116,
      "power_peak_watt": 475,
      "memory_mb": 49152,
      "disk_mb": 10000000,
      "bandwidth_mbps": 1024
    },
    {
      "id": 3,
      "cores": 16,
      "cpu_speed_mips": 187712,
      "power_idle_watt": 116,
      "power_peak_watt": 475,
      "memory_mb": 49152,
      "disk_mb": 10000000,
      "bandwidth_mbps": 1024
    }
  ]
}