{
  "workflows": [
    {
      "id": 0,
      "tasks": [
        {
          "id": 0,
          "workflow_id": 0,
          "length": 29430,
          "req_memory_mb": 50176,
          "req_cpu_cores": 11,
          "child_ids": [
            1,
            2,
            3,
            4,
            6,
            7,
            8,
            9,
            10,
            11,
            12,
            13,
            14,
            15,
            18,
            22,
            24
          ]
        },
        {
          "id": 1,
          "workflow_id": 0,
          "length": 67510,
          "req_memory_mb": 54272,
          "req_cpu_cores": 38,
          "child_ids": []
        },
        {
          "id": 2,
          "workflow_id": 0,
          "length": 85363,
          "req_memory_mb": 71680,
          "req_cpu_cores": 11,
          "child_ids": [
            16
          ]
        },
        {
          "id": 3,
          "workflow_id": 0,
          "length": 55079,
          "req_memory_mb": 68608,
          "req_cpu_cores": 5,
          "child_ids": [
            20,
            5
          ]
        },
        {
          "id": 4,
          "workflow_id": 0,
          "length": 39935,
          "req_memory_mb": 67584,
          "req_cpu_cores": 27,
          "child_ids": []
        },
        {
          "id": 5,
          "workflow_id": 0,
          "length": 61619,
          "req_memory_mb": 82944,
          "req_cpu_cores": 38,
          "child_ids": [
            17
          ]
        },
        {
          "id": 6,
          "workflow_id": 0,
          "length": 53184,
          "req_memory_mb": 33792,
          "req_cpu_cores": 19,
          "child_ids": []
        },
        {
          "id": 7,
          "workflow_id": 0,
          "length": 84516,
          "req_memory_mb": 88064,
          "req_cpu_cores": 5,
          "child_ids": []
        },
        {
          "id": 8,
          "workflow_id": 0,
          "length": 50725,
          "req_memory_mb": 87040,
          "req_cpu_cores": 11,
          "child_ids": []
        },
        {
          "id": 9,
          "workflow_id": 0,
          "length": 73346,
          "req_memory_mb": 8192,
          "req_cpu_cores": 5,
          "child_ids": []
        },
        {
          "id": 10,
          "workflow_id": 0,
          "length": 53083,
          "req_memory_mb": 82944,
          "req_cpu_cores": 3,
          "child_ids": [
            21
          ]
        },
        {
          "id": 11,
          "workflow_id": 0,
          "length": 51059,
          "req_memory_mb": 28672,
          "req_cpu_cores": 27,
          "child_ids": []
        },
        {
          "id": 12,
          "workflow_id": 0,
          "length": 59808,
          "req_memory_mb": 61440,
          "req_cpu_cores": 8,
          "child_ids": []
        },
        {
          "id": 13,
          "workflow_id": 0,
          "length": 41558,
          "req_memory_mb": 15360,
          "req_cpu_cores": 14,
          "child_ids": [
            21
          ]
        },
        {
          "id": 14,
          "workflow_id": 0,
          "length": 45900,
          "req_memory_mb": 40960,
          "req_cpu_cores": 33,
          "child_ids": []
        },
        {
          "id": 15,
          "workflow_id": 0,
          "length": 54266,
          "req_memory_mb": 82944,
          "req_cpu_cores": 25,
          "child_ids": []
        },
        {
          "id": 16,
          "workflow_id": 0,
          "length": 38833,
          "req_memory_mb": 76800,
          "req_cpu_cores": 14,
          "child_ids": []
        },
        {
          "id": 17,
          "workflow_id": 0,
          "length": 70666,
          "req_memory_mb": 65536,
          "req_cpu_cores": 30,
          "child_ids": [
            19
          ]
        },
        {
          "id": 18,
          "workflow_id": 0,
          "length": 50105,
          "req_memory_mb": 33792,
          "req_cpu_cores": 22,
          "child_ids": [
            23
          ]
        },
        {
          "id": 19,
          "workflow_id": 0,
          "length": 37577,
          "req_memory_mb": 14336,
          "req_cpu_cores": 27,
          "child_ids": [
            20
          ]
        },
        {
          "id": 20,
          "workflow_id": 0,
          "length": 78067,
          "req_memory_mb": 75776,
          "req_cpu_cores": 3,
          "child_ids": []
        },
        {
          "id": 21,
          "workflow_id": 0,
          "length": 46112,
          "req_memory_mb": 3072,
          "req_cpu_cores": 30,
          "child_ids": []
        },
        {
          "id": 22,
          "workflow_id": 0,
          "length": 51110,
          "req_memory_mb": 52224,
          "req_cpu_cores": 38,
          "child_ids": []
        },
        {
          "id": 23,
          "workflow_id": 0,
          "length": 54080,
          "req_memory_mb": 10240,
          "req_cpu_cores": 8,
          "child_ids": []
        },
        {
          "id": 24,
          "workflow_id": 0,
          "length": 41606,
          "req_memory_mb": 37888,
          "req_cpu_cores": 33,
          "child_ids": []
        }
      ],
      "arrival_time": 0
    }
  ],
  "vms": [
    {
      "id": 0,
      "host_id": 3,
      "cpu_speed_mips": 1533,
      "memory_mb": 106496,
      "cpu_cores": 16,
      "disk_mb": 1024,
      "bandwidth_mbps": 50,
      "vmm": "Xen"
    },
    {
      "id": 1,
      "host_id": 2,
      "cpu_speed_mips": 4873,
      "memory_mb": 86016,
      "cpu_cores": 16,
      "disk_mb": 1024,
      "bandwidth_mbps": 50,
      "vmm": "Xen"
    },
    {
      "id": 2,
      "host_id": 1,
      "cpu_speed_mips": 3968,
      "memory_mb": 117760,
      "cpu_cores": 56,
      "disk_mb": 1024,
      "bandwidth_mbps": 50,
      "vmm": "Xen"
    },
    {
      "id": 3,
      "host_id": 0,
      "cpu_speed_mips": 1205,
      "memory_mb": 60416,
      "cpu_cores": 40,
      "disk_mb": 1024,
      "bandwidth_mbps": 50,
      "vmm": "Xen"
    },
    {
      "id": 4,
      "host_id": 3,
      "cpu_speed_mips": 3099,
      "memory_mb": 105472,
      "cpu_cores": 16,
      "disk_mb": 1024,
      "bandwidth_mbps": 50,
      "vmm": "Xen"
    },
    {
      "id": 5,
      "host_id": 2,
      "cpu_speed_mips": 2722,
      "memory_mb": 90112,
      "cpu_cores": 16,
      "disk_mb": 1024,
      "bandwidth_mbps": 50,
      "vmm": "Xen"
    },
    {
      "id": 6,
      "host_id": 1,
      "cpu_speed_mips": 3397,
      "memory_mb": 91136,
      "cpu_cores": 56,
      "disk_mb": 1024,
      "bandwidth_mbps": 50,
      "vmm": "Xen"
    },
    {
      "id": 7,
      "host_id": 0,
      "cpu_speed_mips": 1037,
      "memory_mb": 38912,
      "cpu_cores": 40,
      "disk_mb": 1024,
      "bandwidth_mbps": 50,
      "vmm": "Xen"
    },
    {
      "id": 8,
      "host_id": 3,
      "cpu_speed_mips": 2663,
      "memory_mb": 79872,
      "cpu_cores": 16,
      "disk_mb": 1024,
      "bandwidth_mbps": 50,
      "vmm": "Xen"
    },
    {
      "id": 9,
      "host_id": 2,
      "cpu_speed_mips": 2546,
      "memory_mb": 82944,
      "cpu_cores": 16,
      "disk_mb": 1024,
      "bandwidth_mbps": 50,
      "vmm": "Xen"
    },
    {
      "id": 10,
      "host_id": 1,
      "cpu_speed_mips": 2996,
      "memory_mb": 81920,
      "cpu_cores": 56,
      "disk_mb": 1024,
      "bandwidth_mbps": 50,
      "vmm": "Xen"
    },
    {
      "id": 11,
      "host_id": 0,
      "cpu_speed_mips": 599,
      "memory_mb": 84992,
      "cpu_cores": 40,
      "disk_mb": 1024,
      "bandwidth_mbps": 50,
      "vmm": "Xen"
    }
  ],
  "hosts": [
    {
      "id": 0,
      "cores": 40,
      "cpu_speed_mips": 512000,
      "power_idle_watt": 85,
      "power_peak_watt": 450,
      "memory_mb": 131072,
      "disk_mb": 12000000,
      "bandwidth_mbps": 2048
    },
    {
      "id": 1,
      "cores": 56,
      "cpu_speed_mips": 604800,
      "power_idle_watt": 50,
      "power_peak_watt": 432,
      "memory_mb": 167936,
      "disk_mb": 10000000,
      "bandwidth_mbps": 1536
    },
    {
      "id": 2,
      "cores": 16,
      "cpu_speed_mips": 187712,
      "power_idle_watt": 116,
      "power_peak_watt": 475,
      "memory_mb": 49152,
      "disk_mb": 10000000,
      "bandwidth_mbps": 1024
    },
    {
      "id": 3,
      "cores": 16,
      "cpu_speed_mips": 187712,
      "power_idle_watt": 116,
      "power_peak_watt": 475,
      "memory_mb": 49152,
      "disk_mb": 10000000,
      "bandwidth_mbps": 1024
    }
  ]
}