{
  "workflows": [
    {
      "id": 0,
      "tasks": [
        {
          "id": 0,
          "workflow_id": 0,
          "length": 48031,
          "req_memory_mb": 6144,
          "req_cpu_cores": 41,
          "child_ids": [
            1
          ]
        },
        {
          "id": 1,
          "workflow_id": 0,
          "length": 40533,
          "req_memory_mb": 6144,
          "req_cpu_cores": 38,
          "child_ids": [
            2,
            3,
            4,
            5,
            6,
            7,
            8,
            10,
            11,
            13,
            15,
            17,
            18,
            19,
            20,
            22
          ]
        },
        {
          "id": 2,
          "workflow_id": 0,
          "length": 57258,
          "req_memory_mb": 9216,
          "req_cpu_cores": 36,
          "child_ids": [
            4,
            7,
            10,
            11,
            12,
            13,
            15,
            16,
            17,
            19,
            20
          ]
        },
        {
          "id": 3,
          "workflow_id": 0,
          "length": 38901,
          "req_memory_mb": 2048,
          "req_cpu_cores": 53,
          "child_ids": [
            4,
            5,
            7,
            8,
            9,
            10,
            12,
            13,
            14,
            15,
            16,
            17,
            18,
            20,
            21,
            22
          ]
        },
        {
          "id": 4,
          "workflow_id": 0,
          "length": 46828,
          "req_memory_mb": 9216,
          "req_cpu_cores": 26,
          "child_ids": [
            5,
            6,
            7,
            8,
            9,
            10,
            12,
            13,
            15,
            16,
            17,
            19,
            20,
            21,
            22
          ]
        },
        {
          "id": 5,
          "workflow_id": 0,
          "length": 79226,
          "req_memory_mb": 9216,
          "req_cpu_cores": 5,
          "child_ids": [
            6,
            7,
            8,
            9,
            10,
            11,
            12,
            13,
            15,
            17,
            18,
            20
          ]
        },
        {
          "id": 6,
          "workflow_id": 0,
          "length": 17885,
          "req_memory_mb": 9216,
          "req_cpu_cores": 10,
          "child_ids": [
            7,
            8,
            9,
            11,
            12,
            13,
            14,
            15,
            17,
            18,
            21,
            22
          ]
        },
        {
          "id": 7,
          "workflow_id": 0,
          "length": 57356,
          "req_memory_mb": 5120,
          "req_cpu_cores": 53,
          "child_ids": [
            9,
            10,
            11,
            13,
            14,
            15,
            16,
            17,
            18,
            19,
            20,
            21,
            22
          ]
        },
        {
          "id": 8,
          "workflow_id": 0,
          "length": 62006,
          "req_memory_mb": 5120,
          "req_cpu_cores": 53,
          "child_ids": [
            10,
            11,
            12,
            13,
            14,
            15,
            16,
            17,
            18,
            19,
            20,
            21,
            22
          ]
        },
        {
          "id": 9,
          "workflow_id": 0,
          "length": 46546,
          "req_memory_mb": 6144,
          "req_cpu_cores": 51,
          "child_ids": [
            10,
            12,
            13,
            14,
            15,
            16,
            17,
            18,
            21,
            22
          ]
        },
        {
          "id": 10,
          "workflow_id": 0,
          "length": 43978,
          "req_memory_mb": 5120,
          "req_cpu_cores": 53,
          "child_ids": [
            11,
            12,
            13,
            15,
            17,
            18,
            19,
            20,
            22
          ]
        },
        {
          "id": 11,
          "workflow_id": 0,
          "length": 66455,
          "req_memory_mb": 9216,
          "req_cpu_cores": 10,
          "child_ids": [
            12,
            14,
            16,
            19,
            20,
            21,
            22
          ]
        },
        {
          "id": 12,
          "workflow_id": 0,
          "length": 68814,
          "req_memory_mb": 9216,
          "req_cpu_cores": 10,
          "child_ids": [
            15,
            16,
            17,
            19,
            20,
            21,
            22
          ]
        },
        {
          "id": 13,
          "workflow_id": 0,
          "length": 39194,
          "req_memory_mb": 2048,
          "req_cpu_cores": 53,
          "child_ids": [
            14,
            15,
            16,
            17,
            18,
            19,
            20
          ]
        },
        {
          "id": 14,
          "workflow_id": 0,
          "length": 51851,
          "req_memory_mb": 1024,
          "req_cpu_cores": 53,
          "child_ids": [
            16,
            18,
            20,
            22
          ]
        },
        {
          "id": 15,
          "workflow_id": 0,
          "length": 73431,
          "req_memory_mb": 9216,
          "req_cpu_cores": 24,
          "child_ids": [
            16,
            18,
            20,
            22
          ]
        },
        {
          "id": 16,
          "workflow_id": 0,
          "length": 77516,
          "req_memory_mb": 9216,
          "req_cpu_cores": 38,
          "child_ids": [
            17,
            18,
            19,
            21
          ]
        },
        {
          "id": 17,
          "workflow_id": 0,
          "length": 44845,
          "req_memory_mb": 3072,
          "req_cpu_cores": 53,
          "child_ids": [
            18,
            19,
            21
          ]
        },
        {
          "id": 18,
          "workflow_id": 0,
          "length": 82971,
          "req_memory_mb": 9216,
          "req_cpu_cores": 4,
          "child_ids": [
            19,
            20,
            22
          ]
        },
        {
          "id": 19,
          "workflow_id": 0,
          "length": 68374,
          "req_memory_mb": 4096,
          "req_cpu_cores": 36,
          "child_ids": [
            20,
            22
          ]
        },
        {
          "id": 20,
          "workflow_id": 0,
          "length": 50467,
          "req_memory_mb": 9216,
          "req_cpu_cores": 10,
          "child_ids": []
        },
        {
          "id": 21,
          "workflow_id": 0,
          "length": 60489,
          "req_memory_mb": 9216,
          "req_cpu_cores": 24,
          "child_ids": [
            22
          ]
        },
        {
          "id": 22,
          "workflow_id": 0,
          "length": 53723,
          "req_memory_mb": 9216,
          "req_cpu_cores": 28,
          "child_ids": []
        }
      ],
      "arrival_time": 0
    }
  ],
  "vms": [
    {
      "id": 0,
      "host_id": 3,
      "cpu_speed_mips": 1533,
      "memory_mb": 8192,
      "cpu_cores": 16,
      "disk_mb": 1024,
      "bandwidth_mbps": 50,
      "vmm": "Xen"
    },
    {
      "id": 1,
      "host_id": 2,
      "cpu_speed_mips": 4873,
      "memory_mb": 4096,
      "cpu_cores": 16,
      "disk_mb": 1024,
      "bandwidth_mbps": 50,
      "vmm": "Xen"
    },
    {
      "id": 2,
      "host_id": 1,
      "cpu_speed_mips": 3968,
      "memory_mb": 3072,
      "cpu_cores": 56,
      "disk_mb": 1024,
      "bandwidth_mbps": 50,
      "vmm": "Xen"
    },
    {
      "id": 3,
      "host_id": 0,
      "cpu_speed_mips": 3099,
      "memory_mb": 2048,
      "cpu_cores": 40,
      "disk_mb": 1024,
      "bandwidth_mbps": 50,
      "vmm": "Xen"
    },
    {
      "id": 4,
      "host_id": 3,
      "cpu_speed_mips": 2722,
      "memory_mb": 8192,
      "cpu_cores": 16,
      "disk_mb": 1024,
      "bandwidth_mbps": 50,
      "vmm": "Xen"
    },
    {
      "id": 5,
      "host_id": 2,
      "cpu_speed_mips": 3397,
      "memory_mb": 9216,
      "cpu_cores": 16,
      "disk_mb": 1024,
      "bandwidth_mbps": 50,
      "vmm": "Xen"
    },
    {
      "id": 6,
      "host_id": 1,
      "cpu_speed_mips": 1037,
      "memory_mb": 6144,
      "cpu_cores": 56,
      "disk_mb": 1024,
      "bandwidth_mbps": 50,
      "vmm": "Xen"
    },
    {
      "id": 7,
      "host_id": 0,
      "cpu_speed_mips": 2663,
      "memory_mb": 9216,
      "cpu_cores": 40,
      "disk_mb": 1024,
      "bandwidth_mbps": 50,
      "vmm": "Xen"
    },
    {
      "id": 8,
      "host_id": 3,
      "cpu_speed_mips": 2546,
      "memory_mb": 1024,
      "cpu_cores": 16,
      "disk_mb": 1024,
      "bandwidth_mbps": 50,
      "vmm": "Xen"
    },
    {
      "id": 9,
      "host_id": 2,
      "cpu_speed_mips": 599,
      "memory_mb": 1024,
      "cpu_cores": 16,
      "disk_mb": 1024,
      "bandwidth_mbps": 50,
      "vmm": "Xen"
    }
  ],
  "hosts": [
    {
      "id": 0,
      "cores": 40,
      "cpu_speed_mips": 512000,
      "power_idle_watt": 85,
      "power_peak_watt": 450,
      "memory_mb": 131072,
      "disk_mb": 12000000,
      "bandwidth_mbps": 2048
    },
    {
      "id": 1,
      "cores": 56,
      "cpu_speed_mips": 604800,
      "power_idle_watt": 50,
      "power_peak_watt": 432,
      "memory_mb": 65536,
      "disk_mb": 10000000,
      "bandwidth_mbps": 1536
    },
    {
      "id": 2,
      "cores": 16,
      "cpu_speed_mips": 187712,
      "power_idle_watt": 116,
      "power_peak_watt": 475,
      "memory_mb": 49152,
      "disk_mb": 10000000,
      "bandwidth_mbps": 1024
    },
    {
      "id": 3,
      "cores": 16,
      "cpu_speed_mips": 187712,
      "power_idle_watt": 116,
      "power_peak_watt": 475,
      "memory_mb": 49152,
      "disk_mb": 10000000,
      "bandwidth_mbps": 1024
    }
  ]
}