{
  "workflows": [
    {
      "id": 0,
      "tasks": [
        {
          "id": 0,
          "workflow_id": 0,
          "length": 24516,
          "req_memory_mb": 74752,
          "req_cpu_cores": 29,
          "child_ids": [
            1,
            2,
            3,
            4,
            5,
            6,
            8,
            9,
            10,
            11,
            12,
            13,
            15,
            17,
            18,
            22,
            23,
            24
          ]
        },
        {
          "id": 1,
          "workflow_id": 0,
          "length": 57950,
          "req_memory_mb": 30720,
          "req_cpu_cores": 16,
          "child_ids": []
        },
        {
          "id": 2,
          "workflow_id": 0,
          "length": 54999,
          "req_memory_mb": 76800,
          "req_cpu_cores": 37,
          "child_ids": []
        },
        {
          "id": 3,
          "workflow_id": 0,
          "length": 52159,
          "req_memory_mb": 30720,
          "req_cpu_cores": 13,
          "child_ids": []
        },
        {
          "id": 4,
          "workflow_id": 0,
          "length": 55033,
          "req_memory_mb": 48128,
          "req_cpu_cores": 16,
          "child_ids": [
            7
          ]
        },
        {
          "id": 5,
          "workflow_id": 0,
          "length": 42516,
          "req_memory_mb": 10240,
          "req_cpu_cores": 35,
          "child_ids": [
            21
          ]
        },
        {
          "id": 6,
          "workflow_id": 0,
          "length": 52931,
          "req_memory_mb": 75776,
          "req_cpu_cores": 37,
          "child_ids": []
        },
        {
          "id": 7,
          "workflow_id": 0,
          "length": 34871,
          "req_memory_mb": 94208,
          "req_cpu_cores": 8,
          "child_ids": [
            25,
            14
          ]
        },
        {
          "id": 8,
          "workflow_id": 0,
          "length": 57603,
          "req_memory_mb": 35840,
          "req_cpu_cores": 13,
          "child_ids": []
        },
        {
          "id": 9,
          "workflow_id": 0,
          "length": 44919,
          "req_memory_mb": 18432,
          "req_cpu_cores": 3,
          "child_ids": [
            16,
            20
          ]
        },
        {
          "id": 10,
          "workflow_id": 0,
          "length": 79692,
          "req_memory_mb": 33792,
          "req_cpu_cores": 8,
          "child_ids": []
        },
        {
          "id": 11,
          "workflow_id": 0,
          "length": 47765,
          "req_memory_mb": 91136,
          "req_cpu_cores": 19,
          "child_ids": []
        },
        {
          "id": 12,
          "workflow_id": 0,
          "length": 30252,
          "req_memory_mb": 8192,
          "req_cpu_cores": 3,
          "child_ids": []
        },
        {
          "id": 13,
          "workflow_id": 0,
          "length": 50042,
          "req_memory_mb": 64512,
          "req_cpu_cores": 27,
          "child_ids": []
        },
        {
          "id": 14,
          "workflow_id": 0,
          "length": 47458,
          "req_memory_mb": 57344,
          "req_cpu_cores": 35,
          "child_ids": []
        },
        {
          "id": 15,
          "workflow_id": 0,
          "length": 51342,
          "req_memory_mb": 31744,
          "req_cpu_cores": 11,
          "child_ids": [
            19
          ]
        },
        {
          "id": 16,
          "workflow_id": 0,
          "length": 35650,
          "req_memory_mb": 98304,
          "req_cpu_cores": 29,
          "child_ids": []
        },
        {
          "id": 17,
          "workflow_id": 0,
          "length": 58887,
          "req_memory_mb": 86016,
          "req_cpu_cores": 27,
          "child_ids": []
        },
        {
          "id": 18,
          "workflow_id": 0,
          "length": 63346,
          "req_memory_mb": 49152,
          "req_cpu_cores": 5,
          "child_ids": [
            21
          ]
        },
        {
          "id": 19,
          "workflow_id": 0,
          "length": 66513,
          "req_memory_mb": 35840,
          "req_cpu_cores": 19,
          "child_ids": []
        },
        {
          "id": 20,
          "workflow_id": 0,
          "length": 51255,
          "req_memory_mb": 77824,
          "req_cpu_cores": 21,
          "child_ids": []
        },
        {
          "id": 21,
          "workflow_id": 0,
          "length": 60948,
          "req_memory_mb": 49152,
          "req_cpu_cores": 29,
          "child_ids": []
        },
        {
          "id": 22,
          "workflow_id": 0,
          "length": 62700,
          "req_memory_mb": 91136,
          "req_cpu_cores": 3,
          "child_ids": []
        },
        {
          "id": 23,
          "workflow_id": 0,
          "length": 47440,
          "req_memory_mb": 21504,
          "req_cpu_cores": 27,
          "child_ids": []
        },
        {
          "id": 24,
          "workflow_id": 0,
          "length": 49366,
          "req_memory_mb": 48128,
          "req_cpu_cores": 8,
          "child_ids": []
        },
        {
          "id": 25,
          "workflow_id": 0,
          "length": 52286,
          "req_memory_mb": 27648,
          "req_cpu_cores": 35,
          "child_ids": []
        }
      ],
      "arrival_time": 0
    }
  ],
  "vms": [
    {
      "id": 0,
      "host_id": 3,
      "cpu_speed_mips": 1533,
      "memory_mb": 106496,
      "cpu_cores": 16,
      "disk_mb": 1024,
      "bandwidth_mbps": 50,
      "vmm": "Xen"
    },
    {
      "id": 1,
      "host_id": 2,
      "cpu_speed_mips": 4873,
      "memory_mb": 86016,
      "cpu_cores": 16,
      "disk_mb": 1024,
      "bandwidth_mbps": 50,
      "vmm": "Xen"
    },
    {
      "id": 2,
      "host_id": 1,
      "cpu_speed_mips": 3968,
      "memory_mb": 117760,
      "cpu_cores": 56,
      "disk_mb": 1024,
      "bandwidth_mbps": 50,
      "vmm": "Xen"
    },
    {
      "id": 3,
      "host_id": 0,
      "cpu_speed_mips": 1205,
      "memory_mb": 60416,
      "cpu_cores": 40,
      "disk_mb": 1024,
      "bandwidth_mbps": 50,
      "vmm": "Xen"
    },
    {
      "id": 4,
      "host_id": 3,
      "cpu_speed_mips": 3099,
      "memory_mb": 105472,
      "cpu_cores": 16,
      "disk_mb": 1024,
      "bandwidth_mbps": 50,
      "vmm": "Xen"
    },
    {
      "id": 5,
      "host_id": 2,
      "cpu_speed_mips": 2722,
      "memory_mb": 90112,
      "cpu_cores": 16,
      "disk_mb": 1024,
      "bandwidth_mbps": 50,
      "vmm": "Xen"
    },
    {
      "id": 6,
      "host_id": 1,
      "cpu_speed_mips": 3397,
      "memory_mb": 91136,
      "cpu_cores": 56,
      "disk_mb": 1024,
      "bandwidth_mbps": 50,
      "vmm": "Xen"
    },
    {
      "id": 7,
      "host_id": 0,
      "cpu_speed_mips": 1037,
      "memory_mb": 38912,
      "cpu_cores": 40,
      "disk_mb": 1024,
      "bandwidth_mbps": 50,
      "vmm": "Xen"
    },
    {
      "id": 8,
      "host_id": 3,
      "cpu_speed_mips": 2663,
      "memory_mb": 79872,
      "cpu_cores": 16,
      "disk_mb": 1024,
      "bandwidth_mbps": 50,
      "vmm": "Xen"
    },
    {
      "id": 9,
      "host_id": 2,
      "cpu_speed_mips": 2546,
      "memory_mb": 82944,
      "cpu_cores": 16,
      "disk_mb": 1024,
      "bandwidth_mbps": 50,
      "vmm": "Xen"
    },
    {
      "id": 10,
      "host_id": 1,
      "cpu_speed_mips": 2996,
      "memory_mb": 81920,
      "cpu_cores": 56,
      "disk_mb": 1024,
      "bandwidth_mbps": 50,
      "vmm": "Xen"
    },
    {
      "id": 11,
      "host_id": 0,
      "cpu_speed_mips": 599,
      "memory_mb": 84992,
      "cpu_cores": 40,
      "disk_mb": 1024,
      "bandwidth_mbps": 50,
      "vmm": "Xen"
    }
  ],
  "hosts": [
    {
      "id": 0,
      "cores": 40,
      "cpu_speed_mips": 512000,
      "power_idle_watt": 85,
      "power_peak_watt": 450,
      "memory_mb": 131072,
      "disk_mb": 12000000,
      "bandwidth_mbps": 2048
    },
    {
      "id": 1,
      "cores": 56,
      "cpu_speed_mips": 604800,
      "power_idle_watt": 50,
      "power_peak_watt": 432,
      "memory_mb": 167936,
      "disk_mb": 10000000,
      "bandwidth_mbps": 1536
    },
    {
      "id": 2,
      "cores": 16,
      "cpu_speed_mips": 187712,
      "power_idle_watt": 116,
      "power_peak_watt": 475,
      "memory_mb": 49152,
      "disk_mb": 10000000,
      "bandwidth_mbps": 1024
    },
    {
      "id": 3,
      "cores": 16,
      "cpu_speed_mips": 187712,
      "power_idle_watt": 116,
      "power_peak_watt": 475,
      "memory_mb": 49152,
      "disk_mb": 10000000,
      "bandwidth_mbps": 1024
    }
  ]
}