{
  "workflows": [
    {
      "id": 0,
      "tasks": [
        {
          "id": 0,
          "workflow_id": 0,
          "length": 60152,
          "req_memory_mb": 26624,
          "req_cpu_cores": 18,
          "child_ids": [
            1,
            2,
            3,
            4,
            5,
            7,
            8,
            9,
            11,
            12,
            13,
            14,
            16,
            18,
            19,
            21,
            22,
            25
          ]
        },
        {
          "id": 1,
          "workflow_id": 0,
          "length": 15464,
          "req_memory_mb": 23552,
          "req_cpu_cores": 5,
          "child_ids": []
        },
        {
          "id": 2,
          "workflow_id": 0,
          "length": 29800,
          "req_memory_mb": 84992,
          "req_cpu_cores": 16,
          "child_ids": []
        },
        {
          "id": 3,
          "workflow_id": 0,
          "length": 72290,
          "req_memory_mb": 83968,
          "req_cpu_cores": 25,
          "child_ids": [
            10,
            6
          ]
        },
        {
          "id": 4,
          "workflow_id": 0,
          "length": 37221,
          "req_memory_mb": 12288,
          "req_cpu_cores": 25,
          "child_ids": [
            20,
            23
          ]
        },
        {
          "id": 5,
          "workflow_id": 0,
          "length": 33980,
          "req_memory_mb": 34816,
          "req_cpu_cores": 14,
          "child_ids": [
            6
          ]
        },
        {
          "id": 6,
          "workflow_id": 0,
          "length": 42443,
          "req_memory_mb": 80896,
          "req_cpu_cores": 21,
          "child_ids": []
        },
        {
          "id": 7,
          "workflow_id": 0,
          "length": 48162,
          "req_memory_mb": 63488,
          "req_cpu_cores": 27,
          "child_ids": []
        },
        {
          "id": 8,
          "workflow_id": 0,
          "length": 60779,
          "req_memory_mb": 43008,
          "req_cpu_cores": 16,
          "child_ids": [
            17
          ]
        },
        {
          "id": 9,
          "workflow_id": 0,
          "length": 54852,
          "req_memory_mb": 78848,
          "req_cpu_cores": 23,
          "child_ids": [
            15
          ]
        },
        {
          "id": 10,
          "workflow_id": 0,
          "length": 45504,
          "req_memory_mb": 30720,
          "req_cpu_cores": 16,
          "child_ids": []
        },
        {
          "id": 11,
          "workflow_id": 0,
          "length": 69325,
          "req_memory_mb": 69632,
          "req_cpu_cores": 2,
          "child_ids": []
        },
        {
          "id": 12,
          "workflow_id": 0,
          "length": 19167,
          "req_memory_mb": 29696,
          "req_cpu_cores": 23,
          "child_ids": []
        },
        {
          "id": 13,
          "workflow_id": 0,
          "length": 74925,
          "req_memory_mb": 89088,
          "req_cpu_cores": 32,
          "child_ids": []
        },
        {
          "id": 14,
          "workflow_id": 0,
          "length": 65859,
          "req_memory_mb": 3072,
          "req_cpu_cores": 25,
          "child_ids": []
        },
        {
          "id": 15,
          "workflow_id": 0,
          "length": 65012,
          "req_memory_mb": 52224,
          "req_cpu_cores": 11,
          "child_ids": []
        },
        {
          "id": 16,
          "workflow_id": 0,
          "length": 49852,
          "req_memory_mb": 23552,
          "req_cpu_cores": 5,
          "child_ids": [
            24
          ]
        },
        {
          "id": 17,
          "workflow_id": 0,
          "length": 33880,
          "req_memory_mb": 53248,
          "req_cpu_cores": 25,
          "child_ids": [
            23
          ]
        },
        {
          "id": 18,
          "workflow_id": 0,
          "length": 67751,
          "req_memory_mb": 36864,
          "req_cpu_cores": 5,
          "child_ids": []
        },
        {
          "id": 19,
          "workflow_id": 0,
          "length": 58338,
          "req_memory_mb": 11264,
          "req_cpu_cores": 5,
          "child_ids": [
            26
          ]
        },
        {
          "id": 20,
          "workflow_id": 0,
          "length": 34946,
          "req_memory_mb": 50176,
          "req_cpu_cores": 27,
          "child_ids": []
        },
        {
          "id": 21,
          "workflow_id": 0,
          "length": 51633,
          "req_memory_mb": 57344,
          "req_cpu_cores": 7,
          "child_ids": []
        },
        {
          "id": 22,
          "workflow_id": 0,
          "length": 53546,
          "req_memory_mb": 50176,
          "req_cpu_cores": 16,
          "child_ids": []
        },
        {
          "id": 23,
          "workflow_id": 0,
          "length": 47167,
          "req_memory_mb": 30720,
          "req_cpu_cores": 27,
          "child_ids": []
        },
        {
          "id": 24,
          "workflow_id": 0,
          "length": 41423,
          "req_memory_mb": 82944,
          "req_cpu_cores": 16,
          "child_ids": []
        },
        {
          "id": 25,
          "workflow_id": 0,
          "length": 34647,
          "req_memory_mb": 36864,
          "req_cpu_cores": 30,
          "child_ids": []
        },
        {
          "id": 26,
          "workflow_id": 0,
          "length": 53380,
          "req_memory_mb": 20480,
          "req_cpu_cores": 9,
          "child_ids": []
        }
      ],
      "arrival_time": 0
    }
  ],
  "vms": [
    {
      "id": 0,
      "host_id": 3,
      "cpu_speed_mips": 1533,
      "memory_mb": 106496,
      "cpu_cores": 16,
      "disk_mb": 1024,
      "bandwidth_mbps": 50,
      "vmm": "Xen"
    },
    {
      "id": 1,
      "host_id": 2,
      "cpu_speed_mips": 4873,
      "memory_mb": 86016,
      "cpu_cores": 16,
      "disk_mb": 1024,
      "bandwidth_mbps": 50,
      "vmm": "Xen"
    },
    {
      "id": 2,
      "host_id": 1,
      "cpu_speed_mips": 3968,
      "memory_mb": 117760,
      "cpu_cores": 56,
      "disk_mb": 1024,
      "bandwidth_mbps": 50,
      "vmm": "Xen"
    },
    {
      "id": 3,
      "host_id": 0,
      "cpu_speed_mips": 1205,
      "memory_mb": 60416,
      "cpu_cores": 40,
      "disk_mb": 1024,
      "bandwidth_mbps": 50,
      "vmm": "Xen"
    },
    {
      "id": 4,
      "host_id": 3,
      "cpu_speed_mips": 3099,
      "memory_mb": 105472,
      "cpu_cores": 16,
      "disk_mb": 1024,
      "bandwidth_mbps": 50,
      "vmm": "Xen"
    },
    {
      "id": 5,
      "host_id": 2,
      "cpu_speed_mips": 2722,
      "memory_mb": 90112,
      "cpu_cores": 16,
      "disk_mb": 1024,
      "bandwidth_mbps": 50,
      "vmm": "Xen"
    },
    {
      "id": 6,
      "host_id": 1,
      "cpu_speed_mips": 3397,
      "memory_mb": 91136,
      "cpu_cores": 56,
      "disk_mb": 1024,
      "bandwidth_mbps": 50,
      "vmm": "Xen"
    },
    {
      "id": 7,
      "host_id": 0,
      "cpu_speed_mips": 1037,
      "memory_mb": 38912,
      "cpu_cores": 40,
      "disk_mb": 1024,
      "bandwidth_mbps": 50,
      "vmm": "Xen"
    },
    {
      "id": 8,
      "host_id": 3,
      "cpu_speed_mips": 2663,
      "memory_mb": 79872,
      "cpu_cores": 16,
      "disk_mb": 1024,
      "bandwidth_mbps": 50,
      "vmm": "Xen"
    },
    {
      "id": 9,
      "host_id": 2,
      "cpu_speed_mips": 2546,
      "memory_mb": 82944,
      "cpu_cores": 16,
      "disk_mb": 1024,
      "bandwidth_mbps": 50,
      "vmm": "Xen"
    },
    {
      "id": 10,
      "host_id": 1,
      "cpu_speed_mips": 2996,
      "memory_mb": 81920,
      "cpu_cores": 56,
      "disk_mb": 1024,
      "bandwidth_mbps": 50,
      "vmm": "Xen"
    },
    {
      "id": 11,
      "host_id": 0,
      "cpu_speed_mips": 599,
      "memory_mb": 84992,
      "cpu_cores": 40,
      "disk_mb": 1024,
      "bandwidth_mbps": 50,
      "vmm": "Xen"
    }
  ],
  "hosts": [
    {
      "id": 0,
      "cores": 40,
      "cpu_speed_mips": 512000,
      "power_idle_watt": 85,
      "power_peak_watt": 450,
      "memory_mb": 131072,
      "disk_mb": 12000000,
      "bandwidth_mbps": 2048
    },
    {
      "id": 1,
      "cores": 56,
      "cpu_speed_mips": 604800,
      "power_idle_watt": 50,
      "power_peak_watt": 432,
      "memory_mb": 167936,
      "disk_mb": 10000000,
      "bandwidth_mbps": 1536
    },
    {
      "id": 2,
      "cores": 16,
      "cpu_speed_mips": 187712,
      "power_idle_watt": 116,
      "power_peak_watt": 475,
      "memory_mb": 49152,
      "disk_mb": 10000000,
      "bandwidth_mbps": 1024
    },
    {
      "id": 3,
      "cores": 16,
      "cpu_speed_mips": 187712,
      "power_idle_watt": 116,
      "power_peak_watt": 475,
      "memory_mb": 49152,
      "disk_mb": 10000000,
      "bandwidth_mbps": 1024
    }
  ]
}