{
  "workflows": [
    {
      "id": 0,
      "tasks": [
        {
          "id": 0,
          "workflow_id": 0,
          "length": 39028,
          "req_memory_mb": 49152,
          "req_cpu_cores": 4,
          "child_ids": [
            1,
            2,
            3,
            4,
            6,
            7,
            8,
            9,
            10,
            11,
            12,
            14,
            15,
            16,
            17,
            19,
            20,
            21,
            23,
            24,
            26,
            27,
            28
          ]
        },
        {
          "id": 1,
          "workflow_id": 0,
          "length": 63496,
          "req_memory_mb": 9216,
          "req_cpu_cores": 2,
          "child_ids": []
        },
        {
          "id": 2,
          "workflow_id": 0,
          "length": 48177,
          "req_memory_mb": 70656,
          "req_cpu_cores": 29,
          "child_ids": [
            25,
            22
          ]
        },
        {
          "id": 3,
          "workflow_id": 0,
          "length": 22948,
          "req_memory_mb": 2048,
          "req_cpu_cores": 10,
          "child_ids": []
        },
        {
          "id": 4,
          "workflow_id": 0,
          "length": 71044,
          "req_memory_mb": 20480,
          "req_cpu_cores": 18,
          "child_ids": [
            5
          ]
        },
        {
          "id": 5,
          "workflow_id": 0,
          "length": 58732,
          "req_memory_mb": 48128,
          "req_cpu_cores": 22,
          "child_ids": []
        },
        {
          "id": 6,
          "workflow_id": 0,
          "length": 40303,
          "req_memory_mb": 50176,
          "req_cpu_cores": 24,
          "child_ids": []
        },
        {
          "id": 7,
          "workflow_id": 0,
          "length": 25463,
          "req_memory_mb": 15360,
          "req_cpu_cores": 24,
          "child_ids": []
        },
        {
          "id": 8,
          "workflow_id": 0,
          "length": 37412,
          "req_memory_mb": 17408,
          "req_cpu_cores": 24,
          "child_ids": [
            13
          ]
        },
        {
          "id": 9,
          "workflow_id": 0,
          "length": 56434,
          "req_memory_mb": 54272,
          "req_cpu_cores": 4,
          "child_ids": [
            22
          ]
        },
        {
          "id": 10,
          "workflow_id": 0,
          "length": 48116,
          "req_memory_mb": 4096,
          "req_cpu_cores": 16,
          "child_ids": []
        },
        {
          "id": 11,
          "workflow_id": 0,
          "length": 43703,
          "req_memory_mb": 56320,
          "req_cpu_cores": 20,
          "child_ids": []
        },
        {
          "id": 12,
          "workflow_id": 0,
          "length": 31935,
          "req_memory_mb": 4096,
          "req_cpu_cores": 4,
          "child_ids": [
            18
          ]
        },
        {
          "id": 13,
          "workflow_id": 0,
          "length": 68575,
          "req_memory_mb": 59392,
          "req_cpu_cores": 12,
          "child_ids": []
        },
        {
          "id": 14,
          "workflow_id": 0,
          "length": 47065,
          "req_memory_mb": 61440,
          "req_cpu_cores": 16,
          "child_ids": []
        },
        {
          "id": 15,
          "workflow_id": 0,
          "length": 31163,
          "req_memory_mb": 43008,
          "req_cpu_cores": 12,
          "child_ids": []
        },
        {
          "id": 16,
          "workflow_id": 0,
          "length": 54965,
          "req_memory_mb": 28672,
          "req_cpu_cores": 20,
          "child_ids": []
        },
        {
          "id": 17,
          "workflow_id": 0,
          "length": 56815,
          "req_memory_mb": 29696,
          "req_cpu_cores": 24,
          "child_ids": [
            22
          ]
        },
        {
          "id": 18,
          "workflow_id": 0,
          "length": 58893,
          "req_memory_mb": 45056,
          "req_cpu_cores": 27,
          "child_ids": []
        },
        {
          "id": 19,
          "workflow_id": 0,
          "length": 40730,
          "req_memory_mb": 62464,
          "req_cpu_cores": 10,
          "child_ids": []
        },
        {
          "id": 20,
          "workflow_id": 0,
          "length": 57612,
          "req_memory_mb": 71680,
          "req_cpu_cores": 22,
          "child_ids": []
        },
        {
          "id": 21,
          "workflow_id": 0,
          "length": 53141,
          "req_memory_mb": 40960,
          "req_cpu_cores": 2,
          "child_ids": [
            25
          ]
        },
        {
          "id": 22,
          "workflow_id": 0,
          "length": 72053,
          "req_memory_mb": 45056,
          "req_cpu_cores": 2,
          "child_ids": []
        },
        {
          "id": 23,
          "workflow_id": 0,
          "length": 54919,
          "req_memory_mb": 43008,
          "req_cpu_cores": 8,
          "child_ids": []
        },
        {
          "id": 24,
          "workflow_id": 0,
          "length": 18217,
          "req_memory_mb": 64512,
          "req_cpu_cores": 14,
          "child_ids": []
        },
        {
          "id": 25,
          "workflow_id": 0,
          "length": 52959,
          "req_memory_mb": 56320,
          "req_cpu_cores": 20,
          "child_ids": []
        },
        {
          "id": 26,
          "workflow_id": 0,
          "length": 64370,
          "req_memory_mb": 4096,
          "req_cpu_cores": 2,
          "child_ids": []
        },
        {
          "id": 27,
          "workflow_id": 0,
          "length": 38500,
          "req_memory_mb": 36864,
          "req_cpu_cores": 18,
          "child_ids": []
        },
        {
          "id": 28,
          "workflow_id": 0,
          "length": 46017,
          "req_memory_mb": 29696,
          "req_cpu_cores": 4,
          "child_ids": []
        }
      ],
      "arrival_time": 0
    }
  ],
  "vms": [
    {
      "id": 0,
      "host_id": 3,
      "cpu_speed_mips": 1533,
      "memory_mb": 106496,
      "cpu_cores": 16,
      "disk_mb": 1024,
      "bandwidth_mbps": 50,
      "vmm": "Xen"
    },
    {
      "id": 1,
      "host_id": 2,
      "cpu_speed_mips": 4873,
      "memory_mb": 86016,
      "cpu_cores": 16,
      "disk_mb": 1024,
      "bandwidth_mbps": 50,
      "vmm": "Xen"
    },
    {
      "id": 2,
      "host_id": 1,
      "cpu_speed_mips": 3968,
      "memory_mb": 117760,
      "cpu_cores": 56,
      "disk_mb": 1024,
      "bandwidth_mbps": 50,
      "vmm": "Xen"
    },
    {
      "id": 3,
      "host_id": 0,
      "cpu_speed_mips": 1205,
      "memory_mb": 60416,
      "cpu_cores": 40,
      "disk_mb": 1024,
      "bandwidth_mbps": 50,
      "vmm": "Xen"
    },
    {
      "id": 4,
      "host_id": 3,
      "cpu_speed_mips": 3099,
      "memory_mb": 105472,
      "cpu_cores": 16,
      "disk_mb": 1024,
      "bandwidth_mbps": 50,
      "vmm": "Xen"
    },
    {
      "id": 5,
      "host_id": 2,
      "cpu_speed_mips": 2722,
      "memory_mb": 90112,
      "cpu_cores": 16,
      "disk_mb": 1024,
      "bandwidth_mbps": 50,
      "vmm": "Xen"
    },
    {
      "id": 6,
      "host_id": 1,
      "cpu_speed_mips": 3397,
      "memory_mb": 91136,
      "cpu_cores": 56,
      "disk_mb": 1024,
      "bandwidth_mbps": 50,
      "vmm": "Xen"
    },
    {
      "id": 7,
      "host_id": 0,
      "cpu_speed_mips": 1037,
      "memory_mb": 38912,
      "cpu_cores": 40,
      "disk_mb": 1024,
      "bandwidth_mbps": 50,
      "vmm": "Xen"
    },
    {
      "id": 8,
      "host_id": 3,
      "cpu_speed_mips": 2663,
      "memory_mb": 79872,
      "cpu_cores": 16,
      "disk_mb": 1024,
      "bandwidth_mbps": 50,
      "vmm": "Xen"
    },
    {
      "id": 9,
      "host_id": 2,
      "cpu_speed_mips": 2546,
      "memory_mb": 82944,
      "cpu_cores": 16,
      "disk_mb": 1024,
      "bandwidth_mbps": 50,
      "vmm": "Xen"
    },
    {
      "id": 10,
      "host_id": 1,
      "cpu_speed_mips": 2996,
      "memory_mb": 81920,
      "cpu_cores": 56,
      "disk_mb": 1024,
      "bandwidth_mbps": 50,
      "vmm": "Xen"
    },
    {
      "id": 11,
      "host_id": 0,
      "cpu_speed_mips": 599,
      "memory_mb": 84992,
      "cpu_cores": 40,
      "disk_mb": 1024,
      "bandwidth_mbps": 50,
      "vmm": "Xen"
    }
  ],
  "hosts": [
    {
      "id": 0,
      "cores": 40,
      "cpu_speed_mips": 512000,
      "power_idle_watt": 85,
      "power_peak_watt": 450,
      "memory_mb": 131072,
      "disk_mb": 12000000,
      "bandwidth_mbps": 2048
    },
    {
      "id": 1,
      "cores": 56,
      "cpu_speed_mips": 604800,
      "power_idle_watt": 50,
      "power_peak_watt": 432,
      "memory_mb": 167936,
      "disk_mb": 10000000,
      "bandwidth_mbps": 1536
    },
    {
      "id": 2,
      "cores": 16,
      "cpu_speed_mips": 187712,
      "power_idle_watt": 116,
      "power_peak_watt": 475,
      "memory_mb": 49152,
      "disk_mb": 10000000,
      "bandwidth_mbps": 1024
    },
    {
      "id": 3,
      "cores": 16,
      "cpu_speed_mips": 187712,
      "power_idle_watt": 116,
      "power_peak_watt": 475,
      "memory_mb": 49152,
      "disk_mb": 10000000,
      "bandwidth_mbps": 1024
    }
  ]
}