{
  "workflows": [
    {
      "id": 0,
      "tasks": [
        {
          "id": 0,
          "workflow_id": 0,
          "length": 47107,
          "req_memory_mb": 55296,
          "req_cpu_cores": 17,
          "child_ids": [
            1,
            2,
            3,
            4,
            5,
            6,
            7,
            9,
            10,
            11,
            12,
            13,
            14,
            17,
            18,
            19,
            21,
            22,
            23,
            24,
            25
          ]
        },
        {
          "id": 1,
          "workflow_id": 0,
          "length": 58740,
          "req_memory_mb": 2048,
          "req_cpu_cores": 14,
          "child_ids": []
        },
        {
          "id": 2,
          "workflow_id": 0,
          "length": 54504,
          "req_memory_mb": 29696,
          "req_cpu_cores": 17,
          "child_ids": []
        },
        {
          "id": 3,
          "workflow_id": 0,
          "length": 39785,
          "req_memory_mb": 67584,
          "req_cpu_cores": 31,
          "child_ids": [
            26,
            20
          ]
        },
        {
          "id": 4,
          "workflow_id": 0,
          "length": 26006,
          "req_memory_mb": 64512,
          "req_cpu_cores": 17,
          "child_ids": [
            8,
            16
          ]
        },
        {
          "id": 5,
          "workflow_id": 0,
          "length": 42112,
          "req_memory_mb": 30720,
          "req_cpu_cores": 19,
          "child_ids": []
        },
        {
          "id": 6,
          "workflow_id": 0,
          "length": 63702,
          "req_memory_mb": 52224,
          "req_cpu_cores": 12,
          "child_ids": []
        },
        {
          "id": 7,
          "workflow_id": 0,
          "length": 40553,
          "req_memory_mb": 20480,
          "req_cpu_cores": 12,
          "child_ids": []
        },
        {
          "id": 8,
          "workflow_id": 0,
          "length": 45866,
          "req_memory_mb": 59392,
          "req_cpu_cores": 7,
          "child_ids": [
            15
          ]
        },
        {
          "id": 9,
          "workflow_id": 0,
          "length": 65355,
          "req_memory_mb": 70656,
          "req_cpu_cores": 14,
          "child_ids": []
        },
        {
          "id": 10,
          "workflow_id": 0,
          "length": 24552,
          "req_memory_mb": 61440,
          "req_cpu_cores": 2,
          "child_ids": []
        },
        {
          "id": 11,
          "workflow_id": 0,
          "length": 31255,
          "req_memory_mb": 77824,
          "req_cpu_cores": 17,
          "child_ids": []
        },
        {
          "id": 12,
          "workflow_id": 0,
          "length": 19780,
          "req_memory_mb": 47104,
          "req_cpu_cores": 24,
          "child_ids": []
        },
        {
          "id": 13,
          "workflow_id": 0,
          "length": 81690,
          "req_memory_mb": 1024,
          "req_cpu_cores": 10,
          "child_ids": []
        },
        {
          "id": 14,
          "workflow_id": 0,
          "length": 43950,
          "req_memory_mb": 75776,
          "req_cpu_cores": 26,
          "child_ids": []
        },
        {
          "id": 15,
          "workflow_id": 0,
          "length": 52647,
          "req_memory_mb": 71680,
          "req_cpu_cores": 34,
          "child_ids": []
        },
        {
          "id": 16,
          "workflow_id": 0,
          "length": 18100,
          "req_memory_mb": 38912,
          "req_cpu_cores": 19,
          "child_ids": []
        },
        {
          "id": 17,
          "workflow_id": 0,
          "length": 35491,
          "req_memory_mb": 32768,
          "req_cpu_cores": 34,
          "child_ids": []
        },
        {
          "id": 18,
          "workflow_id": 0,
          "length": 51330,
          "req_memory_mb": 23552,
          "req_cpu_cores": 7,
          "child_ids": []
        },
        {
          "id": 19,
          "workflow_id": 0,
          "length": 50186,
          "req_memory_mb": 27648,
          "req_cpu_cores": 26,
          "child_ids": []
        },
        {
          "id": 20,
          "workflow_id": 0,
          "length": 43291,
          "req_memory_mb": 80896,
          "req_cpu_cores": 2,
          "child_ids": []
        },
        {
          "id": 21,
          "workflow_id": 0,
          "length": 4737,
          "req_memory_mb": 3072,
          "req_cpu_cores": 19,
          "child_ids": []
        },
        {
          "id": 22,
          "workflow_id": 0,
          "length": 28903,
          "req_memory_mb": 59392,
          "req_cpu_cores": 19,
          "child_ids": []
        },
        {
          "id": 23,
          "workflow_id": 0,
          "length": 61681,
          "req_memory_mb": 15360,
          "req_cpu_cores": 2,
          "child_ids": []
        },
        {
          "id": 24,
          "workflow_id": 0,
          "length": 33191,
          "req_memory_mb": 26624,
          "req_cpu_cores": 29,
          "child_ids": []
        },
        {
          "id": 25,
          "workflow_id": 0,
          "length": 83311,
          "req_memory_mb": 39936,
          "req_cpu_cores": 12,
          "child_ids": []
        },
        {
          "id": 26,
          "workflow_id": 0,
          "length": 45709,
          "req_memory_mb": 68608,
          "req_cpu_cores": 5,
          "child_ids": []
        }
      ],
      "arrival_time": 0
    }
  ],
  "vms": [
    {
      "id": 0,
      "host_id": 3,
      "cpu_speed_mips": 1533,
      "memory_mb": 106496,
      "cpu_cores": 16,
      "disk_mb": 1024,
      "bandwidth_mbps": 50,
      "vmm": "Xen"
    },
    {
      "id": 1,
      "host_id": 2,
      "cpu_speed_mips": 4873,
      "memory_mb": 86016,
      "cpu_cores": 16,
      "disk_mb": 1024,
      "bandwidth_mbps": 50,
      "vmm": "Xen"
    },
    {
      "id": 2,
      "host_id": 1,
      "cpu_speed_mips": 3968,
      "memory_mb": 117760,
      "cpu_cores": 56,
      "disk_mb": 1024,
      "bandwidth_mbps": 50,
      "vmm": "Xen"
    },
    {
      "id": 3,
      "host_id": 0,
      "cpu_speed_mips": 1205,
      "memory_mb": 60416,
      "cpu_cores": 40,
      "disk_mb": 1024,
      "bandwidth_mbps": 50,
      "vmm": "Xen"
    },
    {
      "id": 4,
      "host_id": 3,
      "cpu_speed_mips": 3099,
      "memory_mb": 105472,
      "cpu_cores": 16,
      "disk_mb": 1024,
      "bandwidth_mbps": 50,
      "vmm": "Xen"
    },
    {
      "id": 5,
      "host_id": 2,
      "cpu_speed_mips": 2722,
      "memory_mb": 90112,
      "cpu_cores": 16,
      "disk_mb": 1024,
      "bandwidth_mbps": 50,
      "vmm": "Xen"
    },
    {
      "id": 6,
      "host_id": 1,
      "cpu_speed_mips": 3397,
      "memory_mb": 91136,
      "cpu_cores": 56,
      "disk_mb": 1024,
      "bandwidth_mbps": 50,
      "vmm": "Xen"
    },
    {
      "id": 7,
      "host_id": 0,
      "cpu_speed_mips": 1037,
      "memory_mb": 38912,
      "cpu_cores": 40,
      "disk_mb": 1024,
      "bandwidth_mbps": 50,
      "vmm": "Xen"
    },
    {
      "id": 8,
      "host_id": 3,
      "cpu_speed_mips": 2663,
      "memory_mb": 79872,
      "cpu_cores": 16,
      "disk_mb": 1024,
      "bandwidth_mbps": 50,
      "vmm": "Xen"
    },
    {
      "id": 9,
      "host_id": 2,
      "cpu_speed_mips": 2546,
      "memory_mb": 82944,
      "cpu_cores": 16,
      "disk_mb": 1024,
      "bandwidth_mbps": 50,
      "vmm": "Xen"
    },
    {
      "id": 10,
      "host_id": 1,
      "cpu_speed_mips": 2996,
      "memory_mb": 81920,
      "cpu_cores": 56,
      "disk_mb": 1024,
      "bandwidth_mbps": 50,
      "vmm": "Xen"
    },
    {
      "id": 11,
      "host_id": 0,
      "cpu_speed_mips": 599,
      "memory_mb": 84992,
      "cpu_cores": 40,
      "disk_mb": 1024,
      "bandwidth_mbps": 50,
      "vmm": "Xen"
    }
  ],
  "hosts": [
    {
      "id": 0,
      "cores": 40,
      "cpu_speed_mips": 512000,
      "power_idle_watt": 85,
      "power_peak_watt": 450,
      "memory_mb": 131072,
      "disk_mb": 12000000,
      "bandwidth_mbps": 2048
    },
    {
      "id": 1,
      "cores": 56,
      "cpu_speed_mips": 604800,
      "power_idle_watt": 50,
      "power_peak_watt": 432,
      "memory_mb": 167936,
      "disk_mb": 10000000,
      "bandwidth_mbps": 1536
    },
    {
      "id": 2,
      "cores": 16,
      "cpu_speed_mips": 187712,
      "power_idle_watt": 116,
      "power_peak_watt": 475,
      "memory_mb": 49152,
      "disk_mb": 10000000,
      "bandwidth_mbps": 1024
    },
    {
      "id": 3,
      "cores": 16,
      "cpu_speed_mips": 187712,
      "power_idle_watt": 116,
      "power_peak_watt": 475,
      "memory_mb": 49152,
      "disk_mb": 10000000,
      "bandwidth_mbps": 1024
    }
  ]
}