{
  "workflows": [
    {
      "id": 0,
      "tasks": [
        {
          "id": 0,
          "workflow_id": 0,
          "length": 57476,
          "req_memory_mb": 13312,
          "req_cpu_cores": 20,
          "child_ids": [
            1,
            2,
            3,
            4,
            5,
            6,
            7,
            8,
            9,
            10,
            12,
            14,
            17,
            20,
            22,
            25,
            26
          ]
        },
        {
          "id": 1,
          "workflow_id": 0,
          "length": 35204,
          "req_memory_mb": 64512,
          "req_cpu_cores": 31,
          "child_ids": []
        },
        {
          "id": 2,
          "workflow_id": 0,
          "length": 47874,
          "req_memory_mb": 30720,
          "req_cpu_cores": 8,
          "child_ids": [
            16,
            19,
            11
          ]
        },
        {
          "id": 3,
          "workflow_id": 0,
          "length": 35256,
          "req_memory_mb": 78848,
          "req_cpu_cores": 23,
          "child_ids": [
            16
          ]
        },
        {
          "id": 4,
          "workflow_id": 0,
          "length": 48054,
          "req_memory_mb": 67584,
          "req_cpu_cores": 3,
          "child_ids": [
            16
          ]
        },
        {
          "id": 5,
          "workflow_id": 0,
          "length": 74624,
          "req_memory_mb": 6144,
          "req_cpu_cores": 39,
          "child_ids": []
        },
        {
          "id": 6,
          "workflow_id": 0,
          "length": 9768,
          "req_memory_mb": 75776,
          "req_cpu_cores": 8,
          "child_ids": [
            24,
            11
          ]
        },
        {
          "id": 7,
          "workflow_id": 0,
          "length": 39868,
          "req_memory_mb": 68608,
          "req_cpu_cores": 3,
          "child_ids": [
            21
          ]
        },
        {
          "id": 8,
          "workflow_id": 0,
          "length": 41564,
          "req_memory_mb": 2048,
          "req_cpu_cores": 37,
          "child_ids": []
        },
        {
          "id": 9,
          "workflow_id": 0,
          "length": 55982,
          "req_memory_mb": 27648,
          "req_cpu_cores": 8,
          "child_ids": []
        },
        {
          "id": 10,
          "workflow_id": 0,
          "length": 10928,
          "req_memory_mb": 39936,
          "req_cpu_cores": 34,
          "child_ids": []
        },
        {
          "id": 11,
          "workflow_id": 0,
          "length": 48651,
          "req_memory_mb": 17408,
          "req_cpu_cores": 8,
          "child_ids": [
            13
          ]
        },
        {
          "id": 12,
          "workflow_id": 0,
          "length": 57892,
          "req_memory_mb": 40960,
          "req_cpu_cores": 17,
          "child_ids": [
            15
          ]
        },
        {
          "id": 13,
          "workflow_id": 0,
          "length": 37250,
          "req_memory_mb": 45056,
          "req_cpu_cores": 23,
          "child_ids": [
            24
          ]
        },
        {
          "id": 14,
          "workflow_id": 0,
          "length": 48788,
          "req_memory_mb": 97280,
          "req_cpu_cores": 3,
          "child_ids": []
        },
        {
          "id": 15,
          "workflow_id": 0,
          "length": 91431,
          "req_memory_mb": 27648,
          "req_cpu_cores": 6,
          "child_ids": []
        },
        {
          "id": 16,
          "workflow_id": 0,
          "length": 50129,
          "req_memory_mb": 102400,
          "req_cpu_cores": 23,
          "child_ids": [
            18
          ]
        },
        {
          "id": 17,
          "workflow_id": 0,
          "length": 27076,
          "req_memory_mb": 13312,
          "req_cpu_cores": 39,
          "child_ids": [
            18
          ]
        },
        {
          "id": 18,
          "workflow_id": 0,
          "length": 58851,
          "req_memory_mb": 60416,
          "req_cpu_cores": 37,
          "child_ids": [
            23
          ]
        },
        {
          "id": 19,
          "workflow_id": 0,
          "length": 65599,
          "req_memory_mb": 117760,
          "req_cpu_cores": 20,
          "child_ids": []
        },
        {
          "id": 20,
          "workflow_id": 0,
          "length": 72918,
          "req_memory_mb": 9216,
          "req_cpu_cores": 31,
          "child_ids": []
        },
        {
          "id": 21,
          "workflow_id": 0,
          "length": 66355,
          "req_memory_mb": 101376,
          "req_cpu_cores": 6,
          "child_ids": []
        },
        {
          "id": 22,
          "workflow_id": 0,
          "length": 71321,
          "req_memory_mb": 41984,
          "req_cpu_cores": 23,
          "child_ids": []
        },
        {
          "id": 23,
          "workflow_id": 0,
          "length": 70284,
          "req_memory_mb": 7168,
          "req_cpu_cores": 37,
          "child_ids": []
        },
        {
          "id": 24,
          "workflow_id": 0,
          "length": 31310,
          "req_memory_mb": 106496,
          "req_cpu_cores": 8,
          "child_ids": []
        },
        {
          "id": 25,
          "workflow_id": 0,
          "length": 50158,
          "req_memory_mb": 106496,
          "req_cpu_cores": 37,
          "child_ids": []
        },
        {
          "id": 26,
          "workflow_id": 0,
          "length": 75077,
          "req_memory_mb": 67584,
          "req_cpu_cores": 8,
          "child_ids": []
        }
      ],
      "arrival_time": 0
    }
  ],
  "vms": [
    {
      "id": 0,
      "host_id": 3,
      "cpu_speed_mips": 1533,
      "memory_mb": 106496,
      "cpu_cores": 16,
      "disk_mb": 1024,
      "bandwidth_mbps": 50,
      "vmm": "Xen"
    },
    {
      "id": 1,
      "host_id": 2,
      "cpu_speed_mips": 4873,
      "memory_mb": 86016,
      "cpu_cores": 16,
      "disk_mb": 1024,
      "bandwidth_mbps": 50,
      "vmm": "Xen"
    },
    {
      "id": 2,
      "host_id": 1,
      "cpu_speed_mips": 3968,
      "memory_mb": 117760,
      "cpu_cores": 56,
      "disk_mb": 1024,
      "bandwidth_mbps": 50,
      "vmm": "Xen"
    },
    {
      "id": 3,
      "host_id": 0,
      "cpu_speed_mips": 1205,
      "memory_mb": 60416,
      "cpu_cores": 40,
      "disk_mb": 1024,
      "bandwidth_mbps": 50,
      "vmm": "Xen"
    },
    {
      "id": 4,
      "host_id": 3,
      "cpu_speed_mips": 3099,
      "memory_mb": 105472,
      "cpu_cores": 16,
      "disk_mb": 1024,
      "bandwidth_mbps": 50,
      "vmm": "Xen"
    },
    {
      "id": 5,
      "host_id": 2,
      "cpu_speed_mips": 2722,
      "memory_mb": 90112,
      "cpu_cores": 16,
      "disk_mb": 1024,
      "bandwidth_mbps": 50,
      "vmm": "Xen"
    },
    {
      "id": 6,
      "host_id": 1,
      "cpu_speed_mips": 3397,
      "memory_mb": 91136,
      "cpu_cores": 56,
      "disk_mb": 1024,
      "bandwidth_mbps": 50,
      "vmm": "Xen"
    },
    {
      "id": 7,
      "host_id": 0,
      "cpu_speed_mips": 1037,
      "memory_mb": 38912,
      "cpu_cores": 40,
      "disk_mb": 1024,
      "bandwidth_mbps": 50,
      "vmm": "Xen"
    },
    {
      "id": 8,
      "host_id": 3,
      "cpu_speed_mips": 2663,
      "memory_mb": 79872,
      "cpu_cores": 16,
      "disk_mb": 1024,
      "bandwidth_mbps": 50,
      "vmm": "Xen"
    },
    {
      "id": 9,
      "host_id": 2,
      "cpu_speed_mips": 2546,
      "memory_mb": 82944,
      "cpu_cores": 16,
      "disk_mb": 1024,
      "bandwidth_mbps": 50,
      "vmm": "Xen"
    },
    {
      "id": 10,
      "host_id": 1,
      "cpu_speed_mips": 2996,
      "memory_mb": 81920,
      "cpu_cores": 56,
      "disk_mb": 1024,
      "bandwidth_mbps": 50,
      "vmm": "Xen"
    },
    {
      "id": 11,
      "host_id": 0,
      "cpu_speed_mips": 599,
      "memory_mb": 84992,
      "cpu_cores": 40,
      "disk_mb": 1024,
      "bandwidth_mbps": 50,
      "vmm": "Xen"
    }
  ],
  "hosts": [
    {
      "id": 0,
      "cores": 40,
      "cpu_speed_mips": 512000,
      "power_idle_watt": 85,
      "power_peak_watt": 450,
      "memory_mb": 131072,
      "disk_mb": 12000000,
      "bandwidth_mbps": 2048
    },
    {
      "id": 1,
      "cores": 56,
      "cpu_speed_mips": 604800,
      "power_idle_watt": 50,
      "power_peak_watt": 432,
      "memory_mb": 167936,
      "disk_mb": 10000000,
      "bandwidth_mbps": 1536
    },
    {
      "id": 2,
      "cores": 16,
      "cpu_speed_mips": 187712,
      "power_idle_watt": 116,
      "power_peak_watt": 475,
      "memory_mb": 49152,
      "disk_mb": 10000000,
      "bandwidth_mbps": 1024
    },
    {
      "id": 3,
      "cores": 16,
      "cpu_speed_mips": 187712,
      "power_idle_watt": 116,
      "power_peak_watt": 475,
      "memory_mb": 49152,
      "disk_mb": 10000000,
      "bandwidth_mbps": 1024
    }
  ]
}