{
  "workflows": [
    {
      "id": 0,
      "tasks": [
        {
          "id": 0,
          "workflow_id": 0,
          "length": 17868,
          "req_memory_mb": 44032,
          "req_cpu_cores": 3,
          "child_ids": [
            1,
            2,
            3,
            5,
            6,
            7,
            9,
            10,
            11,
            14,
            15,
            16,
            17,
            18,
            19,
            23,
            24,
            25
          ]
        },
        {
          "id": 1,
          "workflow_id": 0,
          "length": 38472,
          "req_memory_mb": 107520,
          "req_cpu_cores": 33,
          "child_ids": [
            4
          ]
        },
        {
          "id": 2,
          "workflow_id": 0,
          "length": 40203,
          "req_memory_mb": 90112,
          "req_cpu_cores": 8,
          "child_ids": []
        },
        {
          "id": 3,
          "workflow_id": 0,
          "length": 50085,
          "req_memory_mb": 18432,
          "req_cpu_cores": 15,
          "child_ids": [
            12
          ]
        },
        {
          "id": 4,
          "workflow_id": 0,
          "length": 55506,
          "req_memory_mb": 66560,
          "req_cpu_cores": 5,
          "child_ids": [
            20,
            13
          ]
        },
        {
          "id": 5,
          "workflow_id": 0,
          "length": 64391,
          "req_memory_mb": 71680,
          "req_cpu_cores": 36,
          "child_ids": []
        },
        {
          "id": 6,
          "workflow_id": 0,
          "length": 65992,
          "req_memory_mb": 34816,
          "req_cpu_cores": 33,
          "child_ids": [
            8
          ]
        },
        {
          "id": 7,
          "workflow_id": 0,
          "length": 32331,
          "req_memory_mb": 31744,
          "req_cpu_cores": 15,
          "child_ids": []
        },
        {
          "id": 8,
          "workflow_id": 0,
          "length": 64704,
          "req_memory_mb": 92160,
          "req_cpu_cores": 15,
          "child_ids": []
        },
        {
          "id": 9,
          "workflow_id": 0,
          "length": 77204,
          "req_memory_mb": 61440,
          "req_cpu_cores": 3,
          "child_ids": [
            21
          ]
        },
        {
          "id": 10,
          "workflow_id": 0,
          "length": 58162,
          "req_memory_mb": 93184,
          "req_cpu_cores": 18,
          "child_ids": []
        },
        {
          "id": 11,
          "workflow_id": 0,
          "length": 59017,
          "req_memory_mb": 24576,
          "req_cpu_cores": 15,
          "child_ids": []
        },
        {
          "id": 12,
          "workflow_id": 0,
          "length": 83203,
          "req_memory_mb": 44032,
          "req_cpu_cores": 36,
          "child_ids": []
        },
        {
          "id": 13,
          "workflow_id": 0,
          "length": 65386,
          "req_memory_mb": 36864,
          "req_cpu_cores": 15,
          "child_ids": [
            22
          ]
        },
        {
          "id": 14,
          "workflow_id": 0,
          "length": 53055,
          "req_memory_mb": 8192,
          "req_cpu_cores": 23,
          "child_ids": []
        },
        {
          "id": 15,
          "workflow_id": 0,
          "length": 38654,
          "req_memory_mb": 7168,
          "req_cpu_cores": 21,
          "child_ids": [
            20
          ]
        },
        {
          "id": 16,
          "workflow_id": 0,
          "length": 45174,
          "req_memory_mb": 100352,
          "req_cpu_cores": 33,
          "child_ids": []
        },
        {
          "id": 17,
          "workflow_id": 0,
          "length": 47878,
          "req_memory_mb": 55296,
          "req_cpu_cores": 28,
          "child_ids": []
        },
        {
          "id": 18,
          "workflow_id": 0,
          "length": 23872,
          "req_memory_mb": 7168,
          "req_cpu_cores": 5,
          "child_ids": []
        },
        {
          "id": 19,
          "workflow_id": 0,
          "length": 59056,
          "req_memory_mb": 70656,
          "req_cpu_cores": 28,
          "child_ids": []
        },
        {
          "id": 20,
          "workflow_id": 0,
          "length": 51859,
          "req_memory_mb": 22528,
          "req_cpu_cores": 23,
          "child_ids": []
        },
        {
          "id": 21,
          "workflow_id": 0,
          "length": 63985,
          "req_memory_mb": 76800,
          "req_cpu_cores": 13,
          "child_ids": []
        },
        {
          "id": 22,
          "workflow_id": 0,
          "length": 49660,
          "req_memory_mb": 2048,
          "req_cpu_cores": 15,
          "child_ids": []
        },
        {
          "id": 23,
          "workflow_id": 0,
          "length": 47369,
          "req_memory_mb": 83968,
          "req_cpu_cores": 8,
          "child_ids": []
        },
        {
          "id": 24,
          "workflow_id": 0,
          "length": 56268,
          "req_memory_mb": 86016,
          "req_cpu_cores": 15,
          "child_ids": []
        },
        {
          "id": 25,
          "workflow_id": 0,
          "length": 39053,
          "req_memory_mb": 2048,
          "req_cpu_cores": 36,
          "child_ids": []
        }
      ],
      "arrival_time": 0
    }
  ],
  "vms": [
    {
      "id": 0,
      "host_id": 3,
      "cpu_speed_mips": 1533,
      "memory_mb": 106496,
      "cpu_cores": 16,
      "disk_mb": 1024,
      "bandwidth_mbps": 50,
      "vmm": "Xen"
    },
    {
      "id": 1,
      "host_id": 2,
      "cpu_speed_mips": 4873,
      "memory_mb": 86016,
      "cpu_cores": 16,
      "disk_mb": 1024,
      "bandwidth_mbps": 50,
      "vmm": "Xen"
    },
    {
      "id": 2,
      "host_id": 1,
      "cpu_speed_mips": 3968,
      "memory_mb": 117760,
      "cpu_cores": 56,
      "disk_mb": 1024,
      "bandwidth_mbps": 50,
      "vmm": "Xen"
    },
    {
      "id": 3,
      "host_id": 0,
      "cpu_speed_mips": 1205,
      "memory_mb": 60416,
      "cpu_cores": 40,
      "disk_mb": 1024,
      "bandwidth_mbps": 50,
      "vmm": "Xen"
    },
    {
      "id": 4,
      "host_id": 3,
      "cpu_speed_mips": 3099,
      "memory_mb": 105472,
      "cpu_cores": 16,
      "disk_mb": 1024,
      "bandwidth_mbps": 50,
      "vmm": "Xen"
    },
    {
      "id": 5,
      "host_id": 2,
      "cpu_speed_mips": 2722,
      "memory_mb": 90112,
      "cpu_cores": 16,
      "disk_mb": 1024,
      "bandwidth_mbps": 50,
      "vmm": "Xen"
    },
    {
      "id": 6,
      "host_id": 1,
      "cpu_speed_mips": 3397,
      "memory_mb": 91136,
      "cpu_cores": 56,
      "disk_mb": 1024,
      "bandwidth_mbps": 50,
      "vmm": "Xen"
    },
    {
      "id": 7,
      "host_id": 0,
      "cpu_speed_mips": 1037,
      "memory_mb": 38912,
      "cpu_cores": 40,
      "disk_mb": 1024,
      "bandwidth_mbps": 50,
      "vmm": "Xen"
    },
    {
      "id": 8,
      "host_id": 3,
      "cpu_speed_mips": 2663,
      "memory_mb": 79872,
      "cpu_cores": 16,
      "disk_mb": 1024,
      "bandwidth_mbps": 50,
      "vmm": "Xen"
    },
    {
      "id": 9,
      "host_id": 2,
      "cpu_speed_mips": 2546,
      "memory_mb": 82944,
      "cpu_cores": 16,
      "disk_mb": 1024,
      "bandwidth_mbps": 50,
      "vmm": "Xen"
    },
    {
      "id": 10,
      "host_id": 1,
      "cpu_speed_mips": 2996,
      "memory_mb": 81920,
      "cpu_cores": 56,
      "disk_mb": 1024,
      "bandwidth_mbps": 50,
      "vmm": "Xen"
    },
    {
      "id": 11,
      "host_id": 0,
      "cpu_speed_mips": 599,
      "memory_mb": 84992,
      "cpu_cores": 40,
      "disk_mb": 1024,
      "bandwidth_mbps": 50,
      "vmm": "Xen"
    }
  ],
  "hosts": [
    {
      "id": 0,
      "cores": 40,
      "cpu_speed_mips": 512000,
      "power_idle_watt": 85,
      "power_peak_watt": 450,
      "memory_mb": 131072,
      "disk_mb": 12000000,
      "bandwidth_mbps": 2048
    },
    {
      "id": 1,
      "cores": 56,
      "cpu_speed_mips": 604800,
      "power_idle_watt": 50,
      "power_peak_watt": 432,
      "memory_mb": 167936,
      "disk_mb": 10000000,
      "bandwidth_mbps": 1536
    },
    {
      "id": 2,
      "cores": 16,
      "cpu_speed_mips": 187712,
      "power_idle_watt": 116,
      "power_peak_watt": 475,
      "memory_mb": 49152,
      "disk_mb": 10000000,
      "bandwidth_mbps": 1024
    },
    {
      "id": 3,
      "cores": 16,
      "cpu_speed_mips": 187712,
      "power_idle_watt": 116,
      "power_peak_watt": 475,
      "memory_mb": 49152,
      "disk_mb": 10000000,
      "bandwidth_mbps": 1024
    }
  ]
}