{
  "workflows": [
    {
      "id": 0,
      "tasks": [
        {
          "id": 0,
          "workflow_id": 0,
          "length": 46369,
          "req_memory_mb": 3072,
          "req_cpu_cores": 11,
          "child_ids": [
            1,
            2,
            3,
            4,
            6,
            7,
            10,
            11,
            12,
            13,
            15,
            18,
            19,
            20,
            22,
            23
          ]
        },
        {
          "id": 1,
          "workflow_id": 0,
          "length": 36660,
          "req_memory_mb": 86016,
          "req_cpu_cores": 8,
          "child_ids": []
        },
        {
          "id": 2,
          "workflow_id": 0,
          "length": 56468,
          "req_memory_mb": 59392,
          "req_cpu_cores": 17,
          "child_ids": [
            14
          ]
        },
        {
          "id": 3,
          "workflow_id": 0,
          "length": 19876,
          "req_memory_mb": 38912,
          "req_cpu_cores": 8,
          "child_ids": [
            9,
            5
          ]
        },
        {
          "id": 4,
          "workflow_id": 0,
          "length": 42703,
          "req_memory_mb": 103424,
          "req_cpu_cores": 39,
          "child_ids": [
            21
          ]
        },
        {
          "id": 5,
          "workflow_id": 0,
          "length": 36462,
          "req_memory_mb": 55296,
          "req_cpu_cores": 34,
          "child_ids": [
            8
          ]
        },
        {
          "id": 6,
          "workflow_id": 0,
          "length": 41223,
          "req_memory_mb": 45056,
          "req_cpu_cores": 17,
          "child_ids": []
        },
        {
          "id": 7,
          "workflow_id": 0,
          "length": 39610,
          "req_memory_mb": 8192,
          "req_cpu_cores": 25,
          "child_ids": [
            14
          ]
        },
        {
          "id": 8,
          "workflow_id": 0,
          "length": 77963,
          "req_memory_mb": 29696,
          "req_cpu_cores": 22,
          "child_ids": [
            16
          ]
        },
        {
          "id": 9,
          "workflow_id": 0,
          "length": 53870,
          "req_memory_mb": 84992,
          "req_cpu_cores": 36,
          "child_ids": []
        },
        {
          "id": 10,
          "workflow_id": 0,
          "length": 49527,
          "req_memory_mb": 43008,
          "req_cpu_cores": 25,
          "child_ids": []
        },
        {
          "id": 11,
          "workflow_id": 0,
          "length": 19597,
          "req_memory_mb": 33792,
          "req_cpu_cores": 8,
          "child_ids": []
        },
        {
          "id": 12,
          "workflow_id": 0,
          "length": 46058,
          "req_memory_mb": 49152,
          "req_cpu_cores": 20,
          "child_ids": []
        },
        {
          "id": 13,
          "workflow_id": 0,
          "length": 62091,
          "req_memory_mb": 101376,
          "req_cpu_cores": 8,
          "child_ids": []
        },
        {
          "id": 14,
          "workflow_id": 0,
          "length": 56637,
          "req_memory_mb": 92160,
          "req_cpu_cores": 17,
          "child_ids": []
        },
        {
          "id": 15,
          "workflow_id": 0,
          "length": 75038,
          "req_memory_mb": 51200,
          "req_cpu_cores": 14,
          "child_ids": [
            17
          ]
        },
        {
          "id": 16,
          "workflow_id": 0,
          "length": 48454,
          "req_memory_mb": 80896,
          "req_cpu_cores": 17,
          "child_ids": []
        },
        {
          "id": 17,
          "workflow_id": 0,
          "length": 52071,
          "req_memory_mb": 6144,
          "req_cpu_cores": 17,
          "child_ids": []
        },
        {
          "id": 18,
          "workflow_id": 0,
          "length": 47398,
          "req_memory_mb": 98304,
          "req_cpu_cores": 22,
          "child_ids": []
        },
        {
          "id": 19,
          "workflow_id": 0,
          "length": 55965,
          "req_memory_mb": 12288,
          "req_cpu_cores": 39,
          "child_ids": []
        },
        {
          "id": 20,
          "workflow_id": 0,
          "length": 35583,
          "req_memory_mb": 89088,
          "req_cpu_cores": 22,
          "child_ids": []
        },
        {
          "id": 21,
          "workflow_id": 0,
          "length": 75323,
          "req_memory_mb": 38912,
          "req_cpu_cores": 36,
          "child_ids": []
        },
        {
          "id": 22,
          "workflow_id": 0,
          "length": 44586,
          "req_memory_mb": 90112,
          "req_cpu_cores": 20,
          "child_ids": []
        },
        {
          "id": 23,
          "workflow_id": 0,
          "length": 33181,
          "req_memory_mb": 22528,
          "req_cpu_cores": 17,
          "child_ids": []
        }
      ],
      "arrival_time": 0
    }
  ],
  "vms": [
    {
      "id": 0,
      "host_id": 3,
      "cpu_speed_mips": 1533,
      "memory_mb": 106496,
      "cpu_cores": 16,
      "disk_mb": 1024,
      "bandwidth_mbps": 50,
      "vmm": "Xen"
    },
    {
      "id": 1,
      "host_id": 2,
      "cpu_speed_mips": 4873,
      "memory_mb": 86016,
      "cpu_cores": 16,
      "disk_mb": 1024,
      "bandwidth_mbps": 50,
      "vmm": "Xen"
    },
    {
      "id": 2,
      "host_id": 1,
      "cpu_speed_mips": 3968,
      "memory_mb": 117760,
      "cpu_cores": 56,
      "disk_mb": 1024,
      "bandwidth_mbps": 50,
      "vmm": "Xen"
    },
    {
      "id": 3,
      "host_id": 0,
      "cpu_speed_mips": 1205,
      "memory_mb": 60416,
      "cpu_cores": 40,
      "disk_mb": 1024,
      "bandwidth_mbps": 50,
      "vmm": "Xen"
    },
    {
      "id": 4,
      "host_id": 3,
      "cpu_speed_mips": 3099,
      "memory_mb": 105472,
      "cpu_cores": 16,
      "disk_mb": 1024,
      "bandwidth_mbps": 50,
      "vmm": "Xen"
    },
    {
      "id": 5,
      "host_id": 2,
      "cpu_speed_mips": 2722,
      "memory_mb": 90112,
      "cpu_cores": 16,
      "disk_mb": 1024,
      "bandwidth_mbps": 50,
      "vmm": "Xen"
    },
    {
      "id": 6,
      "host_id": 1,
      "cpu_speed_mips": 3397,
      "memory_mb": 91136,
      "cpu_cores": 56,
      "disk_mb": 1024,
      "bandwidth_mbps": 50,
      "vmm": "Xen"
    },
    {
      "id": 7,
      "host_id": 0,
      "cpu_speed_mips": 1037,
      "memory_mb": 38912,
      "cpu_cores": 40,
      "disk_mb": 1024,
      "bandwidth_mbps": 50,
      "vmm": "Xen"
    },
    {
      "id": 8,
      "host_id": 3,
      "cpu_speed_mips": 2663,
      "memory_mb": 79872,
      "cpu_cores": 16,
      "disk_mb": 1024,
      "bandwidth_mbps": 50,
      "vmm": "Xen"
    },
    {
      "id": 9,
      "host_id": 2,
      "cpu_speed_mips": 2546,
      "memory_mb": 82944,
      "cpu_cores": 16,
      "disk_mb": 1024,
      "bandwidth_mbps": 50,
      "vmm": "Xen"
    },
    {
      "id": 10,
      "host_id": 1,
      "cpu_speed_mips": 2996,
      "memory_mb": 81920,
      "cpu_cores": 56,
      "disk_mb": 1024,
      "bandwidth_mbps": 50,
      "vmm": "Xen"
    },
    {
      "id": 11,
      "host_id": 0,
      "cpu_speed_mips": 599,
      "memory_mb": 84992,
      "cpu_cores": 40,
      "disk_mb": 1024,
      "bandwidth_mbps": 50,
      "vmm": "Xen"
    }
  ],
  "hosts": [
    {
      "id": 0,
      "cores": 40,
      "cpu_speed_mips": 512000,
      "power_idle_watt": 85,
      "power_peak_watt": 450,
      "memory_mb": 131072,
      "disk_mb": 12000000,
      "bandwidth_mbps": 2048
    },
    {
      "id": 1,
      "cores": 56,
      "cpu_speed_mips": 604800,
      "power_idle_watt": 50,
      "power_peak_watt": 432,
      "memory_mb": 167936,
      "disk_mb": 10000000,
      "bandwidth_mbps": 1536
    },
    {
      "id": 2,
      "cores": 16,
      "cpu_speed_mips": 187712,
      "power_idle_watt": 116,
      "power_peak_watt": 475,
      "memory_mb": 49152,
      "disk_mb": 10000000,
      "bandwidth_mbps": 1024
    },
    {
      "id": 3,
      "cores": 16,
      "cpu_speed_mips": 187712,
      "power_idle_watt": 116,
      "power_peak_watt": 475,
      "memory_mb": 49152,
      "disk_mb": 10000000,
      "bandwidth_mbps": 1024
    }
  ]
}