{
  "workflows": [
    {
      "id": 0,
      "tasks": [
        {
          "id": 0,
          "workflow_id": 0,
          "length": 60174,
          "req_memory_mb": 93184,
          "req_cpu_cores": 34,
          "child_ids": [
            1,
            2,
            3,
            4,
            5,
            6,
            7,
            8,
            9,
            10,
            11,
            12,
            13,
            16,
            17,
            19,
            22,
            23,
            27
          ]
        },
        {
          "id": 1,
          "workflow_id": 0,
          "length": 64652,
          "req_memory_mb": 26624,
          "req_cpu_cores": 15,
          "child_ids": [
            20
          ]
        },
        {
          "id": 2,
          "workflow_id": 0,
          "length": 17823,
          "req_memory_mb": 67584,
          "req_cpu_cores": 29,
          "child_ids": []
        },
        {
          "id": 3,
          "workflow_id": 0,
          "length": 31887,
          "req_memory_mb": 87040,
          "req_cpu_cores": 32,
          "child_ids": []
        },
        {
          "id": 4,
          "workflow_id": 0,
          "length": 73343,
          "req_memory_mb": 36864,
          "req_cpu_cores": 2,
          "child_ids": []
        },
        {
          "id": 5,
          "workflow_id": 0,
          "length": 72586,
          "req_memory_mb": 36864,
          "req_cpu_cores": 24,
          "child_ids": []
        },
        {
          "id": 6,
          "workflow_id": 0,
          "length": 33367,
          "req_memory_mb": 18432,
          "req_cpu_cores": 32,
          "child_ids": []
        },
        {
          "id": 7,
          "workflow_id": 0,
          "length": 98999,
          "req_memory_mb": 82944,
          "req_cpu_cores": 19,
          "child_ids": [
            18
          ]
        },
        {
          "id": 8,
          "workflow_id": 0,
          "length": 35012,
          "req_memory_mb": 39936,
          "req_cpu_cores": 24,
          "child_ids": []
        },
        {
          "id": 9,
          "workflow_id": 0,
          "length": 54729,
          "req_memory_mb": 58368,
          "req_cpu_cores": 2,
          "child_ids": [
            25
          ]
        },
        {
          "id": 10,
          "workflow_id": 0,
          "length": 44424,
          "req_memory_mb": 34816,
          "req_cpu_cores": 29,
          "child_ids": [
            21
          ]
        },
        {
          "id": 11,
          "workflow_id": 0,
          "length": 46424,
          "req_memory_mb": 12288,
          "req_cpu_cores": 24,
          "child_ids": [
            28,
            15
          ]
        },
        {
          "id": 12,
          "workflow_id": 0,
          "length": 87253,
          "req_memory_mb": 13312,
          "req_cpu_cores": 29,
          "child_ids": [
            21
          ]
        },
        {
          "id": 13,
          "workflow_id": 0,
          "length": 44112,
          "req_memory_mb": 84992,
          "req_cpu_cores": 22,
          "child_ids": [
            14
          ]
        },
        {
          "id": 14,
          "workflow_id": 0,
          "length": 69284,
          "req_memory_mb": 17408,
          "req_cpu_cores": 32,
          "child_ids": []
        },
        {
          "id": 15,
          "workflow_id": 0,
          "length": 37562,
          "req_memory_mb": 54272,
          "req_cpu_cores": 5,
          "child_ids": []
        },
        {
          "id": 16,
          "workflow_id": 0,
          "length": 77548,
          "req_memory_mb": 14336,
          "req_cpu_cores": 2,
          "child_ids": []
        },
        {
          "id": 17,
          "workflow_id": 0,
          "length": 13749,
          "req_memory_mb": 28672,
          "req_cpu_cores": 5,
          "child_ids": []
        },
        {
          "id": 18,
          "workflow_id": 0,
          "length": 53044,
          "req_memory_mb": 21504,
          "req_cpu_cores": 10,
          "child_ids": []
        },
        {
          "id": 19,
          "workflow_id": 0,
          "length": 59889,
          "req_memory_mb": 68608,
          "req_cpu_cores": 24,
          "child_ids": [
            24
          ]
        },
        {
          "id": 20,
          "workflow_id": 0,
          "length": 37572,
          "req_memory_mb": 89088,
          "req_cpu_cores": 10,
          "child_ids": [
            28
          ]
        },
        {
          "id": 21,
          "workflow_id": 0,
          "length": 59213,
          "req_memory_mb": 7168,
          "req_cpu_cores": 19,
          "child_ids": [
            28
          ]
        },
        {
          "id": 22,
          "workflow_id": 0,
          "length": 57396,
          "req_memory_mb": 107520,
          "req_cpu_cores": 27,
          "child_ids": []
        },
        {
          "id": 23,
          "workflow_id": 0,
          "length": 36155,
          "req_memory_mb": 78848,
          "req_cpu_cores": 22,
          "child_ids": [
            26
          ]
        },
        {
          "id": 24,
          "workflow_id": 0,
          "length": 32081,
          "req_memory_mb": 58368,
          "req_cpu_cores": 17,
          "child_ids": []
        },
        {
          "id": 25,
          "workflow_id": 0,
          "length": 52012,
          "req_memory_mb": 100352,
          "req_cpu_cores": 15,
          "child_ids": []
        },
        {
          "id": 26,
          "workflow_id": 0,
          "length": 55229,
          "req_memory_mb": 11264,
          "req_cpu_cores": 7,
          "child_ids": []
        },
        {
          "id": 27,
          "workflow_id": 0,
          "length": 55996,
          "req_memory_mb": 69632,
          "req_cpu_cores": 32,
          "child_ids": []
        },
        {
          "id": 28,
          "workflow_id": 0,
          "length": 54763,
          "req_memory_mb": 55296,
          "req_cpu_cores": 7,
          "child_ids": []
        }
      ],
      "arrival_time": 0
    }
  ],
  "vms": [
    {
      "id": 0,
      "host_id": 3,
      "cpu_speed_mips": 1533,
      "memory_mb": 106496,
      "cpu_cores": 16,
      "disk_mb": 1024,
      "bandwidth_mbps": 50,
      "vmm": "Xen"
    },
    {
      "id": 1,
      "host_id": 2,
      "cpu_speed_mips": 4873,
      "memory_mb": 86016,
      "cpu_cores": 16,
      "disk_mb": 1024,
      "bandwidth_mbps": 50,
      "vmm": "Xen"
    },
    {
      "id": 2,
      "host_id": 1,
      "cpu_speed_mips": 3968,
      "memory_mb": 117760,
      "cpu_cores": 56,
      "disk_mb": 1024,
      "bandwidth_mbps": 50,
      "vmm": "Xen"
    },
    {
      "id": 3,
      "host_id": 0,
      "cpu_speed_mips": 1205,
      "memory_mb": 60416,
      "cpu_cores": 40,
      "disk_mb": 1024,
      "bandwidth_mbps": 50,
      "vmm": "Xen"
    },
    {
      "id": 4,
      "host_id": 3,
      "cpu_speed_mips": 3099,
      "memory_mb": 105472,
      "cpu_cores": 16,
      "disk_mb": 1024,
      "bandwidth_mbps": 50,
      "vmm": "Xen"
    },
    {
      "id": 5,
      "host_id": 2,
      "cpu_speed_mips": 2722,
      "memory_mb": 90112,
      "cpu_cores": 16,
      "disk_mb": 1024,
      "bandwidth_mbps": 50,
      "vmm": "Xen"
    },
    {
      "id": 6,
      "host_id": 1,
      "cpu_speed_mips": 3397,
      "memory_mb": 91136,
      "cpu_cores": 56,
      "disk_mb": 1024,
      "bandwidth_mbps": 50,
      "vmm": "Xen"
    },
    {
      "id": 7,
      "host_id": 0,
      "cpu_speed_mips": 1037,
      "memory_mb": 38912,
      "cpu_cores": 40,
      "disk_mb": 1024,
      "bandwidth_mbps": 50,
      "vmm": "Xen"
    },
    {
      "id": 8,
      "host_id": 3,
      "cpu_speed_mips": 2663,
      "memory_mb": 79872,
      "cpu_cores": 16,
      "disk_mb": 1024,
      "bandwidth_mbps": 50,
      "vmm": "Xen"
    },
    {
      "id": 9,
      "host_id": 2,
      "cpu_speed_mips": 2546,
      "memory_mb": 82944,
      "cpu_cores": 16,
      "disk_mb": 1024,
      "bandwidth_mbps": 50,
      "vmm": "Xen"
    },
    {
      "id": 10,
      "host_id": 1,
      "cpu_speed_mips": 2996,
      "memory_mb": 81920,
      "cpu_cores": 56,
      "disk_mb": 1024,
      "bandwidth_mbps": 50,
      "vmm": "Xen"
    },
    {
      "id": 11,
      "host_id": 0,
      "cpu_speed_mips": 599,
      "memory_mb": 84992,
      "cpu_cores": 40,
      "disk_mb": 1024,
      "bandwidth_mbps": 50,
      "vmm": "Xen"
    }
  ],
  "hosts": [
    {
      "id": 0,
      "cores": 40,
      "cpu_speed_mips": 512000,
      "power_idle_watt": 85,
      "power_peak_watt": 450,
      "memory_mb": 131072,
      "disk_mb": 12000000,
      "bandwidth_mbps": 2048
    },
    {
      "id": 1,
      "cores": 56,
      "cpu_speed_mips": 604800,
      "power_idle_watt": 50,
      "power_peak_watt": 432,
      "memory_mb": 167936,
      "disk_mb": 10000000,
      "bandwidth_mbps": 1536
    },
    {
      "id": 2,
      "cores": 16,
      "cpu_speed_mips": 187712,
      "power_idle_watt": 116,
      "power_peak_watt": 475,
      "memory_mb": 49152,
      "disk_mb": 10000000,
      "bandwidth_mbps": 1024
    },
    {
      "id": 3,
      "cores": 16,
      "cpu_speed_mips": 187712,
      "power_idle_watt": 116,
      "power_peak_watt": 475,
      "memory_mb": 49152,
      "disk_mb": 10000000,
      "bandwidth_mbps": 1024
    }
  ]
}