{
  "workflows": [
    {
      "id": 0,
      "tasks": [
        {
          "id": 0,
          "workflow_id": 0,
          "length": 52727,
          "req_memory_mb": 20480,
          "req_cpu_cores": 33,
          "child_ids": [
            1,
            2,
            4,
            5,
            6,
            8,
            9,
            10,
            11,
            12,
            13,
            14,
            15,
            18,
            19,
            20,
            23,
            24,
            26,
            27,
            28,
            29
          ]
        },
        {
          "id": 1,
          "workflow_id": 0,
          "length": 57839,
          "req_memory_mb": 13312,
          "req_cpu_cores": 19,
          "child_ids": [
            3
          ]
        },
        {
          "id": 2,
          "workflow_id": 0,
          "length": 43456,
          "req_memory_mb": 13312,
          "req_cpu_cores": 26,
          "child_ids": []
        },
        {
          "id": 3,
          "workflow_id": 0,
          "length": 53898,
          "req_memory_mb": 80896,
          "req_cpu_cores": 21,
          "child_ids": [
            7
          ]
        },
        {
          "id": 4,
          "workflow_id": 0,
          "length": 86086,
          "req_memory_mb": 6144,
          "req_cpu_cores": 2,
          "child_ids": []
        },
        {
          "id": 5,
          "workflow_id": 0,
          "length": 56192,
          "req_memory_mb": 2048,
          "req_cpu_cores": 19,
          "child_ids": []
        },
        {
          "id": 6,
          "workflow_id": 0,
          "length": 63739,
          "req_memory_mb": 25600,
          "req_cpu_cores": 19,
          "child_ids": []
        },
        {
          "id": 7,
          "workflow_id": 0,
          "length": 69409,
          "req_memory_mb": 22528,
          "req_cpu_cores": 9,
          "child_ids": [
            17
          ]
        },
        {
          "id": 8,
          "workflow_id": 0,
          "length": 38255,
          "req_memory_mb": 61440,
          "req_cpu_cores": 26,
          "child_ids": []
        },
        {
          "id": 9,
          "workflow_id": 0,
          "length": 39336,
          "req_memory_mb": 47104,
          "req_cpu_cores": 9,
          "child_ids": []
        },
        {
          "id": 10,
          "workflow_id": 0,
          "length": 46391,
          "req_memory_mb": 48128,
          "req_cpu_cores": 9,
          "child_ids": [
            16
          ]
        },
        {
          "id": 11,
          "workflow_id": 0,
          "length": 33925,
          "req_memory_mb": 78848,
          "req_cpu_cores": 9,
          "child_ids": []
        },
        {
          "id": 12,
          "workflow_id": 0,
          "length": 42263,
          "req_memory_mb": 34816,
          "req_cpu_cores": 31,
          "child_ids": [
            21
          ]
        },
        {
          "id": 13,
          "workflow_id": 0,
          "length": 31003,
          "req_memory_mb": 25600,
          "req_cpu_cores": 9,
          "child_ids": [
            22
          ]
        },
        {
          "id": 14,
          "workflow_id": 0,
          "length": 19601,
          "req_memory_mb": 22528,
          "req_cpu_cores": 19,
          "child_ids": []
        },
        {
          "id": 15,
          "workflow_id": 0,
          "length": 58638,
          "req_memory_mb": 63488,
          "req_cpu_cores": 9,
          "child_ids": []
        },
        {
          "id": 16,
          "workflow_id": 0,
          "length": 37274,
          "req_memory_mb": 72704,
          "req_cpu_cores": 14,
          "child_ids": []
        },
        {
          "id": 17,
          "workflow_id": 0,
          "length": 59119,
          "req_memory_mb": 8192,
          "req_cpu_cores": 14,
          "child_ids": []
        },
        {
          "id": 18,
          "workflow_id": 0,
          "length": 55188,
          "req_memory_mb": 76800,
          "req_cpu_cores": 12,
          "child_ids": []
        },
        {
          "id": 19,
          "workflow_id": 0,
          "length": 28134,
          "req_memory_mb": 13312,
          "req_cpu_cores": 7,
          "child_ids": []
        },
        {
          "id": 20,
          "workflow_id": 0,
          "length": 65501,
          "req_memory_mb": 43008,
          "req_cpu_cores": 28,
          "child_ids": []
        },
        {
          "id": 21,
          "workflow_id": 0,
          "length": 74157,
          "req_memory_mb": 27648,
          "req_cpu_cores": 24,
          "child_ids": []
        },
        {
          "id": 22,
          "workflow_id": 0,
          "length": 65008,
          "req_memory_mb": 58368,
          "req_cpu_cores": 31,
          "child_ids": []
        },
        {
          "id": 23,
          "workflow_id": 0,
          "length": 23301,
          "req_memory_mb": 50176,
          "req_cpu_cores": 17,
          "child_ids": []
        },
        {
          "id": 24,
          "workflow_id": 0,
          "length": 30221,
          "req_memory_mb": 73728,
          "req_cpu_cores": 19,
          "child_ids": [
            25
          ]
        },
        {
          "id": 25,
          "workflow_id": 0,
          "length": 36373,
          "req_memory_mb": 64512,
          "req_cpu_cores": 5,
          "child_ids": []
        },
        {
          "id": 26,
          "workflow_id": 0,
          "length": 75269,
          "req_memory_mb": 78848,
          "req_cpu_cores": 26,
          "child_ids": []
        },
        {
          "id": 27,
          "workflow_id": 0,
          "length": 33772,
          "req_memory_mb": 56320,
          "req_cpu_cores": 2,
          "child_ids": []
        },
        {
          "id": 28,
          "workflow_id": 0,
          "length": 38770,
          "req_memory_mb": 23552,
          "req_cpu_cores": 2,
          "child_ids": []
        },
        {
          "id": 29,
          "workflow_id": 0,
          "length": 46240,
          "req_memory_mb": 68608,
          "req_cpu_cores": 7,
          "child_ids": []
        }
      ],
      "arrival_time": 0
    }
  ],
  "vms": [
    {
      "id": 0,
      "host_id": 3,
      "cpu_speed_mips": 1533,
      "memory_mb": 106496,
      "cpu_cores": 16,
      "disk_mb": 1024,
      "bandwidth_mbps": 50,
      "vmm": "Xen"
    },
    {
      "id": 1,
      "host_id": 2,
      "cpu_speed_mips": 4873,
      "memory_mb": 86016,
      "cpu_cores": 16,
      "disk_mb": 1024,
      "bandwidth_mbps": 50,
      "vmm": "Xen"
    },
    {
      "id": 2,
      "host_id": 1,
      "cpu_speed_mips": 3968,
      "memory_mb": 117760,
      "cpu_cores": 56,
      "disk_mb": 1024,
      "bandwidth_mbps": 50,
      "vmm": "Xen"
    },
    {
      "id": 3,
      "host_id": 0,
      "cpu_speed_mips": 1205,
      "memory_mb": 60416,
      "cpu_cores": 40,
      "disk_mb": 1024,
      "bandwidth_mbps": 50,
      "vmm": "Xen"
    },
    {
      "id": 4,
      "host_id": 3,
      "cpu_speed_mips": 3099,
      "memory_mb": 105472,
      "cpu_cores": 16,
      "disk_mb": 1024,
      "bandwidth_mbps": 50,
      "vmm": "Xen"
    },
    {
      "id": 5,
      "host_id": 2,
      "cpu_speed_mips": 2722,
      "memory_mb": 90112,
      "cpu_cores": 16,
      "disk_mb": 1024,
      "bandwidth_mbps": 50,
      "vmm": "Xen"
    },
    {
      "id": 6,
      "host_id": 1,
      "cpu_speed_mips": 3397,
      "memory_mb": 91136,
      "cpu_cores": 56,
      "disk_mb": 1024,
      "bandwidth_mbps": 50,
      "vmm": "Xen"
    },
    {
      "id": 7,
      "host_id": 0,
      "cpu_speed_mips": 1037,
      "memory_mb": 38912,
      "cpu_cores": 40,
      "disk_mb": 1024,
      "bandwidth_mbps": 50,
      "vmm": "Xen"
    },
    {
      "id": 8,
      "host_id": 3,
      "cpu_speed_mips": 2663,
      "memory_mb": 79872,
      "cpu_cores": 16,
      "disk_mb": 1024,
      "bandwidth_mbps": 50,
      "vmm": "Xen"
    },
    {
      "id": 9,
      "host_id": 2,
      "cpu_speed_mips": 2546,
      "memory_mb": 82944,
      "cpu_cores": 16,
      "disk_mb": 1024,
      "bandwidth_mbps": 50,
      "vmm": "Xen"
    },
    {
      "id": 10,
      "host_id": 1,
      "cpu_speed_mips": 2996,
      "memory_mb": 81920,
      "cpu_cores": 56,
      "disk_mb": 1024,
      "bandwidth_mbps": 50,
      "vmm": "Xen"
    },
    {
      "id": 11,
      "host_id": 0,
      "cpu_speed_mips": 599,
      "memory_mb": 84992,
      "cpu_cores": 40,
      "disk_mb": 1024,
      "bandwidth_mbps": 50,
      "vmm": "Xen"
    }
  ],
  "hosts": [
    {
      "id": 0,
      "cores": 40,
      "cpu_speed_mips": 512000,
      "power_idle_watt": 85,
      "power_peak_watt": 450,
      "memory_mb": 131072,
      "disk_mb": 12000000,
      "bandwidth_mbps": 2048
    },
    {
      "id": 1,
      "cores": 56,
      "cpu_speed_mips": 604800,
      "power_idle_watt": 50,
      "power_peak_watt": 432,
      "memory_mb": 167936,
      "disk_mb": 10000000,
      "bandwidth_mbps": 1536
    },
    {
      "id": 2,
      "cores": 16,
      "cpu_speed_mips": 187712,
      "power_idle_watt": 116,
      "power_peak_watt": 475,
      "memory_mb": 49152,
      "disk_mb": 10000000,
      "bandwidth_mbps": 1024
    },
    {
      "id": 3,
      "cores": 16,
      "cpu_speed_mips": 187712,
      "power_idle_watt": 116,
      "power_peak_watt": 475,
      "memory_mb": 49152,
      "disk_mb": 10000000,
      "bandwidth_mbps": 1024
    }
  ]
}