{
  "workflows": [
    {
      "id": 0,
      "tasks": [
        {
          "id": 0,
          "workflow_id": 0,
          "length": 50451,
          "req_memory_mb": 53248,
          "req_cpu_cores": 26,
          "child_ids": [
            1,
            2,
            3,
            4,
            5,
            6,
            7,
            8,
            9,
            10,
            11,
            12,
            13,
            14,
            16,
            17,
            18,
            23
          ]
        },
        {
          "id": 1,
          "workflow_id": 0,
          "length": 66866,
          "req_memory_mb": 28672,
          "req_cpu_cores": 13,
          "child_ids": [
            19
          ]
        },
        {
          "id": 2,
          "workflow_id": 0,
          "length": 29711,
          "req_memory_mb": 52224,
          "req_cpu_cores": 13,
          "child_ids": [
            21
          ]
        },
        {
          "id": 3,
          "workflow_id": 0,
          "length": 63747,
          "req_memory_mb": 1024,
          "req_cpu_cores": 37,
          "child_ids": []
        },
        {
          "id": 4,
          "workflow_id": 0,
          "length": 47705,
          "req_memory_mb": 3072,
          "req_cpu_cores": 21,
          "child_ids": []
        },
        {
          "id": 5,
          "workflow_id": 0,
          "length": 46524,
          "req_memory_mb": 28672,
          "req_cpu_cores": 18,
          "child_ids": []
        },
        {
          "id": 6,
          "workflow_id": 0,
          "length": 42164,
          "req_memory_mb": 34816,
          "req_cpu_cores": 31,
          "child_ids": []
        },
        {
          "id": 7,
          "workflow_id": 0,
          "length": 60054,
          "req_memory_mb": 78848,
          "req_cpu_cores": 18,
          "child_ids": []
        },
        {
          "id": 8,
          "workflow_id": 0,
          "length": 54647,
          "req_memory_mb": 17408,
          "req_cpu_cores": 5,
          "child_ids": [
            15
          ]
        },
        {
          "id": 9,
          "workflow_id": 0,
          "length": 48619,
          "req_memory_mb": 93184,
          "req_cpu_cores": 8,
          "child_ids": [
            20
          ]
        },
        {
          "id": 10,
          "workflow_id": 0,
          "length": 32429,
          "req_memory_mb": 102400,
          "req_cpu_cores": 16,
          "child_ids": [
            25,
            15
          ]
        },
        {
          "id": 11,
          "workflow_id": 0,
          "length": 64427,
          "req_memory_mb": 73728,
          "req_cpu_cores": 3,
          "child_ids": [
            20
          ]
        },
        {
          "id": 12,
          "workflow_id": 0,
          "length": 69739,
          "req_memory_mb": 35840,
          "req_cpu_cores": 21,
          "child_ids": [
            24
          ]
        },
        {
          "id": 13,
          "workflow_id": 0,
          "length": 45029,
          "req_memory_mb": 8192,
          "req_cpu_cores": 13,
          "child_ids": [
            19
          ]
        },
        {
          "id": 14,
          "workflow_id": 0,
          "length": 55451,
          "req_memory_mb": 83968,
          "req_cpu_cores": 37,
          "child_ids": []
        },
        {
          "id": 15,
          "workflow_id": 0,
          "length": 33492,
          "req_memory_mb": 69632,
          "req_cpu_cores": 37,
          "child_ids": []
        },
        {
          "id": 16,
          "workflow_id": 0,
          "length": 56758,
          "req_memory_mb": 43008,
          "req_cpu_cores": 8,
          "child_ids": []
        },
        {
          "id": 17,
          "workflow_id": 0,
          "length": 56754,
          "req_memory_mb": 9216,
          "req_cpu_cores": 13,
          "child_ids": []
        },
        {
          "id": 18,
          "workflow_id": 0,
          "length": 22439,
          "req_memory_mb": 75776,
          "req_cpu_cores": 26,
          "child_ids": [
            22
          ]
        },
        {
          "id": 19,
          "workflow_id": 0,
          "length": 28018,
          "req_memory_mb": 47104,
          "req_cpu_cores": 13,
          "child_ids": []
        },
        {
          "id": 20,
          "workflow_id": 0,
          "length": 41497,
          "req_memory_mb": 72704,
          "req_cpu_cores": 21,
          "child_ids": []
        },
        {
          "id": 21,
          "workflow_id": 0,
          "length": 49223,
          "req_memory_mb": 102400,
          "req_cpu_cores": 31,
          "child_ids": []
        },
        {
          "id": 22,
          "workflow_id": 0,
          "length": 58515,
          "req_memory_mb": 36864,
          "req_cpu_cores": 13,
          "child_ids": []
        },
        {
          "id": 23,
          "workflow_id": 0,
          "length": 67970,
          "req_memory_mb": 39936,
          "req_cpu_cores": 29,
          "child_ids": [
            25
          ]
        },
        {
          "id": 24,
          "workflow_id": 0,
          "length": 57102,
          "req_memory_mb": 33792,
          "req_cpu_cores": 5,
          "child_ids": []
        },
        {
          "id": 25,
          "workflow_id": 0,
          "length": 61638,
          "req_memory_mb": 110592,
          "req_cpu_cores": 13,
          "child_ids": [
            26
          ]
        },
        {
          "id": 26,
          "workflow_id": 0,
          "length": 39223,
          "req_memory_mb": 29696,
          "req_cpu_cores": 23,
          "child_ids": []
        }
      ],
      "arrival_time": 0
    }
  ],
  "vms": [
    {
      "id": 0,
      "host_id": 3,
      "cpu_speed_mips": 1533,
      "memory_mb": 106496,
      "cpu_cores": 16,
      "disk_mb": 1024,
      "bandwidth_mbps": 50,
      "vmm": "Xen"
    },
    {
      "id": 1,
      "host_id": 2,
      "cpu_speed_mips": 4873,
      "memory_mb": 86016,
      "cpu_cores": 16,
      "disk_mb": 1024,
      "bandwidth_mbps": 50,
      "vmm": "Xen"
    },
    {
      "id": 2,
      "host_id": 1,
      "cpu_speed_mips": 3968,
      "memory_mb": 117760,
      "cpu_cores": 56,
      "disk_mb": 1024,
      "bandwidth_mbps": 50,
      "vmm": "Xen"
    },
    {
      "id": 3,
      "host_id": 0,
      "cpu_speed_mips": 1205,
      "memory_mb": 60416,
      "cpu_cores": 40,
      "disk_mb": 1024,
      "bandwidth_mbps": 50,
      "vmm": "Xen"
    },
    {
      "id": 4,
      "host_id": 3,
      "cpu_speed_mips": 3099,
      "memory_mb": 105472,
      "cpu_cores": 16,
      "disk_mb": 1024,
      "bandwidth_mbps": 50,
      "vmm": "Xen"
    },
    {
      "id": 5,
      "host_id": 2,
      "cpu_speed_mips": 2722,
      "memory_mb": 90112,
      "cpu_cores": 16,
      "disk_mb": 1024,
      "bandwidth_mbps": 50,
      "vmm": "Xen"
    },
    {
      "id": 6,
      "host_id": 1,
      "cpu_speed_mips": 3397,
      "memory_mb": 91136,
      "cpu_cores": 56,
      "disk_mb": 1024,
      "bandwidth_mbps": 50,
      "vmm": "Xen"
    },
    {
      "id": 7,
      "host_id": 0,
      "cpu_speed_mips": 1037,
      "memory_mb": 38912,
      "cpu_cores": 40,
      "disk_mb": 1024,
      "bandwidth_mbps": 50,
      "vmm": "Xen"
    },
    {
      "id": 8,
      "host_id": 3,
      "cpu_speed_mips": 2663,
      "memory_mb": 79872,
      "cpu_cores": 16,
      "disk_mb": 1024,
      "bandwidth_mbps": 50,
      "vmm": "Xen"
    },
    {
      "id": 9,
      "host_id": 2,
      "cpu_speed_mips": 2546,
      "memory_mb": 82944,
      "cpu_cores": 16,
      "disk_mb": 1024,
      "bandwidth_mbps": 50,
      "vmm": "Xen"
    },
    {
      "id": 10,
      "host_id": 1,
      "cpu_speed_mips": 2996,
      "memory_mb": 81920,
      "cpu_cores": 56,
      "disk_mb": 1024,
      "bandwidth_mbps": 50,
      "vmm": "Xen"
    },
    {
      "id": 11,
      "host_id": 0,
      "cpu_speed_mips": 599,
      "memory_mb": 84992,
      "cpu_cores": 40,
      "disk_mb": 1024,
      "bandwidth_mbps": 50,
      "vmm": "Xen"
    }
  ],
  "hosts": [
    {
      "id": 0,
      "cores": 40,
      "cpu_speed_mips": 512000,
      "power_idle_watt": 85,
      "power_peak_watt": 450,
      "memory_mb": 131072,
      "disk_mb": 12000000,
      "bandwidth_mbps": 2048
    },
    {
      "id": 1,
      "cores": 56,
      "cpu_speed_mips": 604800,
      "power_idle_watt": 50,
      "power_peak_watt": 432,
      "memory_mb": 167936,
      "disk_mb": 10000000,
      "bandwidth_mbps": 1536
    },
    {
      "id": 2,
      "cores": 16,
      "cpu_speed_mips": 187712,
      "power_idle_watt": 116,
      "power_peak_watt": 475,
      "memory_mb": 49152,
      "disk_mb": 10000000,
      "bandwidth_mbps": 1024
    },
    {
      "id": 3,
      "cores": 16,
      "cpu_speed_mips": 187712,
      "power_idle_watt": 116,
      "power_peak_watt": 475,
      "memory_mb": 49152,
      "disk_mb": 10000000,
      "bandwidth_mbps": 1024
    }
  ]
}