{
  "workflows": [
    {
      "id": 0,
      "tasks": [
        {
          "id": 0,
          "workflow_id": 0,
          "length": 38977,
          "req_memory_mb": 58368,
          "req_cpu_cores": 35,
          "child_ids": [
            1,
            2,
            3,
            4,
            5,
            6,
            7,
            8,
            10,
            11,
            12,
            13,
            16,
            17,
            19,
            21,
            22,
            23,
            24
          ]
        },
        {
          "id": 1,
          "workflow_id": 0,
          "length": 30871,
          "req_memory_mb": 64512,
          "req_cpu_cores": 17,
          "child_ids": [
            9
          ]
        },
        {
          "id": 2,
          "workflow_id": 0,
          "length": 38699,
          "req_memory_mb": 36864,
          "req_cpu_cores": 22,
          "child_ids": []
        },
        {
          "id": 3,
          "workflow_id": 0,
          "length": 44392,
          "req_memory_mb": 33792,
          "req_cpu_cores": 27,
          "child_ids": []
        },
        {
          "id": 4,
          "workflow_id": 0,
          "length": 67769,
          "req_memory_mb": 55296,
          "req_cpu_cores": 2,
          "child_ids": []
        },
        {
          "id": 5,
          "workflow_id": 0,
          "length": 53988,
          "req_memory_mb": 4096,
          "req_cpu_cores": 2,
          "child_ids": []
        },
        {
          "id": 6,
          "workflow_id": 0,
          "length": 46133,
          "req_memory_mb": 76800,
          "req_cpu_cores": 5,
          "child_ids": []
        },
        {
          "id": 7,
          "workflow_id": 0,
          "length": 71604,
          "req_memory_mb": 25600,
          "req_cpu_cores": 15,
          "child_ids": []
        },
        {
          "id": 8,
          "workflow_id": 0,
          "length": 71344,
          "req_memory_mb": 57344,
          "req_cpu_cores": 22,
          "child_ids": [
            18
          ]
        },
        {
          "id": 9,
          "workflow_id": 0,
          "length": 44844,
          "req_memory_mb": 44032,
          "req_cpu_cores": 35,
          "child_ids": [
            26
          ]
        },
        {
          "id": 10,
          "workflow_id": 0,
          "length": 82071,
          "req_memory_mb": 33792,
          "req_cpu_cores": 32,
          "child_ids": []
        },
        {
          "id": 11,
          "workflow_id": 0,
          "length": 34122,
          "req_memory_mb": 17408,
          "req_cpu_cores": 2,
          "child_ids": [
            14,
            15
          ]
        },
        {
          "id": 12,
          "workflow_id": 0,
          "length": 47836,
          "req_memory_mb": 3072,
          "req_cpu_cores": 5,
          "child_ids": []
        },
        {
          "id": 13,
          "workflow_id": 0,
          "length": 53757,
          "req_memory_mb": 91136,
          "req_cpu_cores": 12,
          "child_ids": []
        },
        {
          "id": 14,
          "workflow_id": 0,
          "length": 66351,
          "req_memory_mb": 73728,
          "req_cpu_cores": 27,
          "child_ids": [
            15
          ]
        },
        {
          "id": 15,
          "workflow_id": 0,
          "length": 32331,
          "req_memory_mb": 32768,
          "req_cpu_cores": 32,
          "child_ids": []
        },
        {
          "id": 16,
          "workflow_id": 0,
          "length": 35223,
          "req_memory_mb": 71680,
          "req_cpu_cores": 10,
          "child_ids": [
            20
          ]
        },
        {
          "id": 17,
          "workflow_id": 0,
          "length": 66182,
          "req_memory_mb": 100352,
          "req_cpu_cores": 35,
          "child_ids": [
            25
          ]
        },
        {
          "id": 18,
          "workflow_id": 0,
          "length": 31621,
          "req_memory_mb": 80896,
          "req_cpu_cores": 30,
          "child_ids": []
        },
        {
          "id": 19,
          "workflow_id": 0,
          "length": 51212,
          "req_memory_mb": 51200,
          "req_cpu_cores": 35,
          "child_ids": []
        },
        {
          "id": 20,
          "workflow_id": 0,
          "length": 42482,
          "req_memory_mb": 40960,
          "req_cpu_cores": 32,
          "child_ids": []
        },
        {
          "id": 21,
          "workflow_id": 0,
          "length": 66880,
          "req_memory_mb": 34816,
          "req_cpu_cores": 7,
          "child_ids": []
        },
        {
          "id": 22,
          "workflow_id": 0,
          "length": 80444,
          "req_memory_mb": 11264,
          "req_cpu_cores": 27,
          "child_ids": []
        },
        {
          "id": 23,
          "workflow_id": 0,
          "length": 70215,
          "req_memory_mb": 102400,
          "req_cpu_cores": 7,
          "child_ids": []
        },
        {
          "id": 24,
          "workflow_id": 0,
          "length": 62313,
          "req_memory_mb": 53248,
          "req_cpu_cores": 5,
          "child_ids": []
        },
        {
          "id": 25,
          "workflow_id": 0,
          "length": 29223,
          "req_memory_mb": 37888,
          "req_cpu_cores": 10,
          "child_ids": []
        },
        {
          "id": 26,
          "workflow_id": 0,
          "length": 60831,
          "req_memory_mb": 55296,
          "req_cpu_cores": 7,
          "child_ids": []
        }
      ],
      "arrival_time": 0
    }
  ],
  "vms": [
    {
      "id": 0,
      "host_id": 3,
      "cpu_speed_mips": 1533,
      "memory_mb": 106496,
      "cpu_cores": 16,
      "disk_mb": 1024,
      "bandwidth_mbps": 50,
      "vmm": "Xen"
    },
    {
      "id": 1,
      "host_id": 2,
      "cpu_speed_mips": 4873,
      "memory_mb": 86016,
      "cpu_cores": 16,
      "disk_mb": 1024,
      "bandwidth_mbps": 50,
      "vmm": "Xen"
    },
    {
      "id": 2,
      "host_id": 1,
      "cpu_speed_mips": 3968,
      "memory_mb": 117760,
      "cpu_cores": 56,
      "disk_mb": 1024,
      "bandwidth_mbps": 50,
      "vmm": "Xen"
    },
    {
      "id": 3,
      "host_id": 0,
      "cpu_speed_mips": 1205,
      "memory_mb": 60416,
      "cpu_cores": 40,
      "disk_mb": 1024,
      "bandwidth_mbps": 50,
      "vmm": "Xen"
    },
    {
      "id": 4,
      "host_id": 3,
      "cpu_speed_mips": 3099,
      "memory_mb": 105472,
      "cpu_cores": 16,
      "disk_mb": 1024,
      "bandwidth_mbps": 50,
      "vmm": "Xen"
    },
    {
      "id": 5,
      "host_id": 2,
      "cpu_speed_mips": 2722,
      "memory_mb": 90112,
      "cpu_cores": 16,
      "disk_mb": 1024,
      "bandwidth_mbps": 50,
      "vmm": "Xen"
    },
    {
      "id": 6,
      "host_id": 1,
      "cpu_speed_mips": 3397,
      "memory_mb": 91136,
      "cpu_cores": 56,
      "disk_mb": 1024,
      "bandwidth_mbps": 50,
      "vmm": "Xen"
    },
    {
      "id": 7,
      "host_id": 0,
      "cpu_speed_mips": 1037,
      "memory_mb": 38912,
      "cpu_cores": 40,
      "disk_mb": 1024,
      "bandwidth_mbps": 50,
      "vmm": "Xen"
    },
    {
      "id": 8,
      "host_id": 3,
      "cpu_speed_mips": 2663,
      "memory_mb": 79872,
      "cpu_cores": 16,
      "disk_mb": 1024,
      "bandwidth_mbps": 50,
      "vmm": "Xen"
    },
    {
      "id": 9,
      "host_id": 2,
      "cpu_speed_mips": 2546,
      "memory_mb": 82944,
      "cpu_cores": 16,
      "disk_mb": 1024,
      "bandwidth_mbps": 50,
      "vmm": "Xen"
    },
    {
      "id": 10,
      "host_id": 1,
      "cpu_speed_mips": 2996,
      "memory_mb": 81920,
      "cpu_cores": 56,
      "disk_mb": 1024,
      "bandwidth_mbps": 50,
      "vmm": "Xen"
    },
    {
      "id": 11,
      "host_id": 0,
      "cpu_speed_mips": 599,
      "memory_mb": 84992,
      "cpu_cores": 40,
      "disk_mb": 1024,
      "bandwidth_mbps": 50,
      "vmm": "Xen"
    }
  ],
  "hosts": [
    {
      "id": 0,
      "cores": 40,
      "cpu_speed_mips": 512000,
      "power_idle_watt": 85,
      "power_peak_watt": 450,
      "memory_mb": 131072,
      "disk_mb": 12000000,
      "bandwidth_mbps": 2048
    },
    {
      "id": 1,
      "cores": 56,
      "cpu_speed_mips": 604800,
      "power_idle_watt": 50,
      "power_peak_watt": 432,
      "memory_mb": 167936,
      "disk_mb": 10000000,
      "bandwidth_mbps": 1536
    },
    {
      "id": 2,
      "cores": 16,
      "cpu_speed_mips": 187712,
      "power_idle_watt": 116,
      "power_peak_watt": 475,
      "memory_mb": 49152,
      "disk_mb": 10000000,
      "bandwidth_mbps": 1024
    },
    {
      "id": 3,
      "cores": 16,
      "cpu_speed_mips": 187712,
      "power_idle_watt": 116,
      "power_peak_watt": 475,
      "memory_mb": 49152,
      "disk_mb": 10000000,
      "bandwidth_mbps": 1024
    }
  ]
}