{
  "workflows": [
    {
      "id": 0,
      "tasks": [
        {
          "id": 0,
          "workflow_id": 0,
          "length": 59020,
          "req_memory_mb": 55296,
          "req_cpu_cores": 2,
          "child_ids": [
            1,
            2,
            3,
            4,
            5,
            6,
            7,
            8,
            9,
            10,
            12,
            13,
            14,
            15,
            16,
            17,
            18,
            20,
            23
          ]
        },
        {
          "id": 1,
          "workflow_id": 0,
          "length": 28000,
          "req_memory_mb": 99328,
          "req_cpu_cores": 23,
          "child_ids": []
        },
        {
          "id": 2,
          "workflow_id": 0,
          "length": 53884,
          "req_memory_mb": 47104,
          "req_cpu_cores": 19,
          "child_ids": []
        },
        {
          "id": 3,
          "workflow_id": 0,
          "length": 52511,
          "req_memory_mb": 84992,
          "req_cpu_cores": 19,
          "child_ids": [
            11
          ]
        },
        {
          "id": 4,
          "workflow_id": 0,
          "length": 60288,
          "req_memory_mb": 25600,
          "req_cpu_cores": 19,
          "child_ids": [
            22
          ]
        },
        {
          "id": 5,
          "workflow_id": 0,
          "length": 64462,
          "req_memory_mb": 16384,
          "req_cpu_cores": 30,
          "child_ids": []
        },
        {
          "id": 6,
          "workflow_id": 0,
          "length": 65007,
          "req_memory_mb": 79872,
          "req_cpu_cores": 21,
          "child_ids": []
        },
        {
          "id": 7,
          "workflow_id": 0,
          "length": 41204,
          "req_memory_mb": 12288,
          "req_cpu_cores": 30,
          "child_ids": [
            19
          ]
        },
        {
          "id": 8,
          "workflow_id": 0,
          "length": 29314,
          "req_memory_mb": 26624,
          "req_cpu_cores": 16,
          "child_ids": []
        },
        {
          "id": 9,
          "workflow_id": 0,
          "length": 40231,
          "req_memory_mb": 60416,
          "req_cpu_cores": 21,
          "child_ids": []
        },
        {
          "id": 10,
          "workflow_id": 0,
          "length": 58627,
          "req_memory_mb": 4096,
          "req_cpu_cores": 23,
          "child_ids": []
        },
        {
          "id": 11,
          "workflow_id": 0,
          "length": 45991,
          "req_memory_mb": 88064,
          "req_cpu_cores": 5,
          "child_ids": []
        },
        {
          "id": 12,
          "workflow_id": 0,
          "length": 27931,
          "req_memory_mb": 19456,
          "req_cpu_cores": 28,
          "child_ids": []
        },
        {
          "id": 13,
          "workflow_id": 0,
          "length": 60737,
          "req_memory_mb": 34816,
          "req_cpu_cores": 23,
          "child_ids": []
        },
        {
          "id": 14,
          "workflow_id": 0,
          "length": 42439,
          "req_memory_mb": 32768,
          "req_cpu_cores": 7,
          "child_ids": [
            22
          ]
        },
        {
          "id": 15,
          "workflow_id": 0,
          "length": 53705,
          "req_memory_mb": 18432,
          "req_cpu_cores": 5,
          "child_ids": []
        },
        {
          "id": 16,
          "workflow_id": 0,
          "length": 86081,
          "req_memory_mb": 33792,
          "req_cpu_cores": 33,
          "child_ids": []
        },
        {
          "id": 17,
          "workflow_id": 0,
          "length": 43480,
          "req_memory_mb": 33792,
          "req_cpu_cores": 28,
          "child_ids": []
        },
        {
          "id": 18,
          "workflow_id": 0,
          "length": 59345,
          "req_memory_mb": 50176,
          "req_cpu_cores": 5,
          "child_ids": []
        },
        {
          "id": 19,
          "workflow_id": 0,
          "length": 73369,
          "req_memory_mb": 39936,
          "req_cpu_cores": 12,
          "child_ids": []
        },
        {
          "id": 20,
          "workflow_id": 0,
          "length": 50408,
          "req_memory_mb": 41984,
          "req_cpu_cores": 28,
          "child_ids": [
            21
          ]
        },
        {
          "id": 21,
          "workflow_id": 0,
          "length": 73250,
          "req_memory_mb": 79872,
          "req_cpu_cores": 14,
          "child_ids": []
        },
        {
          "id": 22,
          "workflow_id": 0,
          "length": 33503,
          "req_memory_mb": 72704,
          "req_cpu_cores": 7,
          "child_ids": []
        },
        {
          "id": 23,
          "workflow_id": 0,
          "length": 50250,
          "req_memory_mb": 57344,
          "req_cpu_cores": 2,
          "child_ids": []
        }
      ],
      "arrival_time": 0
    }
  ],
  "vms": [
    {
      "id": 0,
      "host_id": 3,
      "cpu_speed_mips": 1533,
      "memory_mb": 106496,
      "cpu_cores": 16,
      "disk_mb": 1024,
      "bandwidth_mbps": 50,
      "vmm": "Xen"
    },
    {
      "id": 1,
      "host_id": 2,
      "cpu_speed_mips": 4873,
      "memory_mb": 86016,
      "cpu_cores": 16,
      "disk_mb": 1024,
      "bandwidth_mbps": 50,
      "vmm": "Xen"
    },
    {
      "id": 2,
      "host_id": 1,
      "cpu_speed_mips": 3968,
      "memory_mb": 117760,
      "cpu_cores": 56,
      "disk_mb": 1024,
      "bandwidth_mbps": 50,
      "vmm": "Xen"
    },
    {
      "id": 3,
      "host_id": 0,
      "cpu_speed_mips": 1205,
      "memory_mb": 60416,
      "cpu_cores": 40,
      "disk_mb": 1024,
      "bandwidth_mbps": 50,
      "vmm": "Xen"
    },
    {
      "id": 4,
      "host_id": 3,
      "cpu_speed_mips": 3099,
      "memory_mb": 105472,
      "cpu_cores": 16,
      "disk_mb": 1024,
      "bandwidth_mbps": 50,
      "vmm": "Xen"
    },
    {
      "id": 5,
      "host_id": 2,
      "cpu_speed_mips": 2722,
      "memory_mb": 90112,
      "cpu_cores": 16,
      "disk_mb": 1024,
      "bandwidth_mbps": 50,
      "vmm": "Xen"
    },
    {
      "id": 6,
      "host_id": 1,
      "cpu_speed_mips": 3397,
      "memory_mb": 91136,
      "cpu_cores": 56,
      "disk_mb": 1024,
      "bandwidth_mbps": 50,
      "vmm": "Xen"
    },
    {
      "id": 7,
      "host_id": 0,
      "cpu_speed_mips": 1037,
      "memory_mb": 38912,
      "cpu_cores": 40,
      "disk_mb": 1024,
      "bandwidth_mbps": 50,
      "vmm": "Xen"
    },
    {
      "id": 8,
      "host_id": 3,
      "cpu_speed_mips": 2663,
      "memory_mb": 79872,
      "cpu_cores": 16,
      "disk_mb": 1024,
      "bandwidth_mbps": 50,
      "vmm": "Xen"
    },
    {
      "id": 9,
      "host_id": 2,
      "cpu_speed_mips": 2546,
      "memory_mb": 82944,
      "cpu_cores": 16,
      "disk_mb": 1024,
      "bandwidth_mbps": 50,
      "vmm": "Xen"
    },
    {
      "id": 10,
      "host_id": 1,
      "cpu_speed_mips": 2996,
      "memory_mb": 81920,
      "cpu_cores": 56,
      "disk_mb": 1024,
      "bandwidth_mbps": 50,
      "vmm": "Xen"
    },
    {
      "id": 11,
      "host_id": 0,
      "cpu_speed_mips": 599,
      "memory_mb": 84992,
      "cpu_cores": 40,
      "disk_mb": 1024,
      "bandwidth_mbps": 50,
      "vmm": "Xen"
    }
  ],
  "hosts": [
    {
      "id": 0,
      "cores": 40,
      "cpu_speed_mips": 512000,
      "power_idle_watt": 85,
      "power_peak_watt": 450,
      "memory_mb": 131072,
      "disk_mb": 12000000,
      "bandwidth_mbps": 2048
    },
    {
      "id": 1,
      "cores": 56,
      "cpu_speed_mips": 604800,
      "power_idle_watt": 50,
      "power_peak_watt": 432,
      "memory_mb": 167936,
      "disk_mb": 10000000,
      "bandwidth_mbps": 1536
    },
    {
      "id": 2,
      "cores": 16,
      "cpu_speed_mips": 187712,
      "power_idle_watt": 116,
      "power_peak_watt": 475,
      "memory_mb": 49152,
      "disk_mb": 10000000,
      "bandwidth_mbps": 1024
    },
    {
      "id": 3,
      "cores": 16,
      "cpu_speed_mips": 187712,
      "power_idle_watt": 116,
      "power_peak_watt": 475,
      "memory_mb": 49152,
      "disk_mb": 10000000,
      "bandwidth_mbps": 1024
    }
  ]
}