{
  "workflows": [
    {
      "id": 0,
      "tasks": [
        {
          "id": 0,
          "workflow_id": 0,
          "length": 22615,
          "req_memory_mb": 38912,
          "req_cpu_cores": 28,
          "child_ids": [
            1,
            2,
            3,
            5,
            7,
            8,
            9,
            10,
            11,
            12,
            13,
            14,
            15,
            16,
            17,
            18,
            21,
            23
          ]
        },
        {
          "id": 1,
          "workflow_id": 0,
          "length": 28640,
          "req_memory_mb": 21504,
          "req_cpu_cores": 22,
          "child_ids": [
            19,
            22
          ]
        },
        {
          "id": 2,
          "workflow_id": 0,
          "length": 45434,
          "req_memory_mb": 93184,
          "req_cpu_cores": 36,
          "child_ids": []
        },
        {
          "id": 3,
          "workflow_id": 0,
          "length": 39742,
          "req_memory_mb": 26624,
          "req_cpu_cores": 14,
          "child_ids": [
            19,
            4,
            22
          ]
        },
        {
          "id": 4,
          "workflow_id": 0,
          "length": 60902,
          "req_memory_mb": 56320,
          "req_cpu_cores": 3,
          "child_ids": [
            24,
            6
          ]
        },
        {
          "id": 5,
          "workflow_id": 0,
          "length": 28914,
          "req_memory_mb": 103424,
          "req_cpu_cores": 22,
          "child_ids": []
        },
        {
          "id": 6,
          "workflow_id": 0,
          "length": 39035,
          "req_memory_mb": 13312,
          "req_cpu_cores": 39,
          "child_ids": []
        },
        {
          "id": 7,
          "workflow_id": 0,
          "length": 42701,
          "req_memory_mb": 7168,
          "req_cpu_cores": 14,
          "child_ids": []
        },
        {
          "id": 8,
          "workflow_id": 0,
          "length": 22044,
          "req_memory_mb": 50176,
          "req_cpu_cores": 22,
          "child_ids": []
        },
        {
          "id": 9,
          "workflow_id": 0,
          "length": 61220,
          "req_memory_mb": 99328,
          "req_cpu_cores": 11,
          "child_ids": []
        },
        {
          "id": 10,
          "workflow_id": 0,
          "length": 40236,
          "req_memory_mb": 96256,
          "req_cpu_cores": 3,
          "child_ids": [
            20
          ]
        },
        {
          "id": 11,
          "workflow_id": 0,
          "length": 52359,
          "req_memory_mb": 58368,
          "req_cpu_cores": 14,
          "child_ids": []
        },
        {
          "id": 12,
          "workflow_id": 0,
          "length": 18861,
          "req_memory_mb": 7168,
          "req_cpu_cores": 33,
          "child_ids": []
        },
        {
          "id": 13,
          "workflow_id": 0,
          "length": 39314,
          "req_memory_mb": 10240,
          "req_cpu_cores": 11,
          "child_ids": []
        },
        {
          "id": 14,
          "workflow_id": 0,
          "length": 67807,
          "req_memory_mb": 5120,
          "req_cpu_cores": 19,
          "child_ids": []
        },
        {
          "id": 15,
          "workflow_id": 0,
          "length": 44947,
          "req_memory_mb": 31744,
          "req_cpu_cores": 3,
          "child_ids": []
        },
        {
          "id": 16,
          "workflow_id": 0,
          "length": 3810,
          "req_memory_mb": 12288,
          "req_cpu_cores": 19,
          "child_ids": []
        },
        {
          "id": 17,
          "workflow_id": 0,
          "length": 32190,
          "req_memory_mb": 44032,
          "req_cpu_cores": 28,
          "child_ids": []
        },
        {
          "id": 18,
          "workflow_id": 0,
          "length": 80654,
          "req_memory_mb": 63488,
          "req_cpu_cores": 28,
          "child_ids": []
        },
        {
          "id": 19,
          "workflow_id": 0,
          "length": 69304,
          "req_memory_mb": 3072,
          "req_cpu_cores": 28,
          "child_ids": []
        },
        {
          "id": 20,
          "workflow_id": 0,
          "length": 55148,
          "req_memory_mb": 83968,
          "req_cpu_cores": 22,
          "child_ids": []
        },
        {
          "id": 21,
          "workflow_id": 0,
          "length": 50018,
          "req_memory_mb": 93184,
          "req_cpu_cores": 3,
          "child_ids": []
        },
        {
          "id": 22,
          "workflow_id": 0,
          "length": 50049,
          "req_memory_mb": 83968,
          "req_cpu_cores": 22,
          "child_ids": []
        },
        {
          "id": 23,
          "workflow_id": 0,
          "length": 2982,
          "req_memory_mb": 71680,
          "req_cpu_cores": 8,
          "child_ids": []
        },
        {
          "id": 24,
          "workflow_id": 0,
          "length": 31139,
          "req_memory_mb": 52224,
          "req_cpu_cores": 8,
          "child_ids": []
        }
      ],
      "arrival_time": 0
    }
  ],
  "vms": [
    {
      "id": 0,
      "host_id": 3,
      "cpu_speed_mips": 1533,
      "memory_mb": 106496,
      "cpu_cores": 16,
      "disk_mb": 1024,
      "bandwidth_mbps": 50,
      "vmm": "Xen"
    },
    {
      "id": 1,
      "host_id": 2,
      "cpu_speed_mips": 4873,
      "memory_mb": 86016,
      "cpu_cores": 16,
      "disk_mb": 1024,
      "bandwidth_mbps": 50,
      "vmm": "Xen"
    },
    {
      "id": 2,
      "host_id": 1,
      "cpu_speed_mips": 3968,
      "memory_mb": 117760,
      "cpu_cores": 56,
      "disk_mb": 1024,
      "bandwidth_mbps": 50,
      "vmm": "Xen"
    },
    {
      "id": 3,
      "host_id": 0,
      "cpu_speed_mips": 1205,
      "memory_mb": 60416,
      "cpu_cores": 40,
      "disk_mb": 1024,
      "bandwidth_mbps": 50,
      "vmm": "Xen"
    },
    {
      "id": 4,
      "host_id": 3,
      "cpu_speed_mips": 3099,
      "memory_mb": 105472,
      "cpu_cores": 16,
      "disk_mb": 1024,
      "bandwidth_mbps": 50,
      "vmm": "Xen"
    },
    {
      "id": 5,
      "host_id": 2,
      "cpu_speed_mips": 2722,
      "memory_mb": 90112,
      "cpu_cores": 16,
      "disk_mb": 1024,
      "bandwidth_mbps": 50,
      "vmm": "Xen"
    },
    {
      "id": 6,
      "host_id": 1,
      "cpu_speed_mips": 3397,
      "memory_mb": 91136,
      "cpu_cores": 56,
      "disk_mb": 1024,
      "bandwidth_mbps": 50,
      "vmm": "Xen"
    },
    {
      "id": 7,
      "host_id": 0,
      "cpu_speed_mips": 1037,
      "memory_mb": 38912,
      "cpu_cores": 40,
      "disk_mb": 1024,
      "bandwidth_mbps": 50,
      "vmm": "Xen"
    },
    {
      "id": 8,
      "host_id": 3,
      "cpu_speed_mips": 2663,
      "memory_mb": 79872,
      "cpu_cores": 16,
      "disk_mb": 1024,
      "bandwidth_mbps": 50,
      "vmm": "Xen"
    },
    {
      "id": 9,
      "host_id": 2,
      "cpu_speed_mips": 2546,
      "memory_mb": 82944,
      "cpu_cores": 16,
      "disk_mb": 1024,
      "bandwidth_mbps": 50,
      "vmm": "Xen"
    },
    {
      "id": 10,
      "host_id": 1,
      "cpu_speed_mips": 2996,
      "memory_mb": 81920,
      "cpu_cores": 56,
      "disk_mb": 1024,
      "bandwidth_mbps": 50,
      "vmm": "Xen"
    },
    {
      "id": 11,
      "host_id": 0,
      "cpu_speed_mips": 599,
      "memory_mb": 84992,
      "cpu_cores": 40,
      "disk_mb": 1024,
      "bandwidth_mbps": 50,
      "vmm": "Xen"
    }
  ],
  "hosts": [
    {
      "id": 0,
      "cores": 40,
      "cpu_speed_mips": 512000,
      "power_idle_watt": 85,
      "power_peak_watt": 450,
      "memory_mb": 131072,
      "disk_mb": 12000000,
      "bandwidth_mbps": 2048
    },
    {
      "id": 1,
      "cores": 56,
      "cpu_speed_mips": 604800,
      "power_idle_watt": 50,
      "power_peak_watt": 432,
      "memory_mb": 167936,
      "disk_mb": 10000000,
      "bandwidth_mbps": 1536
    },
    {
      "id": 2,
      "cores": 16,
      "cpu_speed_mips": 187712,
      "power_idle_watt": 116,
      "power_peak_watt": 475,
      "memory_mb": 49152,
      "disk_mb": 10000000,
      "bandwidth_mbps": 1024
    },
    {
      "id": 3,
      "cores": 16,
      "cpu_speed_mips": 187712,
      "power_idle_watt": 116,
      "power_peak_watt": 475,
      "memory_mb": 49152,
      "disk_mb": 10000000,
      "bandwidth_mbps": 1024
    }
  ]
}