{
  "workflows": [
    {
      "id": 0,
      "tasks": [
        {
          "id": 0,
          "workflow_id": 0,
          "length": 44482,
          "req_memory_mb": 48128,
          "req_cpu_cores": 24,
          "child_ids": [
            1,
            3,
            4,
            6,
            7,
            8,
            9,
            10,
            12,
            14,
            15,
            17,
            21,
            23,
            24
          ]
        },
        {
          "id": 1,
          "workflow_id": 0,
          "length": 79204,
          "req_memory_mb": 26624,
          "req_cpu_cores": 33,
          "child_ids": [
            2,
            11,
            20
          ]
        },
        {
          "id": 2,
          "workflow_id": 0,
          "length": 76332,
          "req_memory_mb": 33792,
          "req_cpu_cores": 19,
          "child_ids": []
        },
        {
          "id": 3,
          "workflow_id": 0,
          "length": 28449,
          "req_memory_mb": 63488,
          "req_cpu_cores": 2,
          "child_ids": []
        },
        {
          "id": 4,
          "workflow_id": 0,
          "length": 76379,
          "req_memory_mb": 13312,
          "req_cpu_cores": 10,
          "child_ids": [
            5
          ]
        },
        {
          "id": 5,
          "workflow_id": 0,
          "length": 50528,
          "req_memory_mb": 102400,
          "req_cpu_cores": 26,
          "child_ids": [
            19
          ]
        },
        {
          "id": 6,
          "workflow_id": 0,
          "length": 29890,
          "req_memory_mb": 70656,
          "req_cpu_cores": 24,
          "child_ids": [
            18,
            13
          ]
        },
        {
          "id": 7,
          "workflow_id": 0,
          "length": 34002,
          "req_memory_mb": 86016,
          "req_cpu_cores": 10,
          "child_ids": [
            16
          ]
        },
        {
          "id": 8,
          "workflow_id": 0,
          "length": 58141,
          "req_memory_mb": 84992,
          "req_cpu_cores": 2,
          "child_ids": []
        },
        {
          "id": 9,
          "workflow_id": 0,
          "length": 51385,
          "req_memory_mb": 47104,
          "req_cpu_cores": 5,
          "child_ids": [
            26,
            22
          ]
        },
        {
          "id": 10,
          "workflow_id": 0,
          "length": 53657,
          "req_memory_mb": 94208,
          "req_cpu_cores": 17,
          "child_ids": []
        },
        {
          "id": 11,
          "workflow_id": 0,
          "length": 52673,
          "req_memory_mb": 45056,
          "req_cpu_cores": 26,
          "child_ids": []
        },
        {
          "id": 12,
          "workflow_id": 0,
          "length": 38681,
          "req_memory_mb": 62464,
          "req_cpu_cores": 33,
          "child_ids": []
        },
        {
          "id": 13,
          "workflow_id": 0,
          "length": 74251,
          "req_memory_mb": 64512,
          "req_cpu_cores": 31,
          "child_ids": []
        },
        {
          "id": 14,
          "workflow_id": 0,
          "length": 46975,
          "req_memory_mb": 97280,
          "req_cpu_cores": 31,
          "child_ids": [
            25
          ]
        },
        {
          "id": 15,
          "workflow_id": 0,
          "length": 49153,
          "req_memory_mb": 38912,
          "req_cpu_cores": 19,
          "child_ids": []
        },
        {
          "id": 16,
          "workflow_id": 0,
          "length": 63599,
          "req_memory_mb": 40960,
          "req_cpu_cores": 21,
          "child_ids": []
        },
        {
          "id": 17,
          "workflow_id": 0,
          "length": 18021,
          "req_memory_mb": 76800,
          "req_cpu_cores": 19,
          "child_ids": []
        },
        {
          "id": 18,
          "workflow_id": 0,
          "length": 62091,
          "req_memory_mb": 77824,
          "req_cpu_cores": 17,
          "child_ids": []
        },
        {
          "id": 19,
          "workflow_id": 0,
          "length": 37714,
          "req_memory_mb": 5120,
          "req_cpu_cores": 24,
          "child_ids": []
        },
        {
          "id": 20,
          "workflow_id": 0,
          "length": 61177,
          "req_memory_mb": 77824,
          "req_cpu_cores": 24,
          "child_ids": []
        },
        {
          "id": 21,
          "workflow_id": 0,
          "length": 36466,
          "req_memory_mb": 74752,
          "req_cpu_cores": 33,
          "child_ids": []
        },
        {
          "id": 22,
          "workflow_id": 0,
          "length": 41174,
          "req_memory_mb": 39936,
          "req_cpu_cores": 5,
          "child_ids": []
        },
        {
          "id": 23,
          "workflow_id": 0,
          "length": 67540,
          "req_memory_mb": 44032,
          "req_cpu_cores": 31,
          "child_ids": []
        },
        {
          "id": 24,
          "workflow_id": 0,
          "length": 51261,
          "req_memory_mb": 8192,
          "req_cpu_cores": 24,
          "child_ids": []
        },
        {
          "id": 25,
          "workflow_id": 0,
          "length": 29927,
          "req_memory_mb": 8192,
          "req_cpu_cores": 33,
          "child_ids": []
        },
        {
          "id": 26,
          "workflow_id": 0,
          "length": 71990,
          "req_memory_mb": 86016,
          "req_cpu_cores": 24,
          "child_ids": []
        }
      ],
      "arrival_time": 0
    }
  ],
  "vms": [
    {
      "id": 0,
      "host_id": 3,
      "cpu_speed_mips": 1533,
      "memory_mb": 106496,
      "cpu_cores": 16,
      "disk_mb": 1024,
      "bandwidth_mbps": 50,
      "vmm": "Xen"
    },
    {
      "id": 1,
      "host_id": 2,
      "cpu_speed_mips": 4873,
      "memory_mb": 86016,
      "cpu_cores": 16,
      "disk_mb": 1024,
      "bandwidth_mbps": 50,
      "vmm": "Xen"
    },
    {
      "id": 2,
      "host_id": 1,
      "cpu_speed_mips": 3968,
      "memory_mb": 117760,
      "cpu_cores": 56,
      "disk_mb": 1024,
      "bandwidth_mbps": 50,
      "vmm": "Xen"
    },
    {
      "id": 3,
      "host_id": 0,
      "cpu_speed_mips": 1205,
      "memory_mb": 60416,
      "cpu_cores": 40,
      "disk_mb": 1024,
      "bandwidth_mbps": 50,
      "vmm": "Xen"
    },
    {
      "id": 4,
      "host_id": 3,
      "cpu_speed_mips": 3099,
      "memory_mb": 105472,
      "cpu_cores": 16,
      "disk_mb": 1024,
      "bandwidth_mbps": 50,
      "vmm": "Xen"
    },
    {
      "id": 5,
      "host_id": 2,
      "cpu_speed_mips": 2722,
      "memory_mb": 90112,
      "cpu_cores": 16,
      "disk_mb": 1024,
      "bandwidth_mbps": 50,
      "vmm": "Xen"
    },
    {
      "id": 6,
      "host_id": 1,
      "cpu_speed_mips": 3397,
      "memory_mb": 91136,
      "cpu_cores": 56,
      "disk_mb": 1024,
      "bandwidth_mbps": 50,
      "vmm": "Xen"
    },
    {
      "id": 7,
      "host_id": 0,
      "cpu_speed_mips": 1037,
      "memory_mb": 38912,
      "cpu_cores": 40,
      "disk_mb": 1024,
      "bandwidth_mbps": 50,
      "vmm": "Xen"
    },
    {
      "id": 8,
      "host_id": 3,
      "cpu_speed_mips": 2663,
      "memory_mb": 79872,
      "cpu_cores": 16,
      "disk_mb": 1024,
      "bandwidth_mbps": 50,
      "vmm": "Xen"
    },
    {
      "id": 9,
      "host_id": 2,
      "cpu_speed_mips": 2546,
      "memory_mb": 82944,
      "cpu_cores": 16,
      "disk_mb": 1024,
      "bandwidth_mbps": 50,
      "vmm": "Xen"
    },
    {
      "id": 10,
      "host_id": 1,
      "cpu_speed_mips": 2996,
      "memory_mb": 81920,
      "cpu_cores": 56,
      "disk_mb": 1024,
      "bandwidth_mbps": 50,
      "vmm": "Xen"
    },
    {
      "id": 11,
      "host_id": 0,
      "cpu_speed_mips": 599,
      "memory_mb": 84992,
      "cpu_cores": 40,
      "disk_mb": 1024,
      "bandwidth_mbps": 50,
      "vmm": "Xen"
    }
  ],
  "hosts": [
    {
      "id": 0,
      "cores": 40,
      "cpu_speed_mips": 512000,
      "power_idle_watt": 85,
      "power_peak_watt": 450,
      "memory_mb": 131072,
      "disk_mb": 12000000,
      "bandwidth_mbps": 2048
    },
    {
      "id": 1,
      "cores": 56,
      "cpu_speed_mips": 604800,
      "power_idle_watt": 50,
      "power_peak_watt": 432,
      "memory_mb": 167936,
      "disk_mb": 10000000,
      "bandwidth_mbps": 1536
    },
    {
      "id": 2,
      "cores": 16,
      "cpu_speed_mips": 187712,
      "power_idle_watt": 116,
      "power_peak_watt": 475,
      "memory_mb": 49152,
      "disk_mb": 10000000,
      "bandwidth_mbps": 1024
    },
    {
      "id": 3,
      "cores": 16,
      "cpu_speed_mips": 187712,
      "power_idle_watt": 116,
      "power_peak_watt": 475,
      "memory_mb": 49152,
      "disk_mb": 10000000,
      "bandwidth_mbps": 1024
    }
  ]
}