{
  "workflows": [
    {
      "id": 0,
      "tasks": [
        {
          "id": 0,
          "workflow_id": 0,
          "length": 79677,
          "req_memory_mb": 46080,
          "req_cpu_cores": 26,
          "child_ids": [
            1,
            2,
            3,
            4,
            5,
            6,
            7,
            8,
            10,
            11,
            12,
            14,
            15,
            16,
            17,
            19,
            21,
            22,
            23
          ]
        },
        {
          "id": 1,
          "workflow_id": 0,
          "length": 26977,
          "req_memory_mb": 81920,
          "req_cpu_cores": 7,
          "child_ids": []
        },
        {
          "id": 2,
          "workflow_id": 0,
          "length": 62269,
          "req_memory_mb": 20480,
          "req_cpu_cores": 26,
          "child_ids": [
            13
          ]
        },
        {
          "id": 3,
          "workflow_id": 0,
          "length": 32817,
          "req_memory_mb": 84992,
          "req_cpu_cores": 30,
          "child_ids": [
            9
          ]
        },
        {
          "id": 4,
          "workflow_id": 0,
          "length": 43347,
          "req_memory_mb": 24576,
          "req_cpu_cores": 33,
          "child_ids": []
        },
        {
          "id": 5,
          "workflow_id": 0,
          "length": 69507,
          "req_memory_mb": 67584,
          "req_cpu_cores": 9,
          "child_ids": []
        },
        {
          "id": 6,
          "workflow_id": 0,
          "length": 53797,
          "req_memory_mb": 67584,
          "req_cpu_cores": 26,
          "child_ids": []
        },
        {
          "id": 7,
          "workflow_id": 0,
          "length": 27231,
          "req_memory_mb": 78848,
          "req_cpu_cores": 14,
          "child_ids": []
        },
        {
          "id": 8,
          "workflow_id": 0,
          "length": 57797,
          "req_memory_mb": 73728,
          "req_cpu_cores": 19,
          "child_ids": []
        },
        {
          "id": 9,
          "workflow_id": 0,
          "length": 63935,
          "req_memory_mb": 16384,
          "req_cpu_cores": 2,
          "child_ids": []
        },
        {
          "id": 10,
          "workflow_id": 0,
          "length": 36044,
          "req_memory_mb": 19456,
          "req_cpu_cores": 14,
          "child_ids": []
        },
        {
          "id": 11,
          "workflow_id": 0,
          "length": 57964,
          "req_memory_mb": 15360,
          "req_cpu_cores": 16,
          "child_ids": []
        },
        {
          "id": 12,
          "workflow_id": 0,
          "length": 66134,
          "req_memory_mb": 64512,
          "req_cpu_cores": 28,
          "child_ids": []
        },
        {
          "id": 13,
          "workflow_id": 0,
          "length": 46178,
          "req_memory_mb": 9216,
          "req_cpu_cores": 16,
          "child_ids": []
        },
        {
          "id": 14,
          "workflow_id": 0,
          "length": 21627,
          "req_memory_mb": 23552,
          "req_cpu_cores": 33,
          "child_ids": [
            18,
            20
          ]
        },
        {
          "id": 15,
          "workflow_id": 0,
          "length": 56434,
          "req_memory_mb": 53248,
          "req_cpu_cores": 33,
          "child_ids": []
        },
        {
          "id": 16,
          "workflow_id": 0,
          "length": 33322,
          "req_memory_mb": 64512,
          "req_cpu_cores": 21,
          "child_ids": []
        },
        {
          "id": 17,
          "workflow_id": 0,
          "length": 48577,
          "req_memory_mb": 29696,
          "req_cpu_cores": 30,
          "child_ids": [
            24
          ]
        },
        {
          "id": 18,
          "workflow_id": 0,
          "length": 30611,
          "req_memory_mb": 84992,
          "req_cpu_cores": 33,
          "child_ids": []
        },
        {
          "id": 19,
          "workflow_id": 0,
          "length": 65547,
          "req_memory_mb": 81920,
          "req_cpu_cores": 26,
          "child_ids": [
            20
          ]
        },
        {
          "id": 20,
          "workflow_id": 0,
          "length": 27676,
          "req_memory_mb": 48128,
          "req_cpu_cores": 2,
          "child_ids": []
        },
        {
          "id": 21,
          "workflow_id": 0,
          "length": 30823,
          "req_memory_mb": 76800,
          "req_cpu_cores": 14,
          "child_ids": []
        },
        {
          "id": 22,
          "workflow_id": 0,
          "length": 55356,
          "req_memory_mb": 36864,
          "req_cpu_cores": 9,
          "child_ids": []
        },
        {
          "id": 23,
          "workflow_id": 0,
          "length": 84619,
          "req_memory_mb": 84992,
          "req_cpu_cores": 2,
          "child_ids": []
        },
        {
          "id": 24,
          "workflow_id": 0,
          "length": 23344,
          "req_memory_mb": 20480,
          "req_cpu_cores": 9,
          "child_ids": []
        }
      ],
      "arrival_time": 0
    }
  ],
  "vms": [
    {
      "id": 0,
      "host_id": 3,
      "cpu_speed_mips": 1533,
      "memory_mb": 106496,
      "cpu_cores": 16,
      "disk_mb": 1024,
      "bandwidth_mbps": 50,
      "vmm": "Xen"
    },
    {
      "id": 1,
      "host_id": 2,
      "cpu_speed_mips": 4873,
      "memory_mb": 86016,
      "cpu_cores": 16,
      "disk_mb": 1024,
      "bandwidth_mbps": 50,
      "vmm": "Xen"
    },
    {
      "id": 2,
      "host_id": 1,
      "cpu_speed_mips": 3968,
      "memory_mb": 117760,
      "cpu_cores": 56,
      "disk_mb": 1024,
      "bandwidth_mbps": 50,
      "vmm": "Xen"
    },
    {
      "id": 3,
      "host_id": 0,
      "cpu_speed_mips": 1205,
      "memory_mb": 60416,
      "cpu_cores": 40,
      "disk_mb": 1024,
      "bandwidth_mbps": 50,
      "vmm": "Xen"
    },
    {
      "id": 4,
      "host_id": 3,
      "cpu_speed_mips": 3099,
      "memory_mb": 105472,
      "cpu_cores": 16,
      "disk_mb": 1024,
      "bandwidth_mbps": 50,
      "vmm": "Xen"
    },
    {
      "id": 5,
      "host_id": 2,
      "cpu_speed_mips": 2722,
      "memory_mb": 90112,
      "cpu_cores": 16,
      "disk_mb": 1024,
      "bandwidth_mbps": 50,
      "vmm": "Xen"
    },
    {
      "id": 6,
      "host_id": 1,
      "cpu_speed_mips": 3397,
      "memory_mb": 91136,
      "cpu_cores": 56,
      "disk_mb": 1024,
      "bandwidth_mbps": 50,
      "vmm": "Xen"
    },
    {
      "id": 7,
      "host_id": 0,
      "cpu_speed_mips": 1037,
      "memory_mb": 38912,
      "cpu_cores": 40,
      "disk_mb": 1024,
      "bandwidth_mbps": 50,
      "vmm": "Xen"
    },
    {
      "id": 8,
      "host_id": 3,
      "cpu_speed_mips": 2663,
      "memory_mb": 79872,
      "cpu_cores": 16,
      "disk_mb": 1024,
      "bandwidth_mbps": 50,
      "vmm": "Xen"
    },
    {
      "id": 9,
      "host_id": 2,
      "cpu_speed_mips": 2546,
      "memory_mb": 82944,
      "cpu_cores": 16,
      "disk_mb": 1024,
      "bandwidth_mbps": 50,
      "vmm": "Xen"
    },
    {
      "id": 10,
      "host_id": 1,
      "cpu_speed_mips": 2996,
      "memory_mb": 81920,
      "cpu_cores": 56,
      "disk_mb": 1024,
      "bandwidth_mbps": 50,
      "vmm": "Xen"
    },
    {
      "id": 11,
      "host_id": 0,
      "cpu_speed_mips": 599,
      "memory_mb": 84992,
      "cpu_cores": 40,
      "disk_mb": 1024,
      "bandwidth_mbps": 50,
      "vmm": "Xen"
    }
  ],
  "hosts": [
    {
      "id": 0,
      "cores": 40,
      "cpu_speed_mips": 512000,
      "power_idle_watt": 85,
      "power_peak_watt": 450,
      "memory_mb": 131072,
      "disk_mb": 12000000,
      "bandwidth_mbps": 2048
    },
    {
      "id": 1,
      "cores": 56,
      "cpu_speed_mips": 604800,
      "power_idle_watt": 50,
      "power_peak_watt": 432,
      "memory_mb": 167936,
      "disk_mb": 10000000,
      "bandwidth_mbps": 1536
    },
    {
      "id": 2,
      "cores": 16,
      "cpu_speed_mips": 187712,
      "power_idle_watt": 116,
      "power_peak_watt": 475,
      "memory_mb": 49152,
      "disk_mb": 10000000,
      "bandwidth_mbps": 1024
    },
    {
      "id": 3,
      "cores": 16,
      "cpu_speed_mips": 187712,
      "power_idle_watt": 116,
      "power_peak_watt": 475,
      "memory_mb": 49152,
      "disk_mb": 10000000,
      "bandwidth_mbps": 1024
    }
  ]
}