{
  "workflows": [
    {
      "id": 0,
      "tasks": [
        {
          "id": 0,
          "workflow_id": 0,
          "length": 33807,
          "req_memory_mb": 68608,
          "req_cpu_cores": 25,
          "child_ids": [
            1,
            2,
            3,
            4,
            5,
            6,
            7,
            8,
            9,
            11,
            14,
            15,
            20,
            21,
            22,
            24
          ]
        },
        {
          "id": 1,
          "workflow_id": 0,
          "length": 40558,
          "req_memory_mb": 20480,
          "req_cpu_cores": 33,
          "child_ids": [
            12,
            23
          ]
        },
        {
          "id": 2,
          "workflow_id": 0,
          "length": 58834,
          "req_memory_mb": 17408,
          "req_cpu_cores": 20,
          "child_ids": [
            18
          ]
        },
        {
          "id": 3,
          "workflow_id": 0,
          "length": 53820,
          "req_memory_mb": 8192,
          "req_cpu_cores": 15,
          "child_ids": [
            10
          ]
        },
        {
          "id": 4,
          "workflow_id": 0,
          "length": 57530,
          "req_memory_mb": 34816,
          "req_cpu_cores": 3,
          "child_ids": []
        },
        {
          "id": 5,
          "workflow_id": 0,
          "length": 38815,
          "req_memory_mb": 25600,
          "req_cpu_cores": 20,
          "child_ids": []
        },
        {
          "id": 6,
          "workflow_id": 0,
          "length": 89673,
          "req_memory_mb": 77824,
          "req_cpu_cores": 23,
          "child_ids": [
            16,
            19
          ]
        },
        {
          "id": 7,
          "workflow_id": 0,
          "length": 83409,
          "req_memory_mb": 57344,
          "req_cpu_cores": 15,
          "child_ids": []
        },
        {
          "id": 8,
          "workflow_id": 0,
          "length": 38418,
          "req_memory_mb": 103424,
          "req_cpu_cores": 30,
          "child_ids": [
            17
          ]
        },
        {
          "id": 9,
          "workflow_id": 0,
          "length": 32188,
          "req_memory_mb": 75776,
          "req_cpu_cores": 33,
          "child_ids": []
        },
        {
          "id": 10,
          "workflow_id": 0,
          "length": 40750,
          "req_memory_mb": 92160,
          "req_cpu_cores": 10,
          "child_ids": [
            13
          ]
        },
        {
          "id": 11,
          "workflow_id": 0,
          "length": 56419,
          "req_memory_mb": 57344,
          "req_cpu_cores": 13,
          "child_ids": []
        },
        {
          "id": 12,
          "workflow_id": 0,
          "length": 46255,
          "req_memory_mb": 80896,
          "req_cpu_cores": 10,
          "child_ids": []
        },
        {
          "id": 13,
          "workflow_id": 0,
          "length": 43272,
          "req_memory_mb": 21504,
          "req_cpu_cores": 10,
          "child_ids": []
        },
        {
          "id": 14,
          "workflow_id": 0,
          "length": 65936,
          "req_memory_mb": 78848,
          "req_cpu_cores": 17,
          "child_ids": [
            18
          ]
        },
        {
          "id": 15,
          "workflow_id": 0,
          "length": 60799,
          "req_memory_mb": 109568,
          "req_cpu_cores": 33,
          "child_ids": []
        },
        {
          "id": 16,
          "workflow_id": 0,
          "length": 68216,
          "req_memory_mb": 3072,
          "req_cpu_cores": 8,
          "child_ids": []
        },
        {
          "id": 17,
          "workflow_id": 0,
          "length": 54441,
          "req_memory_mb": 46080,
          "req_cpu_cores": 30,
          "child_ids": []
        },
        {
          "id": 18,
          "workflow_id": 0,
          "length": 56196,
          "req_memory_mb": 32768,
          "req_cpu_cores": 33,
          "child_ids": []
        },
        {
          "id": 19,
          "workflow_id": 0,
          "length": 32414,
          "req_memory_mb": 33792,
          "req_cpu_cores": 13,
          "child_ids": []
        },
        {
          "id": 20,
          "workflow_id": 0,
          "length": 46418,
          "req_memory_mb": 32768,
          "req_cpu_cores": 30,
          "child_ids": []
        },
        {
          "id": 21,
          "workflow_id": 0,
          "length": 72214,
          "req_memory_mb": 94208,
          "req_cpu_cores": 30,
          "child_ids": []
        },
        {
          "id": 22,
          "workflow_id": 0,
          "length": 62085,
          "req_memory_mb": 56320,
          "req_cpu_cores": 30,
          "child_ids": []
        },
        {
          "id": 23,
          "workflow_id": 0,
          "length": 41503,
          "req_memory_mb": 97280,
          "req_cpu_cores": 8,
          "child_ids": []
        },
        {
          "id": 24,
          "workflow_id": 0,
          "length": 41859,
          "req_memory_mb": 53248,
          "req_cpu_cores": 20,
          "child_ids": []
        }
      ],
      "arrival_time": 0
    }
  ],
  "vms": [
    {
      "id": 0,
      "host_id": 3,
      "cpu_speed_mips": 1533,
      "memory_mb": 106496,
      "cpu_cores": 16,
      "disk_mb": 1024,
      "bandwidth_mbps": 50,
      "vmm": "Xen"
    },
    {
      "id": 1,
      "host_id": 2,
      "cpu_speed_mips": 4873,
      "memory_mb": 86016,
      "cpu_cores": 16,
      "disk_mb": 1024,
      "bandwidth_mbps": 50,
      "vmm": "Xen"
    },
    {
      "id": 2,
      "host_id": 1,
      "cpu_speed_mips": 3968,
      "memory_mb": 117760,
      "cpu_cores": 56,
      "disk_mb": 1024,
      "bandwidth_mbps": 50,
      "vmm": "Xen"
    },
    {
      "id": 3,
      "host_id": 0,
      "cpu_speed_mips": 1205,
      "memory_mb": 60416,
      "cpu_cores": 40,
      "disk_mb": 1024,
      "bandwidth_mbps": 50,
      "vmm": "Xen"
    },
    {
      "id": 4,
      "host_id": 3,
      "cpu_speed_mips": 3099,
      "memory_mb": 105472,
      "cpu_cores": 16,
      "disk_mb": 1024,
      "bandwidth_mbps": 50,
      "vmm": "Xen"
    },
    {
      "id": 5,
      "host_id": 2,
      "cpu_speed_mips": 2722,
      "memory_mb": 90112,
      "cpu_cores": 16,
      "disk_mb": 1024,
      "bandwidth_mbps": 50,
      "vmm": "Xen"
    },
    {
      "id": 6,
      "host_id": 1,
      "cpu_speed_mips": 3397,
      "memory_mb": 91136,
      "cpu_cores": 56,
      "disk_mb": 1024,
      "bandwidth_mbps": 50,
      "vmm": "Xen"
    },
    {
      "id": 7,
      "host_id": 0,
      "cpu_speed_mips": 1037,
      "memory_mb": 38912,
      "cpu_cores": 40,
      "disk_mb": 1024,
      "bandwidth_mbps": 50,
      "vmm": "Xen"
    },
    {
      "id": 8,
      "host_id": 3,
      "cpu_speed_mips": 2663,
      "memory_mb": 79872,
      "cpu_cores": 16,
      "disk_mb": 1024,
      "bandwidth_mbps": 50,
      "vmm": "Xen"
    },
    {
      "id": 9,
      "host_id": 2,
      "cpu_speed_mips": 2546,
      "memory_mb": 82944,
      "cpu_cores": 16,
      "disk_mb": 1024,
      "bandwidth_mbps": 50,
      "vmm": "Xen"
    },
    {
      "id": 10,
      "host_id": 1,
      "cpu_speed_mips": 2996,
      "memory_mb": 81920,
      "cpu_cores": 56,
      "disk_mb": 1024,
      "bandwidth_mbps": 50,
      "vmm": "Xen"
    },
    {
      "id": 11,
      "host_id": 0,
      "cpu_speed_mips": 599,
      "memory_mb": 84992,
      "cpu_cores": 40,
      "disk_mb": 1024,
      "bandwidth_mbps": 50,
      "vmm": "Xen"
    }
  ],
  "hosts": [
    {
      "id": 0,
      "cores": 40,
      "cpu_speed_mips": 512000,
      "power_idle_watt": 85,
      "power_peak_watt": 450,
      "memory_mb": 131072,
      "disk_mb": 12000000,
      "bandwidth_mbps": 2048
    },
    {
      "id": 1,
      "cores": 56,
      "cpu_speed_mips": 604800,
      "power_idle_watt": 50,
      "power_peak_watt": 432,
      "memory_mb": 167936,
      "disk_mb": 10000000,
      "bandwidth_mbps": 1536
    },
    {
      "id": 2,
      "cores": 16,
      "cpu_speed_mips": 187712,
      "power_idle_watt": 116,
      "power_peak_watt": 475,
      "memory_mb": 49152,
      "disk_mb": 10000000,
      "bandwidth_mbps": 1024
    },
    {
      "id": 3,
      "cores": 16,
      "cpu_speed_mips": 187712,
      "power_idle_watt": 116,
      "power_peak_watt": 475,
      "memory_mb": 49152,
      "disk_mb": 10000000,
      "bandwidth_mbps": 1024
    }
  ]
}