{
  "workflows": [
    {
      "id": 0,
      "tasks": [
        {
          "id": 0,
          "workflow_id": 0,
          "length": 29490,
          "req_memory_mb": 47104,
          "req_cpu_cores": 4,
          "child_ids": [
            1,
            2,
            3,
            4,
            5,
            6,
            8,
            9,
            10,
            11,
            12,
            14,
            15,
            18,
            19,
            21,
            22,
            24,
            25,
            27,
            28
          ]
        },
        {
          "id": 1,
          "workflow_id": 0,
          "length": 41034,
          "req_memory_mb": 30720,
          "req_cpu_cores": 9,
          "child_ids": []
        },
        {
          "id": 2,
          "workflow_id": 0,
          "length": 55722,
          "req_memory_mb": 4096,
          "req_cpu_cores": 9,
          "child_ids": []
        },
        {
          "id": 3,
          "workflow_id": 0,
          "length": 69795,
          "req_memory_mb": 57344,
          "req_cpu_cores": 29,
          "child_ids": []
        },
        {
          "id": 4,
          "workflow_id": 0,
          "length": 34628,
          "req_memory_mb": 49152,
          "req_cpu_cores": 31,
          "child_ids": [
            7
          ]
        },
        {
          "id": 5,
          "workflow_id": 0,
          "length": 59383,
          "req_memory_mb": 21504,
          "req_cpu_cores": 24,
          "child_ids": []
        },
        {
          "id": 6,
          "workflow_id": 0,
          "length": 51553,
          "req_memory_mb": 3072,
          "req_cpu_cores": 11,
          "child_ids": [
            13
          ]
        },
        {
          "id": 7,
          "workflow_id": 0,
          "length": 36668,
          "req_memory_mb": 56320,
          "req_cpu_cores": 2,
          "child_ids": [
            29
          ]
        },
        {
          "id": 8,
          "workflow_id": 0,
          "length": 57038,
          "req_memory_mb": 28672,
          "req_cpu_cores": 7,
          "child_ids": []
        },
        {
          "id": 9,
          "workflow_id": 0,
          "length": 40582,
          "req_memory_mb": 22528,
          "req_cpu_cores": 31,
          "child_ids": [
            17
          ]
        },
        {
          "id": 10,
          "workflow_id": 0,
          "length": 49265,
          "req_memory_mb": 37888,
          "req_cpu_cores": 22,
          "child_ids": []
        },
        {
          "id": 11,
          "workflow_id": 0,
          "length": 79126,
          "req_memory_mb": 33792,
          "req_cpu_cores": 24,
          "child_ids": []
        },
        {
          "id": 12,
          "workflow_id": 0,
          "length": 69525,
          "req_memory_mb": 73728,
          "req_cpu_cores": 27,
          "child_ids": [
            29
          ]
        },
        {
          "id": 13,
          "workflow_id": 0,
          "length": 67527,
          "req_memory_mb": 24576,
          "req_cpu_cores": 4,
          "child_ids": []
        },
        {
          "id": 14,
          "workflow_id": 0,
          "length": 32243,
          "req_memory_mb": 7168,
          "req_cpu_cores": 4,
          "child_ids": [
            16
          ]
        },
        {
          "id": 15,
          "workflow_id": 0,
          "length": 26960,
          "req_memory_mb": 2048,
          "req_cpu_cores": 15,
          "child_ids": []
        },
        {
          "id": 16,
          "workflow_id": 0,
          "length": 44452,
          "req_memory_mb": 48128,
          "req_cpu_cores": 9,
          "child_ids": []
        },
        {
          "id": 17,
          "workflow_id": 0,
          "length": 62649,
          "req_memory_mb": 30720,
          "req_cpu_cores": 4,
          "child_ids": [
            26
          ]
        },
        {
          "id": 18,
          "workflow_id": 0,
          "length": 38182,
          "req_memory_mb": 17408,
          "req_cpu_cores": 24,
          "child_ids": [
            20
          ]
        },
        {
          "id": 19,
          "workflow_id": 0,
          "length": 57000,
          "req_memory_mb": 56320,
          "req_cpu_cores": 4,
          "child_ids": [
            20
          ]
        },
        {
          "id": 20,
          "workflow_id": 0,
          "length": 42818,
          "req_memory_mb": 28672,
          "req_cpu_cores": 29,
          "child_ids": [
            23
          ]
        },
        {
          "id": 21,
          "workflow_id": 0,
          "length": 36225,
          "req_memory_mb": 83968,
          "req_cpu_cores": 20,
          "child_ids": []
        },
        {
          "id": 22,
          "workflow_id": 0,
          "length": 30848,
          "req_memory_mb": 68608,
          "req_cpu_cores": 7,
          "child_ids": []
        },
        {
          "id": 23,
          "workflow_id": 0,
          "length": 34062,
          "req_memory_mb": 17408,
          "req_cpu_cores": 31,
          "child_ids": []
        },
        {
          "id": 24,
          "workflow_id": 0,
          "length": 59882,
          "req_memory_mb": 87040,
          "req_cpu_cores": 2,
          "child_ids": []
        },
        {
          "id": 25,
          "workflow_id": 0,
          "length": 24255,
          "req_memory_mb": 59392,
          "req_cpu_cores": 29,
          "child_ids": []
        },
        {
          "id": 26,
          "workflow_id": 0,
          "length": 57764,
          "req_memory_mb": 37888,
          "req_cpu_cores": 4,
          "child_ids": []
        },
        {
          "id": 27,
          "workflow_id": 0,
          "length": 43518,
          "req_memory_mb": 46080,
          "req_cpu_cores": 22,
          "child_ids": [
            29
          ]
        },
        {
          "id": 28,
          "workflow_id": 0,
          "length": 35711,
          "req_memory_mb": 93184,
          "req_cpu_cores": 7,
          "child_ids": []
        },
        {
          "id": 29,
          "workflow_id": 0,
          "length": 63842,
          "req_memory_mb": 73728,
          "req_cpu_cores": 20,
          "child_ids": []
        }
      ],
      "arrival_time": 0
    }
  ],
  "vms": [
    {
      "id": 0,
      "host_id": 3,
      "cpu_speed_mips": 1533,
      "memory_mb": 106496,
      "cpu_cores": 16,
      "disk_mb": 1024,
      "bandwidth_mbps": 50,
      "vmm": "Xen"
    },
    {
      "id": 1,
      "host_id": 2,
      "cpu_speed_mips": 4873,
      "memory_mb": 86016,
      "cpu_cores": 16,
      "disk_mb": 1024,
      "bandwidth_mbps": 50,
      "vmm": "Xen"
    },
    {
      "id": 2,
      "host_id": 1,
      "cpu_speed_mips": 3968,
      "memory_mb": 117760,
      "cpu_cores": 56,
      "disk_mb": 1024,
      "bandwidth_mbps": 50,
      "vmm": "Xen"
    },
    {
      "id": 3,
      "host_id": 0,
      "cpu_speed_mips": 1205,
      "memory_mb": 60416,
      "cpu_cores": 40,
      "disk_mb": 1024,
      "bandwidth_mbps": 50,
      "vmm": "Xen"
    },
    {
      "id": 4,
      "host_id": 3,
      "cpu_speed_mips": 3099,
      "memory_mb": 105472,
      "cpu_cores": 16,
      "disk_mb": 1024,
      "bandwidth_mbps": 50,
      "vmm": "Xen"
    },
    {
      "id": 5,
      "host_id": 2,
      "cpu_speed_mips": 2722,
      "memory_mb": 90112,
      "cpu_cores": 16,
      "disk_mb": 1024,
      "bandwidth_mbps": 50,
      "vmm": "Xen"
    },
    {
      "id": 6,
      "host_id": 1,
      "cpu_speed_mips": 3397,
      "memory_mb": 91136,
      "cpu_cores": 56,
      "disk_mb": 1024,
      "bandwidth_mbps": 50,
      "vmm": "Xen"
    },
    {
      "id": 7,
      "host_id": 0,
      "cpu_speed_mips": 1037,
      "memory_mb": 38912,
      "cpu_cores": 40,
      "disk_mb": 1024,
      "bandwidth_mbps": 50,
      "vmm": "Xen"
    },
    {
      "id": 8,
      "host_id": 3,
      "cpu_speed_mips": 2663,
      "memory_mb": 79872,
      "cpu_cores": 16,
      "disk_mb": 1024,
      "bandwidth_mbps": 50,
      "vmm": "Xen"
    },
    {
      "id": 9,
      "host_id": 2,
      "cpu_speed_mips": 2546,
      "memory_mb": 82944,
      "cpu_cores": 16,
      "disk_mb": 1024,
      "bandwidth_mbps": 50,
      "vmm": "Xen"
    },
    {
      "id": 10,
      "host_id": 1,
      "cpu_speed_mips": 2996,
      "memory_mb": 81920,
      "cpu_cores": 56,
      "disk_mb": 1024,
      "bandwidth_mbps": 50,
      "vmm": "Xen"
    },
    {
      "id": 11,
      "host_id": 0,
      "cpu_speed_mips": 599,
      "memory_mb": 84992,
      "cpu_cores": 40,
      "disk_mb": 1024,
      "bandwidth_mbps": 50,
      "vmm": "Xen"
    }
  ],
  "hosts": [
    {
      "id": 0,
      "cores": 40,
      "cpu_speed_mips": 512000,
      "power_idle_watt": 85,
      "power_peak_watt": 450,
      "memory_mb": 131072,
      "disk_mb": 12000000,
      "bandwidth_mbps": 2048
    },
    {
      "id": 1,
      "cores": 56,
      "cpu_speed_mips": 604800,
      "power_idle_watt": 50,
      "power_peak_watt": 432,
      "memory_mb": 167936,
      "disk_mb": 10000000,
      "bandwidth_mbps": 1536
    },
    {
      "id": 2,
      "cores": 16,
      "cpu_speed_mips": 187712,
      "power_idle_watt": 116,
      "power_peak_watt": 475,
      "memory_mb": 49152,
      "disk_mb": 10000000,
      "bandwidth_mbps": 1024
    },
    {
      "id": 3,
      "cores": 16,
      "cpu_speed_mips": 187712,
      "power_idle_watt": 116,
      "power_peak_watt": 475,
      "memory_mb": 49152,
      "disk_mb": 10000000,
      "bandwidth_mbps": 1024
    }
  ]
}