{
  "workflows": [
    {
      "id": 0,
      "tasks": [
        {
          "id": 0,
          "workflow_id": 0,
          "length": 37523,
          "req_memory_mb": 28672,
          "req_cpu_cores": 30,
          "child_ids": [
            1,
            2,
            3,
            4,
            6,
            7,
            8,
            9,
            10,
            11,
            12,
            14,
            16,
            18,
            19,
            21,
            22,
            24
          ]
        },
        {
          "id": 1,
          "workflow_id": 0,
          "length": 48812,
          "req_memory_mb": 89088,
          "req_cpu_cores": 14,
          "child_ids": [
            5
          ]
        },
        {
          "id": 2,
          "workflow_id": 0,
          "length": 31803,
          "req_memory_mb": 8192,
          "req_cpu_cores": 3,
          "child_ids": []
        },
        {
          "id": 3,
          "workflow_id": 0,
          "length": 32962,
          "req_memory_mb": 38912,
          "req_cpu_cores": 6,
          "child_ids": [
            27,
            28
          ]
        },
        {
          "id": 4,
          "workflow_id": 0,
          "length": 41271,
          "req_memory_mb": 71680,
          "req_cpu_cores": 22,
          "child_ids": [
            15
          ]
        },
        {
          "id": 5,
          "workflow_id": 0,
          "length": 71333,
          "req_memory_mb": 53248,
          "req_cpu_cores": 17,
          "child_ids": [
            25
          ]
        },
        {
          "id": 6,
          "workflow_id": 0,
          "length": 66667,
          "req_memory_mb": 6144,
          "req_cpu_cores": 25,
          "child_ids": [
            28
          ]
        },
        {
          "id": 7,
          "workflow_id": 0,
          "length": 54441,
          "req_memory_mb": 1024,
          "req_cpu_cores": 19,
          "child_ids": []
        },
        {
          "id": 8,
          "workflow_id": 0,
          "length": 68542,
          "req_memory_mb": 73728,
          "req_cpu_cores": 8,
          "child_ids": [
            13
          ]
        },
        {
          "id": 9,
          "workflow_id": 0,
          "length": 56263,
          "req_memory_mb": 47104,
          "req_cpu_cores": 17,
          "child_ids": []
        },
        {
          "id": 10,
          "workflow_id": 0,
          "length": 55759,
          "req_memory_mb": 55296,
          "req_cpu_cores": 30,
          "child_ids": [
            29
          ]
        },
        {
          "id": 11,
          "workflow_id": 0,
          "length": 75826,
          "req_memory_mb": 68608,
          "req_cpu_cores": 22,
          "child_ids": [
            28
          ]
        },
        {
          "id": 12,
          "workflow_id": 0,
          "length": 61301,
          "req_memory_mb": 36864,
          "req_cpu_cores": 22,
          "child_ids": [
            20
          ]
        },
        {
          "id": 13,
          "workflow_id": 0,
          "length": 54739,
          "req_memory_mb": 30720,
          "req_cpu_cores": 3,
          "child_ids": [
            17,
            26
          ]
        },
        {
          "id": 14,
          "workflow_id": 0,
          "length": 65484,
          "req_memory_mb": 72704,
          "req_cpu_cores": 33,
          "child_ids": []
        },
        {
          "id": 15,
          "workflow_id": 0,
          "length": 66644,
          "req_memory_mb": 35840,
          "req_cpu_cores": 14,
          "child_ids": []
        },
        {
          "id": 16,
          "workflow_id": 0,
          "length": 52643,
          "req_memory_mb": 59392,
          "req_cpu_cores": 17,
          "child_ids": []
        },
        {
          "id": 17,
          "workflow_id": 0,
          "length": 32918,
          "req_memory_mb": 103424,
          "req_cpu_cores": 3,
          "child_ids": [
            28
          ]
        },
        {
          "id": 18,
          "workflow_id": 0,
          "length": 51122,
          "req_memory_mb": 82944,
          "req_cpu_cores": 39,
          "child_ids": [
            23
          ]
        },
        {
          "id": 19,
          "workflow_id": 0,
          "length": 25554,
          "req_memory_mb": 20480,
          "req_cpu_cores": 6,
          "child_ids": [
            28
          ]
        },
        {
          "id": 20,
          "workflow_id": 0,
          "length": 51294,
          "req_memory_mb": 57344,
          "req_cpu_cores": 14,
          "child_ids": []
        },
        {
          "id": 21,
          "workflow_id": 0,
          "length": 30668,
          "req_memory_mb": 1024,
          "req_cpu_cores": 6,
          "child_ids": []
        },
        {
          "id": 22,
          "workflow_id": 0,
          "length": 31727,
          "req_memory_mb": 12288,
          "req_cpu_cores": 19,
          "child_ids": []
        },
        {
          "id": 23,
          "workflow_id": 0,
          "length": 49897,
          "req_memory_mb": 62464,
          "req_cpu_cores": 39,
          "child_ids": []
        },
        {
          "id": 24,
          "workflow_id": 0,
          "length": 63613,
          "req_memory_mb": 40960,
          "req_cpu_cores": 14,
          "child_ids": []
        },
        {
          "id": 25,
          "workflow_id": 0,
          "length": 45187,
          "req_memory_mb": 58368,
          "req_cpu_cores": 3,
          "child_ids": []
        },
        {
          "id": 26,
          "workflow_id": 0,
          "length": 37531,
          "req_memory_mb": 32768,
          "req_cpu_cores": 36,
          "child_ids": []
        },
        {
          "id": 27,
          "workflow_id": 0,
          "length": 33249,
          "req_memory_mb": 69632,
          "req_cpu_cores": 8,
          "child_ids": []
        },
        {
          "id": 28,
          "workflow_id": 0,
          "length": 22864,
          "req_memory_mb": 62464,
          "req_cpu_cores": 22,
          "child_ids": []
        },
        {
          "id": 29,
          "workflow_id": 0,
          "length": 54221,
          "req_memory_mb": 25600,
          "req_cpu_cores": 19,
          "child_ids": []
        }
      ],
      "arrival_time": 0
    }
  ],
  "vms": [
    {
      "id": 0,
      "host_id": 3,
      "cpu_speed_mips": 1533,
      "memory_mb": 106496,
      "cpu_cores": 16,
      "disk_mb": 1024,
      "bandwidth_mbps": 50,
      "vmm": "Xen"
    },
    {
      "id": 1,
      "host_id": 2,
      "cpu_speed_mips": 4873,
      "memory_mb": 86016,
      "cpu_cores": 16,
      "disk_mb": 1024,
      "bandwidth_mbps": 50,
      "vmm": "Xen"
    },
    {
      "id": 2,
      "host_id": 1,
      "cpu_speed_mips": 3968,
      "memory_mb": 117760,
      "cpu_cores": 56,
      "disk_mb": 1024,
      "bandwidth_mbps": 50,
      "vmm": "Xen"
    },
    {
      "id": 3,
      "host_id": 0,
      "cpu_speed_mips": 1205,
      "memory_mb": 60416,
      "cpu_cores": 40,
      "disk_mb": 1024,
      "bandwidth_mbps": 50,
      "vmm": "Xen"
    },
    {
      "id": 4,
      "host_id": 3,
      "cpu_speed_mips": 3099,
      "memory_mb": 105472,
      "cpu_cores": 16,
      "disk_mb": 1024,
      "bandwidth_mbps": 50,
      "vmm": "Xen"
    },
    {
      "id": 5,
      "host_id": 2,
      "cpu_speed_mips": 2722,
      "memory_mb": 90112,
      "cpu_cores": 16,
      "disk_mb": 1024,
      "bandwidth_mbps": 50,
      "vmm": "Xen"
    },
    {
      "id": 6,
      "host_id": 1,
      "cpu_speed_mips": 3397,
      "memory_mb": 91136,
      "cpu_cores": 56,
      "disk_mb": 1024,
      "bandwidth_mbps": 50,
      "vmm": "Xen"
    },
    {
      "id": 7,
      "host_id": 0,
      "cpu_speed_mips": 1037,
      "memory_mb": 38912,
      "cpu_cores": 40,
      "disk_mb": 1024,
      "bandwidth_mbps": 50,
      "vmm": "Xen"
    },
    {
      "id": 8,
      "host_id": 3,
      "cpu_speed_mips": 2663,
      "memory_mb": 79872,
      "cpu_cores": 16,
      "disk_mb": 1024,
      "bandwidth_mbps": 50,
      "vmm": "Xen"
    },
    {
      "id": 9,
      "host_id": 2,
      "cpu_speed_mips": 2546,
      "memory_mb": 82944,
      "cpu_cores": 16,
      "disk_mb": 1024,
      "bandwidth_mbps": 50,
      "vmm": "Xen"
    },
    {
      "id": 10,
      "host_id": 1,
      "cpu_speed_mips": 2996,
      "memory_mb": 81920,
      "cpu_cores": 56,
      "disk_mb": 1024,
      "bandwidth_mbps": 50,
      "vmm": "Xen"
    },
    {
      "id": 11,
      "host_id": 0,
      "cpu_speed_mips": 599,
      "memory_mb": 84992,
      "cpu_cores": 40,
      "disk_mb": 1024,
      "bandwidth_mbps": 50,
      "vmm": "Xen"
    }
  ],
  "hosts": [
    {
      "id": 0,
      "cores": 40,
      "cpu_speed_mips": 512000,
      "power_idle_watt": 85,
      "power_peak_watt": 450,
      "memory_mb": 131072,
      "disk_mb": 12000000,
      "bandwidth_mbps": 2048
    },
    {
      "id": 1,
      "cores": 56,
      "cpu_speed_mips": 604800,
      "power_idle_watt": 50,
      "power_peak_watt": 432,
      "memory_mb": 167936,
      "disk_mb": 10000000,
      "bandwidth_mbps": 1536
    },
    {
      "id": 2,
      "cores": 16,
      "cpu_speed_mips": 187712,
      "power_idle_watt": 116,
      "power_peak_watt": 475,
      "memory_mb": 49152,
      "disk_mb": 10000000,
      "bandwidth_mbps": 1024
    },
    {
      "id": 3,
      "cores": 16,
      "cpu_speed_mips": 187712,
      "power_idle_watt": 116,
      "power_peak_watt": 475,
      "memory_mb": 49152,
      "disk_mb": 10000000,
      "bandwidth_mbps": 1024
    }
  ]
}