{
  "workflows": [
    {
      "id": 0,
      "tasks": [
        {
          "id": 0,
          "workflow_id": 0,
          "length": 26608,
          "req_memory_mb": 71680,
          "req_cpu_cores": 5,
          "child_ids": [
            1,
            2,
            3,
            4,
            5,
            6,
            7,
            8,
            9,
            10,
            11,
            12,
            13,
            14,
            16,
            18,
            19,
            21,
            23,
            25,
            26
          ]
        },
        {
          "id": 1,
          "workflow_id": 0,
          "length": 41580,
          "req_memory_mb": 75776,
          "req_cpu_cores": 22,
          "child_ids": []
        },
        {
          "id": 2,
          "workflow_id": 0,
          "length": 39860,
          "req_memory_mb": 30720,
          "req_cpu_cores": 26,
          "child_ids": []
        },
        {
          "id": 3,
          "workflow_id": 0,
          "length": 57352,
          "req_memory_mb": 68608,
          "req_cpu_cores": 5,
          "child_ids": []
        },
        {
          "id": 4,
          "workflow_id": 0,
          "length": 47919,
          "req_memory_mb": 73728,
          "req_cpu_cores": 14,
          "child_ids": []
        },
        {
          "id": 5,
          "workflow_id": 0,
          "length": 61709,
          "req_memory_mb": 17408,
          "req_cpu_cores": 31,
          "child_ids": [
            15
          ]
        },
        {
          "id": 6,
          "workflow_id": 0,
          "length": 52407,
          "req_memory_mb": 19456,
          "req_cpu_cores": 12,
          "child_ids": []
        },
        {
          "id": 7,
          "workflow_id": 0,
          "length": 31777,
          "req_memory_mb": 60416,
          "req_cpu_cores": 7,
          "child_ids": [
            17
          ]
        },
        {
          "id": 8,
          "workflow_id": 0,
          "length": 36196,
          "req_memory_mb": 17408,
          "req_cpu_cores": 5,
          "child_ids": [
            24
          ]
        },
        {
          "id": 9,
          "workflow_id": 0,
          "length": 23119,
          "req_memory_mb": 22528,
          "req_cpu_cores": 31,
          "child_ids": []
        },
        {
          "id": 10,
          "workflow_id": 0,
          "length": 48437,
          "req_memory_mb": 63488,
          "req_cpu_cores": 7,
          "child_ids": [
            15
          ]
        },
        {
          "id": 11,
          "workflow_id": 0,
          "length": 56642,
          "req_memory_mb": 9216,
          "req_cpu_cores": 19,
          "child_ids": [
            15
          ]
        },
        {
          "id": 12,
          "workflow_id": 0,
          "length": 27811,
          "req_memory_mb": 18432,
          "req_cpu_cores": 17,
          "child_ids": [
            22
          ]
        },
        {
          "id": 13,
          "workflow_id": 0,
          "length": 53838,
          "req_memory_mb": 61440,
          "req_cpu_cores": 17,
          "child_ids": []
        },
        {
          "id": 14,
          "workflow_id": 0,
          "length": 89392,
          "req_memory_mb": 30720,
          "req_cpu_cores": 10,
          "child_ids": []
        },
        {
          "id": 15,
          "workflow_id": 0,
          "length": 25912,
          "req_memory_mb": 8192,
          "req_cpu_cores": 2,
          "child_ids": []
        },
        {
          "id": 16,
          "workflow_id": 0,
          "length": 38682,
          "req_memory_mb": 7168,
          "req_cpu_cores": 31,
          "child_ids": [
            20
          ]
        },
        {
          "id": 17,
          "workflow_id": 0,
          "length": 67789,
          "req_memory_mb": 39936,
          "req_cpu_cores": 7,
          "child_ids": []
        },
        {
          "id": 18,
          "workflow_id": 0,
          "length": 63035,
          "req_memory_mb": 7168,
          "req_cpu_cores": 14,
          "child_ids": []
        },
        {
          "id": 19,
          "workflow_id": 0,
          "length": 55171,
          "req_memory_mb": 22528,
          "req_cpu_cores": 19,
          "child_ids": []
        },
        {
          "id": 20,
          "workflow_id": 0,
          "length": 47499,
          "req_memory_mb": 56320,
          "req_cpu_cores": 19,
          "child_ids": []
        },
        {
          "id": 21,
          "workflow_id": 0,
          "length": 84599,
          "req_memory_mb": 70656,
          "req_cpu_cores": 22,
          "child_ids": []
        },
        {
          "id": 22,
          "workflow_id": 0,
          "length": 59919,
          "req_memory_mb": 57344,
          "req_cpu_cores": 17,
          "child_ids": []
        },
        {
          "id": 23,
          "workflow_id": 0,
          "length": 55043,
          "req_memory_mb": 53248,
          "req_cpu_cores": 5,
          "child_ids": []
        },
        {
          "id": 24,
          "workflow_id": 0,
          "length": 65227,
          "req_memory_mb": 44032,
          "req_cpu_cores": 5,
          "child_ids": []
        },
        {
          "id": 25,
          "workflow_id": 0,
          "length": 25788,
          "req_memory_mb": 39936,
          "req_cpu_cores": 14,
          "child_ids": []
        },
        {
          "id": 26,
          "workflow_id": 0,
          "length": 41393,
          "req_memory_mb": 21504,
          "req_cpu_cores": 17,
          "child_ids": []
        }
      ],
      "arrival_time": 0
    }
  ],
  "vms": [
    {
      "id": 0,
      "host_id": 3,
      "cpu_speed_mips": 1533,
      "memory_mb": 106496,
      "cpu_cores": 16,
      "disk_mb": 1024,
      "bandwidth_mbps": 50,
      "vmm": "Xen"
    },
    {
      "id": 1,
      "host_id": 2,
      "cpu_speed_mips": 4873,
      "memory_mb": 86016,
      "cpu_cores": 16,
      "disk_mb": 1024,
      "bandwidth_mbps": 50,
      "vmm": "Xen"
    },
    {
      "id": 2,
      "host_id": 1,
      "cpu_speed_mips": 3968,
      "memory_mb": 117760,
      "cpu_cores": 56,
      "disk_mb": 1024,
      "bandwidth_mbps": 50,
      "vmm": "Xen"
    },
    {
      "id": 3,
      "host_id": 0,
      "cpu_speed_mips": 1205,
      "memory_mb": 60416,
      "cpu_cores": 40,
      "disk_mb": 1024,
      "bandwidth_mbps": 50,
      "vmm": "Xen"
    },
    {
      "id": 4,
      "host_id": 3,
      "cpu_speed_mips": 3099,
      "memory_mb": 105472,
      "cpu_cores": 16,
      "disk_mb": 1024,
      "bandwidth_mbps": 50,
      "vmm": "Xen"
    },
    {
      "id": 5,
      "host_id": 2,
      "cpu_speed_mips": 2722,
      "memory_mb": 90112,
      "cpu_cores": 16,
      "disk_mb": 1024,
      "bandwidth_mbps": 50,
      "vmm": "Xen"
    },
    {
      "id": 6,
      "host_id": 1,
      "cpu_speed_mips": 3397,
      "memory_mb": 91136,
      "cpu_cores": 56,
      "disk_mb": 1024,
      "bandwidth_mbps": 50,
      "vmm": "Xen"
    },
    {
      "id": 7,
      "host_id": 0,
      "cpu_speed_mips": 1037,
      "memory_mb": 38912,
      "cpu_cores": 40,
      "disk_mb": 1024,
      "bandwidth_mbps": 50,
      "vmm": "Xen"
    },
    {
      "id": 8,
      "host_id": 3,
      "cpu_speed_mips": 2663,
      "memory_mb": 79872,
      "cpu_cores": 16,
      "disk_mb": 1024,
      "bandwidth_mbps": 50,
      "vmm": "Xen"
    },
    {
      "id": 9,
      "host_id": 2,
      "cpu_speed_mips": 2546,
      "memory_mb": 82944,
      "cpu_cores": 16,
      "disk_mb": 1024,
      "bandwidth_mbps": 50,
      "vmm": "Xen"
    },
    {
      "id": 10,
      "host_id": 1,
      "cpu_speed_mips": 2996,
      "memory_mb": 81920,
      "cpu_cores": 56,
      "disk_mb": 1024,
      "bandwidth_mbps": 50,
      "vmm": "Xen"
    },
    {
      "id": 11,
      "host_id": 0,
      "cpu_speed_mips": 599,
      "memory_mb": 84992,
      "cpu_cores": 40,
      "disk_mb": 1024,
      "bandwidth_mbps": 50,
      "vmm": "Xen"
    }
  ],
  "hosts": [
    {
      "id": 0,
      "cores": 40,
      "cpu_speed_mips": 512000,
      "power_idle_watt": 85,
      "power_peak_watt": 450,
      "memory_mb": 131072,
      "disk_mb": 12000000,
      "bandwidth_mbps": 2048
    },
    {
      "id": 1,
      "cores": 56,
      "cpu_speed_mips": 604800,
      "power_idle_watt": 50,
      "power_peak_watt": 432,
      "memory_mb": 167936,
      "disk_mb": 10000000,
      "bandwidth_mbps": 1536
    },
    {
      "id": 2,
      "cores": 16,
      "cpu_speed_mips": 187712,
      "power_idle_watt": 116,
      "power_peak_watt": 475,
      "memory_mb": 49152,
      "disk_mb": 10000000,
      "bandwidth_mbps": 1024
    },
    {
      "id": 3,
      "cores": 16,
      "cpu_speed_mips": 187712,
      "power_idle_watt": 116,
      "power_peak_watt": 475,
      "memory_mb": 49152,
      "disk_mb": 10000000,
      "bandwidth_mbps": 1024
    }
  ]
}