{
  "workflows": [
    {
      "id": 0,
      "tasks": [
        {
          "id": 0,
          "workflow_id": 0,
          "length": 31028,
          "req_memory_mb": 94208,
          "req_cpu_cores": 31,
          "child_ids": [
            1,
            2,
            3,
            4,
            5,
            6,
            7,
            8,
            9,
            10,
            12,
            15,
            17,
            18,
            20,
            21
          ]
        },
        {
          "id": 1,
          "workflow_id": 0,
          "length": 39464,
          "req_memory_mb": 53248,
          "req_cpu_cores": 26,
          "child_ids": [
            25,
            22
          ]
        },
        {
          "id": 2,
          "workflow_id": 0,
          "length": 42785,
          "req_memory_mb": 70656,
          "req_cpu_cores": 34,
          "child_ids": []
        },
        {
          "id": 3,
          "workflow_id": 0,
          "length": 50269,
          "req_memory_mb": 34816,
          "req_cpu_cores": 24,
          "child_ids": [
            11
          ]
        },
        {
          "id": 4,
          "workflow_id": 0,
          "length": 19375,
          "req_memory_mb": 44032,
          "req_cpu_cores": 5,
          "child_ids": []
        },
        {
          "id": 5,
          "workflow_id": 0,
          "length": 52022,
          "req_memory_mb": 46080,
          "req_cpu_cores": 16,
          "child_ids": [
            16,
            13
          ]
        },
        {
          "id": 6,
          "workflow_id": 0,
          "length": 51127,
          "req_memory_mb": 14336,
          "req_cpu_cores": 8,
          "child_ids": []
        },
        {
          "id": 7,
          "workflow_id": 0,
          "length": 46524,
          "req_memory_mb": 54272,
          "req_cpu_cores": 3,
          "child_ids": []
        },
        {
          "id": 8,
          "workflow_id": 0,
          "length": 77769,
          "req_memory_mb": 21504,
          "req_cpu_cores": 10,
          "child_ids": []
        },
        {
          "id": 9,
          "workflow_id": 0,
          "length": 65967,
          "req_memory_mb": 90112,
          "req_cpu_cores": 8,
          "child_ids": []
        },
        {
          "id": 10,
          "workflow_id": 0,
          "length": 25482,
          "req_memory_mb": 30720,
          "req_cpu_cores": 31,
          "child_ids": [
            14
          ]
        },
        {
          "id": 11,
          "workflow_id": 0,
          "length": 45790,
          "req_memory_mb": 24576,
          "req_cpu_cores": 26,
          "child_ids": []
        },
        {
          "id": 12,
          "workflow_id": 0,
          "length": 39703,
          "req_memory_mb": 33792,
          "req_cpu_cores": 10,
          "child_ids": []
        },
        {
          "id": 13,
          "workflow_id": 0,
          "length": 69355,
          "req_memory_mb": 51200,
          "req_cpu_cores": 34,
          "child_ids": [
            23
          ]
        },
        {
          "id": 14,
          "workflow_id": 0,
          "length": 52149,
          "req_memory_mb": 12288,
          "req_cpu_cores": 26,
          "child_ids": []
        },
        {
          "id": 15,
          "workflow_id": 0,
          "length": 43567,
          "req_memory_mb": 2048,
          "req_cpu_cores": 21,
          "child_ids": []
        },
        {
          "id": 16,
          "workflow_id": 0,
          "length": 43446,
          "req_memory_mb": 5120,
          "req_cpu_cores": 10,
          "child_ids": [
            25,
            19
          ]
        },
        {
          "id": 17,
          "workflow_id": 0,
          "length": 34748,
          "req_memory_mb": 29696,
          "req_cpu_cores": 3,
          "child_ids": []
        },
        {
          "id": 18,
          "workflow_id": 0,
          "length": 20395,
          "req_memory_mb": 97280,
          "req_cpu_cores": 21,
          "child_ids": []
        },
        {
          "id": 19,
          "workflow_id": 0,
          "length": 35161,
          "req_memory_mb": 56320,
          "req_cpu_cores": 29,
          "child_ids": []
        },
        {
          "id": 20,
          "workflow_id": 0,
          "length": 32991,
          "req_memory_mb": 100352,
          "req_cpu_cores": 13,
          "child_ids": []
        },
        {
          "id": 21,
          "workflow_id": 0,
          "length": 77816,
          "req_memory_mb": 54272,
          "req_cpu_cores": 24,
          "child_ids": []
        },
        {
          "id": 22,
          "workflow_id": 0,
          "length": 42589,
          "req_memory_mb": 90112,
          "req_cpu_cores": 31,
          "child_ids": [
            24
          ]
        },
        {
          "id": 23,
          "workflow_id": 0,
          "length": 93791,
          "req_memory_mb": 86016,
          "req_cpu_cores": 26,
          "child_ids": []
        },
        {
          "id": 24,
          "workflow_id": 0,
          "length": 78214,
          "req_memory_mb": 88064,
          "req_cpu_cores": 21,
          "child_ids": []
        },
        {
          "id": 25,
          "workflow_id": 0,
          "length": 77239,
          "req_memory_mb": 65536,
          "req_cpu_cores": 13,
          "child_ids": []
        }
      ],
      "arrival_time": 0
    }
  ],
  "vms": [
    {
      "id": 0,
      "host_id": 3,
      "cpu_speed_mips": 1533,
      "memory_mb": 106496,
      "cpu_cores": 16,
      "disk_mb": 1024,
      "bandwidth_mbps": 50,
      "vmm": "Xen"
    },
    {
      "id": 1,
      "host_id": 2,
      "cpu_speed_mips": 4873,
      "memory_mb": 86016,
      "cpu_cores": 16,
      "disk_mb": 1024,
      "bandwidth_mbps": 50,
      "vmm": "Xen"
    },
    {
      "id": 2,
      "host_id": 1,
      "cpu_speed_mips": 3968,
      "memory_mb": 117760,
      "cpu_cores": 56,
      "disk_mb": 1024,
      "bandwidth_mbps": 50,
      "vmm": "Xen"
    },
    {
      "id": 3,
      "host_id": 0,
      "cpu_speed_mips": 1205,
      "memory_mb": 60416,
      "cpu_cores": 40,
      "disk_mb": 1024,
      "bandwidth_mbps": 50,
      "vmm": "Xen"
    },
    {
      "id": 4,
      "host_id": 3,
      "cpu_speed_mips": 3099,
      "memory_mb": 105472,
      "cpu_cores": 16,
      "disk_mb": 1024,
      "bandwidth_mbps": 50,
      "vmm": "Xen"
    },
    {
      "id": 5,
      "host_id": 2,
      "cpu_speed_mips": 2722,
      "memory_mb": 90112,
      "cpu_cores": 16,
      "disk_mb": 1024,
      "bandwidth_mbps": 50,
      "vmm": "Xen"
    },
    {
      "id": 6,
      "host_id": 1,
      "cpu_speed_mips": 3397,
      "memory_mb": 91136,
      "cpu_cores": 56,
      "disk_mb": 1024,
      "bandwidth_mbps": 50,
      "vmm": "Xen"
    },
    {
      "id": 7,
      "host_id": 0,
      "cpu_speed_mips": 1037,
      "memory_mb": 38912,
      "cpu_cores": 40,
      "disk_mb": 1024,
      "bandwidth_mbps": 50,
      "vmm": "Xen"
    },
    {
      "id": 8,
      "host_id": 3,
      "cpu_speed_mips": 2663,
      "memory_mb": 79872,
      "cpu_cores": 16,
      "disk_mb": 1024,
      "bandwidth_mbps": 50,
      "vmm": "Xen"
    },
    {
      "id": 9,
      "host_id": 2,
      "cpu_speed_mips": 2546,
      "memory_mb": 82944,
      "cpu_cores": 16,
      "disk_mb": 1024,
      "bandwidth_mbps": 50,
      "vmm": "Xen"
    },
    {
      "id": 10,
      "host_id": 1,
      "cpu_speed_mips": 2996,
      "memory_mb": 81920,
      "cpu_cores": 56,
      "disk_mb": 1024,
      "bandwidth_mbps": 50,
      "vmm": "Xen"
    },
    {
      "id": 11,
      "host_id": 0,
      "cpu_speed_mips": 599,
      "memory_mb": 84992,
      "cpu_cores": 40,
      "disk_mb": 1024,
      "bandwidth_mbps": 50,
      "vmm": "Xen"
    }
  ],
  "hosts": [
    {
      "id": 0,
      "cores": 40,
      "cpu_speed_mips": 512000,
      "power_idle_watt": 85,
      "power_peak_watt": 450,
      "memory_mb": 131072,
      "disk_mb": 12000000,
      "bandwidth_mbps": 2048
    },
    {
      "id": 1,
      "cores": 56,
      "cpu_speed_mips": 604800,
      "power_idle_watt": 50,
      "power_peak_watt": 432,
      "memory_mb": 167936,
      "disk_mb": 10000000,
      "bandwidth_mbps": 1536
    },
    {
      "id": 2,
      "cores": 16,
      "cpu_speed_mips": 187712,
      "power_idle_watt": 116,
      "power_peak_watt": 475,
      "memory_mb": 49152,
      "disk_mb": 10000000,
      "bandwidth_mbps": 1024
    },
    {
      "id": 3,
      "cores": 16,
      "cpu_speed_mips": 187712,
      "power_idle_watt": 116,
      "power_peak_watt": 475,
      "memory_mb": 49152,
      "disk_mb": 10000000,
      "bandwidth_mbps": 1024
    }
  ]
}