{
  "workflows": [
    {
      "id": 0,
      "tasks": [
        {
          "id": 0,
          "workflow_id": 0,
          "length": 67009,
          "req_memory_mb": 2048,
          "req_cpu_cores": 20,
          "child_ids": [
            1,
            2,
            3,
            4,
            6,
            7,
            8,
            9,
            12,
            16,
            18,
            21,
            22,
            23,
            24,
            25,
            28
          ]
        },
        {
          "id": 1,
          "workflow_id": 0,
          "length": 61275,
          "req_memory_mb": 60416,
          "req_cpu_cores": 20,
          "child_ids": [
            10,
            11
          ]
        },
        {
          "id": 2,
          "workflow_id": 0,
          "length": 35130,
          "req_memory_mb": 33792,
          "req_cpu_cores": 18,
          "child_ids": []
        },
        {
          "id": 3,
          "workflow_id": 0,
          "length": 55879,
          "req_memory_mb": 83968,
          "req_cpu_cores": 33,
          "child_ids": [
            5,
            15
          ]
        },
        {
          "id": 4,
          "workflow_id": 0,
          "length": 71617,
          "req_memory_mb": 64512,
          "req_cpu_cores": 30,
          "child_ids": [
            27
          ]
        },
        {
          "id": 5,
          "workflow_id": 0,
          "length": 45579,
          "req_memory_mb": 80896,
          "req_cpu_cores": 25,
          "child_ids": [
            17
          ]
        },
        {
          "id": 6,
          "workflow_id": 0,
          "length": 52781,
          "req_memory_mb": 92160,
          "req_cpu_cores": 30,
          "child_ids": [
            11
          ]
        },
        {
          "id": 7,
          "workflow_id": 0,
          "length": 52560,
          "req_memory_mb": 65536,
          "req_cpu_cores": 20,
          "child_ids": []
        },
        {
          "id": 8,
          "workflow_id": 0,
          "length": 68104,
          "req_memory_mb": 61440,
          "req_cpu_cores": 13,
          "child_ids": []
        },
        {
          "id": 9,
          "workflow_id": 0,
          "length": 61110,
          "req_memory_mb": 51200,
          "req_cpu_cores": 28,
          "child_ids": [
            26,
            27,
            20,
            14
          ]
        },
        {
          "id": 10,
          "workflow_id": 0,
          "length": 56064,
          "req_memory_mb": 22528,
          "req_cpu_cores": 20,
          "child_ids": [
            13
          ]
        },
        {
          "id": 11,
          "workflow_id": 0,
          "length": 34954,
          "req_memory_mb": 72704,
          "req_cpu_cores": 25,
          "child_ids": []
        },
        {
          "id": 12,
          "workflow_id": 0,
          "length": 52033,
          "req_memory_mb": 48128,
          "req_cpu_cores": 10,
          "child_ids": []
        },
        {
          "id": 13,
          "workflow_id": 0,
          "length": 42727,
          "req_memory_mb": 87040,
          "req_cpu_cores": 8,
          "child_ids": [
            17,
            26
          ]
        },
        {
          "id": 14,
          "workflow_id": 0,
          "length": 59996,
          "req_memory_mb": 53248,
          "req_cpu_cores": 35,
          "child_ids": [
            29
          ]
        },
        {
          "id": 15,
          "workflow_id": 0,
          "length": 56114,
          "req_memory_mb": 98304,
          "req_cpu_cores": 15,
          "child_ids": []
        },
        {
          "id": 16,
          "workflow_id": 0,
          "length": 46404,
          "req_memory_mb": 45056,
          "req_cpu_cores": 15,
          "child_ids": [
            29
          ]
        },
        {
          "id": 17,
          "workflow_id": 0,
          "length": 51214,
          "req_memory_mb": 51200,
          "req_cpu_cores": 33,
          "child_ids": [
            26
          ]
        },
        {
          "id": 18,
          "workflow_id": 0,
          "length": 71924,
          "req_memory_mb": 17408,
          "req_cpu_cores": 23,
          "child_ids": [
            19
          ]
        },
        {
          "id": 19,
          "workflow_id": 0,
          "length": 71084,
          "req_memory_mb": 92160,
          "req_cpu_cores": 25,
          "child_ids": []
        },
        {
          "id": 20,
          "workflow_id": 0,
          "length": 56167,
          "req_memory_mb": 83968,
          "req_cpu_cores": 20,
          "child_ids": []
        },
        {
          "id": 21,
          "workflow_id": 0,
          "length": 43422,
          "req_memory_mb": 72704,
          "req_cpu_cores": 20,
          "child_ids": []
        },
        {
          "id": 22,
          "workflow_id": 0,
          "length": 59200,
          "req_memory_mb": 32768,
          "req_cpu_cores": 23,
          "child_ids": []
        },
        {
          "id": 23,
          "workflow_id": 0,
          "length": 67949,
          "req_memory_mb": 1024,
          "req_cpu_cores": 5,
          "child_ids": []
        },
        {
          "id": 24,
          "workflow_id": 0,
          "length": 64350,
          "req_memory_mb": 33792,
          "req_cpu_cores": 20,
          "child_ids": []
        },
        {
          "id": 25,
          "workflow_id": 0,
          "length": 67381,
          "req_memory_mb": 74752,
          "req_cpu_cores": 15,
          "child_ids": []
        },
        {
          "id": 26,
          "workflow_id": 0,
          "length": 59723,
          "req_memory_mb": 98304,
          "req_cpu_cores": 33,
          "child_ids": []
        },
        {
          "id": 27,
          "workflow_id": 0,
          "length": 66917,
          "req_memory_mb": 26624,
          "req_cpu_cores": 15,
          "child_ids": [
            29
          ]
        },
        {
          "id": 28,
          "workflow_id": 0,
          "length": 49938,
          "req_memory_mb": 56320,
          "req_cpu_cores": 33,
          "child_ids": []
        },
        {
          "id": 29,
          "workflow_id": 0,
          "length": 51200,
          "req_memory_mb": 51200,
          "req_cpu_cores": 15,
          "child_ids": []
        }
      ],
      "arrival_time": 0
    }
  ],
  "vms": [
    {
      "id": 0,
      "host_id": 3,
      "cpu_speed_mips": 1533,
      "memory_mb": 106496,
      "cpu_cores": 16,
      "disk_mb": 1024,
      "bandwidth_mbps": 50,
      "vmm": "Xen"
    },
    {
      "id": 1,
      "host_id": 2,
      "cpu_speed_mips": 4873,
      "memory_mb": 86016,
      "cpu_cores": 16,
      "disk_mb": 1024,
      "bandwidth_mbps": 50,
      "vmm": "Xen"
    },
    {
      "id": 2,
      "host_id": 1,
      "cpu_speed_mips": 3968,
      "memory_mb": 117760,
      "cpu_cores": 56,
      "disk_mb": 1024,
      "bandwidth_mbps": 50,
      "vmm": "Xen"
    },
    {
      "id": 3,
      "host_id": 0,
      "cpu_speed_mips": 1205,
      "memory_mb": 60416,
      "cpu_cores": 40,
      "disk_mb": 1024,
      "bandwidth_mbps": 50,
      "vmm": "Xen"
    },
    {
      "id": 4,
      "host_id": 3,
      "cpu_speed_mips": 3099,
      "memory_mb": 105472,
      "cpu_cores": 16,
      "disk_mb": 1024,
      "bandwidth_mbps": 50,
      "vmm": "Xen"
    },
    {
      "id": 5,
      "host_id": 2,
      "cpu_speed_mips": 2722,
      "memory_mb": 90112,
      "cpu_cores": 16,
      "disk_mb": 1024,
      "bandwidth_mbps": 50,
      "vmm": "Xen"
    },
    {
      "id": 6,
      "host_id": 1,
      "cpu_speed_mips": 3397,
      "memory_mb": 91136,
      "cpu_cores": 56,
      "disk_mb": 1024,
      "bandwidth_mbps": 50,
      "vmm": "Xen"
    },
    {
      "id": 7,
      "host_id": 0,
      "cpu_speed_mips": 1037,
      "memory_mb": 38912,
      "cpu_cores": 40,
      "disk_mb": 1024,
      "bandwidth_mbps": 50,
      "vmm": "Xen"
    },
    {
      "id": 8,
      "host_id": 3,
      "cpu_speed_mips": 2663,
      "memory_mb": 79872,
      "cpu_cores": 16,
      "disk_mb": 1024,
      "bandwidth_mbps": 50,
      "vmm": "Xen"
    },
    {
      "id": 9,
      "host_id": 2,
      "cpu_speed_mips": 2546,
      "memory_mb": 82944,
      "cpu_cores": 16,
      "disk_mb": 1024,
      "bandwidth_mbps": 50,
      "vmm": "Xen"
    },
    {
      "id": 10,
      "host_id": 1,
      "cpu_speed_mips": 2996,
      "memory_mb": 81920,
      "cpu_cores": 56,
      "disk_mb": 1024,
      "bandwidth_mbps": 50,
      "vmm": "Xen"
    },
    {
      "id": 11,
      "host_id": 0,
      "cpu_speed_mips": 599,
      "memory_mb": 84992,
      "cpu_cores": 40,
      "disk_mb": 1024,
      "bandwidth_mbps": 50,
      "vmm": "Xen"
    }
  ],
  "hosts": [
    {
      "id": 0,
      "cores": 40,
      "cpu_speed_mips": 512000,
      "power_idle_watt": 85,
      "power_peak_watt": 450,
      "memory_mb": 131072,
      "disk_mb": 12000000,
      "bandwidth_mbps": 2048
    },
    {
      "id": 1,
      "cores": 56,
      "cpu_speed_mips": 604800,
      "power_idle_watt": 50,
      "power_peak_watt": 432,
      "memory_mb": 167936,
      "disk_mb": 10000000,
      "bandwidth_mbps": 1536
    },
    {
      "id": 2,
      "cores": 16,
      "cpu_speed_mips": 187712,
      "power_idle_watt": 116,
      "power_peak_watt": 475,
      "memory_mb": 49152,
      "disk_mb": 10000000,
      "bandwidth_mbps": 1024
    },
    {
      "id": 3,
      "cores": 16,
      "cpu_speed_mips": 187712,
      "power_idle_watt": 116,
      "power_peak_watt": 475,
      "memory_mb": 49152,
      "disk_mb": 10000000,
      "bandwidth_mbps": 1024
    }
  ]
}