{
  "workflows": [
    {
      "id": 0,
      "tasks": [
        {
          "id": 0,
          "workflow_id": 0,
          "length": 66139,
          "req_memory_mb": 20480,
          "req_cpu_cores": 20,
          "child_ids": [
            1,
            2,
            3,
            4,
            5,
            6,
            7,
            8,
            9,
            10,
            11,
            12,
            13,
            14,
            16,
            19,
            20,
            21,
            22,
            23,
            24,
            27
          ]
        },
        {
          "id": 1,
          "workflow_id": 0,
          "length": 57118,
          "req_memory_mb": 36864,
          "req_cpu_cores": 12,
          "child_ids": [
            18
          ]
        },
        {
          "id": 2,
          "workflow_id": 0,
          "length": 40191,
          "req_memory_mb": 30720,
          "req_cpu_cores": 3,
          "child_ids": []
        },
        {
          "id": 3,
          "workflow_id": 0,
          "length": 71274,
          "req_memory_mb": 73728,
          "req_cpu_cores": 22,
          "child_ids": []
        },
        {
          "id": 4,
          "workflow_id": 0,
          "length": 29764,
          "req_memory_mb": 60416,
          "req_cpu_cores": 24,
          "child_ids": [
            25
          ]
        },
        {
          "id": 5,
          "workflow_id": 0,
          "length": 90972,
          "req_memory_mb": 10240,
          "req_cpu_cores": 17,
          "child_ids": [
            25
          ]
        },
        {
          "id": 6,
          "workflow_id": 0,
          "length": 50299,
          "req_memory_mb": 12288,
          "req_cpu_cores": 8,
          "child_ids": []
        },
        {
          "id": 7,
          "workflow_id": 0,
          "length": 81719,
          "req_memory_mb": 62464,
          "req_cpu_cores": 19,
          "child_ids": [
            17
          ]
        },
        {
          "id": 8,
          "workflow_id": 0,
          "length": 50651,
          "req_memory_mb": 37888,
          "req_cpu_cores": 22,
          "child_ids": [
            26,
            15
          ]
        },
        {
          "id": 9,
          "workflow_id": 0,
          "length": 54132,
          "req_memory_mb": 11264,
          "req_cpu_cores": 12,
          "child_ids": []
        },
        {
          "id": 10,
          "workflow_id": 0,
          "length": 51547,
          "req_memory_mb": 71680,
          "req_cpu_cores": 3,
          "child_ids": [
            18,
            15
          ]
        },
        {
          "id": 11,
          "workflow_id": 0,
          "length": 61296,
          "req_memory_mb": 48128,
          "req_cpu_cores": 15,
          "child_ids": []
        },
        {
          "id": 12,
          "workflow_id": 0,
          "length": 1932,
          "req_memory_mb": 63488,
          "req_cpu_cores": 14,
          "child_ids": []
        },
        {
          "id": 13,
          "workflow_id": 0,
          "length": 61173,
          "req_memory_mb": 50176,
          "req_cpu_cores": 7,
          "child_ids": [
            18
          ]
        },
        {
          "id": 14,
          "workflow_id": 0,
          "length": 37863,
          "req_memory_mb": 48128,
          "req_cpu_cores": 19,
          "child_ids": []
        },
        {
          "id": 15,
          "workflow_id": 0,
          "length": 34536,
          "req_memory_mb": 58368,
          "req_cpu_cores": 15,
          "child_ids": []
        },
        {
          "id": 16,
          "workflow_id": 0,
          "length": 51234,
          "req_memory_mb": 55296,
          "req_cpu_cores": 7,
          "child_ids": []
        },
        {
          "id": 17,
          "workflow_id": 0,
          "length": 53407,
          "req_memory_mb": 33792,
          "req_cpu_cores": 20,
          "child_ids": []
        },
        {
          "id": 18,
          "workflow_id": 0,
          "length": 28501,
          "req_memory_mb": 33792,
          "req_cpu_cores": 17,
          "child_ids": []
        },
        {
          "id": 19,
          "workflow_id": 0,
          "length": 43634,
          "req_memory_mb": 2048,
          "req_cpu_cores": 15,
          "child_ids": [
            26
          ]
        },
        {
          "id": 20,
          "workflow_id": 0,
          "length": 63745,
          "req_memory_mb": 74752,
          "req_cpu_cores": 17,
          "child_ids": []
        },
        {
          "id": 21,
          "workflow_id": 0,
          "length": 55734,
          "req_memory_mb": 28672,
          "req_cpu_cores": 22,
          "child_ids": []
        },
        {
          "id": 22,
          "workflow_id": 0,
          "length": 48888,
          "req_memory_mb": 20480,
          "req_cpu_cores": 19,
          "child_ids": [
            26
          ]
        },
        {
          "id": 23,
          "workflow_id": 0,
          "length": 51728,
          "req_memory_mb": 67584,
          "req_cpu_cores": 17,
          "child_ids": []
        },
        {
          "id": 24,
          "workflow_id": 0,
          "length": 65146,
          "req_memory_mb": 21504,
          "req_cpu_cores": 8,
          "child_ids": []
        },
        {
          "id": 25,
          "workflow_id": 0,
          "length": 47301,
          "req_memory_mb": 43008,
          "req_cpu_cores": 24,
          "child_ids": []
        },
        {
          "id": 26,
          "workflow_id": 0,
          "length": 65597,
          "req_memory_mb": 41984,
          "req_cpu_cores": 17,
          "child_ids": []
        },
        {
          "id": 27,
          "workflow_id": 0,
          "length": 76409,
          "req_memory_mb": 14336,
          "req_cpu_cores": 10,
          "child_ids": []
        }
      ],
      "arrival_time": 0
    }
  ],
  "vms": [
    {
      "id": 0,
      "host_id": 3,
      "cpu_speed_mips": 1533,
      "memory_mb": 106496,
      "cpu_cores": 16,
      "disk_mb": 1024,
      "bandwidth_mbps": 50,
      "vmm": "Xen"
    },
    {
      "id": 1,
      "host_id": 2,
      "cpu_speed_mips": 4873,
      "memory_mb": 86016,
      "cpu_cores": 16,
      "disk_mb": 1024,
      "bandwidth_mbps": 50,
      "vmm": "Xen"
    },
    {
      "id": 2,
      "host_id": 1,
      "cpu_speed_mips": 3968,
      "memory_mb": 117760,
      "cpu_cores": 56,
      "disk_mb": 1024,
      "bandwidth_mbps": 50,
      "vmm": "Xen"
    },
    {
      "id": 3,
      "host_id": 0,
      "cpu_speed_mips": 1205,
      "memory_mb": 60416,
      "cpu_cores": 40,
      "disk_mb": 1024,
      "bandwidth_mbps": 50,
      "vmm": "Xen"
    },
    {
      "id": 4,
      "host_id": 3,
      "cpu_speed_mips": 3099,
      "memory_mb": 105472,
      "cpu_cores": 16,
      "disk_mb": 1024,
      "bandwidth_mbps": 50,
      "vmm": "Xen"
    },
    {
      "id": 5,
      "host_id": 2,
      "cpu_speed_mips": 2722,
      "memory_mb": 90112,
      "cpu_cores": 16,
      "disk_mb": 1024,
      "bandwidth_mbps": 50,
      "vmm": "Xen"
    },
    {
      "id": 6,
      "host_id": 1,
      "cpu_speed_mips": 3397,
      "memory_mb": 91136,
      "cpu_cores": 56,
      "disk_mb": 1024,
      "bandwidth_mbps": 50,
      "vmm": "Xen"
    },
    {
      "id": 7,
      "host_id": 0,
      "cpu_speed_mips": 1037,
      "memory_mb": 38912,
      "cpu_cores": 40,
      "disk_mb": 1024,
      "bandwidth_mbps": 50,
      "vmm": "Xen"
    },
    {
      "id": 8,
      "host_id": 3,
      "cpu_speed_mips": 2663,
      "memory_mb": 79872,
      "cpu_cores": 16,
      "disk_mb": 1024,
      "bandwidth_mbps": 50,
      "vmm": "Xen"
    },
    {
      "id": 9,
      "host_id": 2,
      "cpu_speed_mips": 2546,
      "memory_mb": 82944,
      "cpu_cores": 16,
      "disk_mb": 1024,
      "bandwidth_mbps": 50,
      "vmm": "Xen"
    },
    {
      "id": 10,
      "host_id": 1,
      "cpu_speed_mips": 2996,
      "memory_mb": 81920,
      "cpu_cores": 56,
      "disk_mb": 1024,
      "bandwidth_mbps": 50,
      "vmm": "Xen"
    },
    {
      "id": 11,
      "host_id": 0,
      "cpu_speed_mips": 599,
      "memory_mb": 84992,
      "cpu_cores": 40,
      "disk_mb": 1024,
      "bandwidth_mbps": 50,
      "vmm": "Xen"
    }
  ],
  "hosts": [
    {
      "id": 0,
      "cores": 40,
      "cpu_speed_mips": 512000,
      "power_idle_watt": 85,
      "power_peak_watt": 450,
      "memory_mb": 131072,
      "disk_mb": 12000000,
      "bandwidth_mbps": 2048
    },
    {
      "id": 1,
      "cores": 56,
      "cpu_speed_mips": 604800,
      "power_idle_watt": 50,
      "power_peak_watt": 432,
      "memory_mb": 167936,
      "disk_mb": 10000000,
      "bandwidth_mbps": 1536
    },
    {
      "id": 2,
      "cores": 16,
      "cpu_speed_mips": 187712,
      "power_idle_watt": 116,
      "power_peak_watt": 475,
      "memory_mb": 49152,
      "disk_mb": 10000000,
      "bandwidth_mbps": 1024
    },
    {
      "id": 3,
      "cores": 16,
      "cpu_speed_mips": 187712,
      "power_idle_watt": 116,
      "power_peak_watt": 475,
      "memory_mb": 49152,
      "disk_mb": 10000000,
      "bandwidth_mbps": 1024
    }
  ]
}