{
  "workflows": [
    {
      "id": 0,
      "tasks": [
        {
          "id": 0,
          "workflow_id": 0,
          "length": 47354,
          "req_memory_mb": 63488,
          "req_cpu_cores": 7,
          "child_ids": [
            1,
            3,
            4,
            5,
            6,
            7,
            8,
            11,
            13,
            14,
            15,
            16,
            17,
            18,
            19,
            20,
            23,
            25,
            26,
            28,
            29
          ]
        },
        {
          "id": 1,
          "workflow_id": 0,
          "length": 40021,
          "req_memory_mb": 47104,
          "req_cpu_cores": 20,
          "child_ids": [
            2
          ]
        },
        {
          "id": 2,
          "workflow_id": 0,
          "length": 21364,
          "req_memory_mb": 52224,
          "req_cpu_cores": 13,
          "child_ids": [
            21
          ]
        },
        {
          "id": 3,
          "workflow_id": 0,
          "length": 74241,
          "req_memory_mb": 57344,
          "req_cpu_cores": 15,
          "child_ids": []
        },
        {
          "id": 4,
          "workflow_id": 0,
          "length": 46572,
          "req_memory_mb": 39936,
          "req_cpu_cores": 4,
          "child_ids": [
            9,
            10
          ]
        },
        {
          "id": 5,
          "workflow_id": 0,
          "length": 51274,
          "req_memory_mb": 5120,
          "req_cpu_cores": 31,
          "child_ids": []
        },
        {
          "id": 6,
          "workflow_id": 0,
          "length": 39181,
          "req_memory_mb": 70656,
          "req_cpu_cores": 22,
          "child_ids": []
        },
        {
          "id": 7,
          "workflow_id": 0,
          "length": 69351,
          "req_memory_mb": 64512,
          "req_cpu_cores": 26,
          "child_ids": []
        },
        {
          "id": 8,
          "workflow_id": 0,
          "length": 51970,
          "req_memory_mb": 55296,
          "req_cpu_cores": 22,
          "child_ids": []
        },
        {
          "id": 9,
          "workflow_id": 0,
          "length": 76290,
          "req_memory_mb": 65536,
          "req_cpu_cores": 31,
          "child_ids": [
            22
          ]
        },
        {
          "id": 10,
          "workflow_id": 0,
          "length": 56120,
          "req_memory_mb": 6144,
          "req_cpu_cores": 24,
          "child_ids": [
            12,
            22
          ]
        },
        {
          "id": 11,
          "workflow_id": 0,
          "length": 74491,
          "req_memory_mb": 55296,
          "req_cpu_cores": 15,
          "child_ids": []
        },
        {
          "id": 12,
          "workflow_id": 0,
          "length": 32769,
          "req_memory_mb": 64512,
          "req_cpu_cores": 18,
          "child_ids": [
            24
          ]
        },
        {
          "id": 13,
          "workflow_id": 0,
          "length": 48240,
          "req_memory_mb": 72704,
          "req_cpu_cores": 20,
          "child_ids": []
        },
        {
          "id": 14,
          "workflow_id": 0,
          "length": 66682,
          "req_memory_mb": 1024,
          "req_cpu_cores": 29,
          "child_ids": [
            27
          ]
        },
        {
          "id": 15,
          "workflow_id": 0,
          "length": 58357,
          "req_memory_mb": 55296,
          "req_cpu_cores": 22,
          "child_ids": []
        },
        {
          "id": 16,
          "workflow_id": 0,
          "length": 89171,
          "req_memory_mb": 37888,
          "req_cpu_cores": 7,
          "child_ids": []
        },
        {
          "id": 17,
          "workflow_id": 0,
          "length": 37204,
          "req_memory_mb": 16384,
          "req_cpu_cores": 15,
          "child_ids": []
        },
        {
          "id": 18,
          "workflow_id": 0,
          "length": 26120,
          "req_memory_mb": 78848,
          "req_cpu_cores": 22,
          "child_ids": []
        },
        {
          "id": 19,
          "workflow_id": 0,
          "length": 43288,
          "req_memory_mb": 13312,
          "req_cpu_cores": 2,
          "child_ids": [
            21
          ]
        },
        {
          "id": 20,
          "workflow_id": 0,
          "length": 28481,
          "req_memory_mb": 14336,
          "req_cpu_cores": 18,
          "child_ids": []
        },
        {
          "id": 21,
          "workflow_id": 0,
          "length": 70399,
          "req_memory_mb": 38912,
          "req_cpu_cores": 11,
          "child_ids": []
        },
        {
          "id": 22,
          "workflow_id": 0,
          "length": 18992,
          "req_memory_mb": 29696,
          "req_cpu_cores": 11,
          "child_ids": []
        },
        {
          "id": 23,
          "workflow_id": 0,
          "length": 88226,
          "req_memory_mb": 77824,
          "req_cpu_cores": 11,
          "child_ids": []
        },
        {
          "id": 24,
          "workflow_id": 0,
          "length": 76525,
          "req_memory_mb": 62464,
          "req_cpu_cores": 18,
          "child_ids": []
        },
        {
          "id": 25,
          "workflow_id": 0,
          "length": 65994,
          "req_memory_mb": 31744,
          "req_cpu_cores": 2,
          "child_ids": []
        },
        {
          "id": 26,
          "workflow_id": 0,
          "length": 39194,
          "req_memory_mb": 33792,
          "req_cpu_cores": 24,
          "child_ids": []
        },
        {
          "id": 27,
          "workflow_id": 0,
          "length": 58422,
          "req_memory_mb": 53248,
          "req_cpu_cores": 15,
          "child_ids": []
        },
        {
          "id": 28,
          "workflow_id": 0,
          "length": 50993,
          "req_memory_mb": 41984,
          "req_cpu_cores": 15,
          "child_ids": []
        },
        {
          "id": 29,
          "workflow_id": 0,
          "length": 38684,
          "req_memory_mb": 35840,
          "req_cpu_cores": 11,
          "child_ids": []
        }
      ],
      "arrival_time": 0
    }
  ],
  "vms": [
    {
      "id": 0,
      "host_id": 3,
      "cpu_speed_mips": 1533,
      "memory_mb": 106496,
      "cpu_cores": 16,
      "disk_mb": 1024,
      "bandwidth_mbps": 50,
      "vmm": "Xen"
    },
    {
      "id": 1,
      "host_id": 2,
      "cpu_speed_mips": 4873,
      "memory_mb": 86016,
      "cpu_cores": 16,
      "disk_mb": 1024,
      "bandwidth_mbps": 50,
      "vmm": "Xen"
    },
    {
      "id": 2,
      "host_id": 1,
      "cpu_speed_mips": 3968,
      "memory_mb": 117760,
      "cpu_cores": 56,
      "disk_mb": 1024,
      "bandwidth_mbps": 50,
      "vmm": "Xen"
    },
    {
      "id": 3,
      "host_id": 0,
      "cpu_speed_mips": 1205,
      "memory_mb": 60416,
      "cpu_cores": 40,
      "disk_mb": 1024,
      "bandwidth_mbps": 50,
      "vmm": "Xen"
    },
    {
      "id": 4,
      "host_id": 3,
      "cpu_speed_mips": 3099,
      "memory_mb": 105472,
      "cpu_cores": 16,
      "disk_mb": 1024,
      "bandwidth_mbps": 50,
      "vmm": "Xen"
    },
    {
      "id": 5,
      "host_id": 2,
      "cpu_speed_mips": 2722,
      "memory_mb": 90112,
      "cpu_cores": 16,
      "disk_mb": 1024,
      "bandwidth_mbps": 50,
      "vmm": "Xen"
    },
    {
      "id": 6,
      "host_id": 1,
      "cpu_speed_mips": 3397,
      "memory_mb": 91136,
      "cpu_cores": 56,
      "disk_mb": 1024,
      "bandwidth_mbps": 50,
      "vmm": "Xen"
    },
    {
      "id": 7,
      "host_id": 0,
      "cpu_speed_mips": 1037,
      "memory_mb": 38912,
      "cpu_cores": 40,
      "disk_mb": 1024,
      "bandwidth_mbps": 50,
      "vmm": "Xen"
    },
    {
      "id": 8,
      "host_id": 3,
      "cpu_speed_mips": 2663,
      "memory_mb": 79872,
      "cpu_cores": 16,
      "disk_mb": 1024,
      "bandwidth_mbps": 50,
      "vmm": "Xen"
    },
    {
      "id": 9,
      "host_id": 2,
      "cpu_speed_mips": 2546,
      "memory_mb": 82944,
      "cpu_cores": 16,
      "disk_mb": 1024,
      "bandwidth_mbps": 50,
      "vmm": "Xen"
    },
    {
      "id": 10,
      "host_id": 1,
      "cpu_speed_mips": 2996,
      "memory_mb": 81920,
      "cpu_cores": 56,
      "disk_mb": 1024,
      "bandwidth_mbps": 50,
      "vmm": "Xen"
    },
    {
      "id": 11,
      "host_id": 0,
      "cpu_speed_mips": 599,
      "memory_mb": 84992,
      "cpu_cores": 40,
      "disk_mb": 1024,
      "bandwidth_mbps": 50,
      "vmm": "Xen"
    }
  ],
  "hosts": [
    {
      "id": 0,
      "cores": 40,
      "cpu_speed_mips": 512000,
      "power_idle_watt": 85,
      "power_peak_watt": 450,
      "memory_mb": 131072,
      "disk_mb": 12000000,
      "bandwidth_mbps": 2048
    },
    {
      "id": 1,
      "cores": 56,
      "cpu_speed_mips": 604800,
      "power_idle_watt": 50,
      "power_peak_watt": 432,
      "memory_mb": 167936,
      "disk_mb": 10000000,
      "bandwidth_mbps": 1536
    },
    {
      "id": 2,
      "cores": 16,
      "cpu_speed_mips": 187712,
      "power_idle_watt": 116,
      "power_peak_watt": 475,
      "memory_mb": 49152,
      "disk_mb": 10000000,
      "bandwidth_mbps": 1024
    },
    {
      "id": 3,
      "cores": 16,
      "cpu_speed_mips": 187712,
      "power_idle_watt": 116,
      "power_peak_watt": 475,
      "memory_mb": 49152,
      "disk_mb": 10000000,
      "bandwidth_mbps": 1024
    }
  ]
}