{
  "workflows": [
    {
      "id": 0,
      "tasks": [
        {
          "id": 0,
          "workflow_id": 0,
          "length": 49933,
          "req_memory_mb": 72704,
          "req_cpu_cores": 35,
          "child_ids": [
            1,
            2,
            3,
            4,
            5,
            6,
            7,
            12,
            14,
            15,
            16,
            17,
            18,
            19,
            20,
            24,
            25,
            26
          ]
        },
        {
          "id": 1,
          "workflow_id": 0,
          "length": 28183,
          "req_memory_mb": 2048,
          "req_cpu_cores": 20,
          "child_ids": [
            10,
            13
          ]
        },
        {
          "id": 2,
          "workflow_id": 0,
          "length": 34558,
          "req_memory_mb": 6144,
          "req_cpu_cores": 35,
          "child_ids": [
            9,
            21
          ]
        },
        {
          "id": 3,
          "workflow_id": 0,
          "length": 45280,
          "req_memory_mb": 8192,
          "req_cpu_cores": 25,
          "child_ids": []
        },
        {
          "id": 4,
          "workflow_id": 0,
          "length": 59493,
          "req_memory_mb": 72704,
          "req_cpu_cores": 10,
          "child_ids": [
            8,
            10,
            22
          ]
        },
        {
          "id": 5,
          "workflow_id": 0,
          "length": 60079,
          "req_memory_mb": 12288,
          "req_cpu_cores": 15,
          "child_ids": [
            11
          ]
        },
        {
          "id": 6,
          "workflow_id": 0,
          "length": 42940,
          "req_memory_mb": 27648,
          "req_cpu_cores": 20,
          "child_ids": []
        },
        {
          "id": 7,
          "workflow_id": 0,
          "length": 38428,
          "req_memory_mb": 56320,
          "req_cpu_cores": 3,
          "child_ids": [
            23
          ]
        },
        {
          "id": 8,
          "workflow_id": 0,
          "length": 56697,
          "req_memory_mb": 100352,
          "req_cpu_cores": 13,
          "child_ids": [
            13
          ]
        },
        {
          "id": 9,
          "workflow_id": 0,
          "length": 46667,
          "req_memory_mb": 31744,
          "req_cpu_cores": 25,
          "child_ids": []
        },
        {
          "id": 10,
          "workflow_id": 0,
          "length": 52341,
          "req_memory_mb": 114688,
          "req_cpu_cores": 23,
          "child_ids": []
        },
        {
          "id": 11,
          "workflow_id": 0,
          "length": 52583,
          "req_memory_mb": 27648,
          "req_cpu_cores": 33,
          "child_ids": []
        },
        {
          "id": 12,
          "workflow_id": 0,
          "length": 68902,
          "req_memory_mb": 73728,
          "req_cpu_cores": 23,
          "child_ids": []
        },
        {
          "id": 13,
          "workflow_id": 0,
          "length": 67608,
          "req_memory_mb": 68608,
          "req_cpu_cores": 35,
          "child_ids": []
        },
        {
          "id": 14,
          "workflow_id": 0,
          "length": 40393,
          "req_memory_mb": 2048,
          "req_cpu_cores": 5,
          "child_ids": []
        },
        {
          "id": 15,
          "workflow_id": 0,
          "length": 52398,
          "req_memory_mb": 41984,
          "req_cpu_cores": 35,
          "child_ids": [
            27
          ]
        },
        {
          "id": 16,
          "workflow_id": 0,
          "length": 25971,
          "req_memory_mb": 12288,
          "req_cpu_cores": 10,
          "child_ids": []
        },
        {
          "id": 17,
          "workflow_id": 0,
          "length": 44447,
          "req_memory_mb": 75776,
          "req_cpu_cores": 5,
          "child_ids": []
        },
        {
          "id": 18,
          "workflow_id": 0,
          "length": 66896,
          "req_memory_mb": 70656,
          "req_cpu_cores": 30,
          "child_ids": []
        },
        {
          "id": 19,
          "workflow_id": 0,
          "length": 64123,
          "req_memory_mb": 27648,
          "req_cpu_cores": 23,
          "child_ids": []
        },
        {
          "id": 20,
          "workflow_id": 0,
          "length": 47824,
          "req_memory_mb": 62464,
          "req_cpu_cores": 13,
          "child_ids": []
        },
        {
          "id": 21,
          "workflow_id": 0,
          "length": 58443,
          "req_memory_mb": 84992,
          "req_cpu_cores": 13,
          "child_ids": [
            27
          ]
        },
        {
          "id": 22,
          "workflow_id": 0,
          "length": 65554,
          "req_memory_mb": 7168,
          "req_cpu_cores": 13,
          "child_ids": []
        },
        {
          "id": 23,
          "workflow_id": 0,
          "length": 42573,
          "req_memory_mb": 113664,
          "req_cpu_cores": 10,
          "child_ids": []
        },
        {
          "id": 24,
          "workflow_id": 0,
          "length": 68090,
          "req_memory_mb": 53248,
          "req_cpu_cores": 33,
          "child_ids": []
        },
        {
          "id": 25,
          "workflow_id": 0,
          "length": 48873,
          "req_memory_mb": 94208,
          "req_cpu_cores": 20,
          "child_ids": [
            27
          ]
        },
        {
          "id": 26,
          "workflow_id": 0,
          "length": 58580,
          "req_memory_mb": 72704,
          "req_cpu_cores": 5,
          "child_ids": []
        },
        {
          "id": 27,
          "workflow_id": 0,
          "length": 42960,
          "req_memory_mb": 16384,
          "req_cpu_cores": 3,
          "child_ids": []
        }
      ],
      "arrival_time": 0
    }
  ],
  "vms": [
    {
      "id": 0,
      "host_id": 3,
      "cpu_speed_mips": 1533,
      "memory_mb": 106496,
      "cpu_cores": 16,
      "disk_mb": 1024,
      "bandwidth_mbps": 50,
      "vmm": "Xen"
    },
    {
      "id": 1,
      "host_id": 2,
      "cpu_speed_mips": 4873,
      "memory_mb": 86016,
      "cpu_cores": 16,
      "disk_mb": 1024,
      "bandwidth_mbps": 50,
      "vmm": "Xen"
    },
    {
      "id": 2,
      "host_id": 1,
      "cpu_speed_mips": 3968,
      "memory_mb": 117760,
      "cpu_cores": 56,
      "disk_mb": 1024,
      "bandwidth_mbps": 50,
      "vmm": "Xen"
    },
    {
      "id": 3,
      "host_id": 0,
      "cpu_speed_mips": 1205,
      "memory_mb": 60416,
      "cpu_cores": 40,
      "disk_mb": 1024,
      "bandwidth_mbps": 50,
      "vmm": "Xen"
    },
    {
      "id": 4,
      "host_id": 3,
      "cpu_speed_mips": 3099,
      "memory_mb": 105472,
      "cpu_cores": 16,
      "disk_mb": 1024,
      "bandwidth_mbps": 50,
      "vmm": "Xen"
    },
    {
      "id": 5,
      "host_id": 2,
      "cpu_speed_mips": 2722,
      "memory_mb": 90112,
      "cpu_cores": 16,
      "disk_mb": 1024,
      "bandwidth_mbps": 50,
      "vmm": "Xen"
    },
    {
      "id": 6,
      "host_id": 1,
      "cpu_speed_mips": 3397,
      "memory_mb": 91136,
      "cpu_cores": 56,
      "disk_mb": 1024,
      "bandwidth_mbps": 50,
      "vmm": "Xen"
    },
    {
      "id": 7,
      "host_id": 0,
      "cpu_speed_mips": 1037,
      "memory_mb": 38912,
      "cpu_cores": 40,
      "disk_mb": 1024,
      "bandwidth_mbps": 50,
      "vmm": "Xen"
    },
    {
      "id": 8,
      "host_id": 3,
      "cpu_speed_mips": 2663,
      "memory_mb": 79872,
      "cpu_cores": 16,
      "disk_mb": 1024,
      "bandwidth_mbps": 50,
      "vmm": "Xen"
    },
    {
      "id": 9,
      "host_id": 2,
      "cpu_speed_mips": 2546,
      "memory_mb": 82944,
      "cpu_cores": 16,
      "disk_mb": 1024,
      "bandwidth_mbps": 50,
      "vmm": "Xen"
    },
    {
      "id": 10,
      "host_id": 1,
      "cpu_speed_mips": 2996,
      "memory_mb": 81920,
      "cpu_cores": 56,
      "disk_mb": 1024,
      "bandwidth_mbps": 50,
      "vmm": "Xen"
    },
    {
      "id": 11,
      "host_id": 0,
      "cpu_speed_mips": 599,
      "memory_mb": 84992,
      "cpu_cores": 40,
      "disk_mb": 1024,
      "bandwidth_mbps": 50,
      "vmm": "Xen"
    }
  ],
  "hosts": [
    {
      "id": 0,
      "cores": 40,
      "cpu_speed_mips": 512000,
      "power_idle_watt": 85,
      "power_peak_watt": 450,
      "memory_mb": 131072,
      "disk_mb": 12000000,
      "bandwidth_mbps": 2048
    },
    {
      "id": 1,
      "cores": 56,
      "cpu_speed_mips": 604800,
      "power_idle_watt": 50,
      "power_peak_watt": 432,
      "memory_mb": 167936,
      "disk_mb": 10000000,
      "bandwidth_mbps": 1536
    },
    {
      "id": 2,
      "cores": 16,
      "cpu_speed_mips": 187712,
      "power_idle_watt": 116,
      "power_peak_watt": 475,
      "memory_mb": 49152,
      "disk_mb": 10000000,
      "bandwidth_mbps": 1024
    },
    {
      "id": 3,
      "cores": 16,
      "cpu_speed_mips": 187712,
      "power_idle_watt": 116,
      "power_peak_watt": 475,
      "memory_mb": 49152,
      "disk_mb": 10000000,
      "bandwidth_mbps": 1024
    }
  ]
}