{
  "workflows": [
    {
      "id": 0,
      "tasks": [
        {
          "id": 0,
          "workflow_id": 0,
          "length": 54461,
          "req_memory_mb": 38912,
          "req_cpu_cores": 18,
          "child_ids": [
            1,
            2,
            3,
            4,
            5,
            6,
            7,
            8,
            9,
            10,
            11,
            12,
            13,
            14,
            17,
            19,
            20,
            22,
            23,
            26,
            27
          ]
        },
        {
          "id": 1,
          "workflow_id": 0,
          "length": 57813,
          "req_memory_mb": 43008,
          "req_cpu_cores": 18,
          "child_ids": [
            28
          ]
        },
        {
          "id": 2,
          "workflow_id": 0,
          "length": 45016,
          "req_memory_mb": 36864,
          "req_cpu_cores": 30,
          "child_ids": []
        },
        {
          "id": 3,
          "workflow_id": 0,
          "length": 44158,
          "req_memory_mb": 30720,
          "req_cpu_cores": 32,
          "child_ids": []
        },
        {
          "id": 4,
          "workflow_id": 0,
          "length": 49232,
          "req_memory_mb": 16384,
          "req_cpu_cores": 2,
          "child_ids": []
        },
        {
          "id": 5,
          "workflow_id": 0,
          "length": 45857,
          "req_memory_mb": 56320,
          "req_cpu_cores": 14,
          "child_ids": []
        },
        {
          "id": 6,
          "workflow_id": 0,
          "length": 56300,
          "req_memory_mb": 71680,
          "req_cpu_cores": 9,
          "child_ids": [
            24
          ]
        },
        {
          "id": 7,
          "workflow_id": 0,
          "length": 52017,
          "req_memory_mb": 68608,
          "req_cpu_cores": 5,
          "child_ids": [
            24,
            18
          ]
        },
        {
          "id": 8,
          "workflow_id": 0,
          "length": 89757,
          "req_memory_mb": 10240,
          "req_cpu_cores": 23,
          "child_ids": []
        },
        {
          "id": 9,
          "workflow_id": 0,
          "length": 50507,
          "req_memory_mb": 8192,
          "req_cpu_cores": 14,
          "child_ids": []
        },
        {
          "id": 10,
          "workflow_id": 0,
          "length": 62315,
          "req_memory_mb": 19456,
          "req_cpu_cores": 21,
          "child_ids": []
        },
        {
          "id": 11,
          "workflow_id": 0,
          "length": 34158,
          "req_memory_mb": 32768,
          "req_cpu_cores": 11,
          "child_ids": []
        },
        {
          "id": 12,
          "workflow_id": 0,
          "length": 51682,
          "req_memory_mb": 7168,
          "req_cpu_cores": 2,
          "child_ids": [
            16,
            15
          ]
        },
        {
          "id": 13,
          "workflow_id": 0,
          "length": 56861,
          "req_memory_mb": 75776,
          "req_cpu_cores": 21,
          "child_ids": []
        },
        {
          "id": 14,
          "workflow_id": 0,
          "length": 43166,
          "req_memory_mb": 1024,
          "req_cpu_cores": 5,
          "child_ids": []
        },
        {
          "id": 15,
          "workflow_id": 0,
          "length": 39923,
          "req_memory_mb": 18432,
          "req_cpu_cores": 7,
          "child_ids": [
            21
          ]
        },
        {
          "id": 16,
          "workflow_id": 0,
          "length": 58144,
          "req_memory_mb": 71680,
          "req_cpu_cores": 16,
          "child_ids": []
        },
        {
          "id": 17,
          "workflow_id": 0,
          "length": 27583,
          "req_memory_mb": 44032,
          "req_cpu_cores": 27,
          "child_ids": []
        },
        {
          "id": 18,
          "workflow_id": 0,
          "length": 65134,
          "req_memory_mb": 40960,
          "req_cpu_cores": 2,
          "child_ids": [
            25
          ]
        },
        {
          "id": 19,
          "workflow_id": 0,
          "length": 50884,
          "req_memory_mb": 55296,
          "req_cpu_cores": 21,
          "child_ids": []
        },
        {
          "id": 20,
          "workflow_id": 0,
          "length": 56178,
          "req_memory_mb": 23552,
          "req_cpu_cores": 25,
          "child_ids": []
        },
        {
          "id": 21,
          "workflow_id": 0,
          "length": 62798,
          "req_memory_mb": 49152,
          "req_cpu_cores": 30,
          "child_ids": []
        },
        {
          "id": 22,
          "workflow_id": 0,
          "length": 32343,
          "req_memory_mb": 52224,
          "req_cpu_cores": 2,
          "child_ids": []
        },
        {
          "id": 23,
          "workflow_id": 0,
          "length": 55499,
          "req_memory_mb": 55296,
          "req_cpu_cores": 9,
          "child_ids": []
        },
        {
          "id": 24,
          "workflow_id": 0,
          "length": 54479,
          "req_memory_mb": 74752,
          "req_cpu_cores": 32,
          "child_ids": []
        },
        {
          "id": 25,
          "workflow_id": 0,
          "length": 56351,
          "req_memory_mb": 78848,
          "req_cpu_cores": 7,
          "child_ids": []
        },
        {
          "id": 26,
          "workflow_id": 0,
          "length": 50877,
          "req_memory_mb": 68608,
          "req_cpu_cores": 16,
          "child_ids": [
            28
          ]
        },
        {
          "id": 27,
          "workflow_id": 0,
          "length": 54465,
          "req_memory_mb": 3072,
          "req_cpu_cores": 18,
          "child_ids": []
        },
        {
          "id": 28,
          "workflow_id": 0,
          "length": 28149,
          "req_memory_mb": 70656,
          "req_cpu_cores": 23,
          "child_ids": []
        }
      ],
      "arrival_time": 0
    }
  ],
  "vms": [
    {
      "id": 0,
      "host_id": 3,
      "cpu_speed_mips": 1533,
      "memory_mb": 106496,
      "cpu_cores": 16,
      "disk_mb": 1024,
      "bandwidth_mbps": 50,
      "vmm": "Xen"
    },
    {
      "id": 1,
      "host_id": 2,
      "cpu_speed_mips": 4873,
      "memory_mb": 86016,
      "cpu_cores": 16,
      "disk_mb": 1024,
      "bandwidth_mbps": 50,
      "vmm": "Xen"
    },
    {
      "id": 2,
      "host_id": 1,
      "cpu_speed_mips": 3968,
      "memory_mb": 117760,
      "cpu_cores": 56,
      "disk_mb": 1024,
      "bandwidth_mbps": 50,
      "vmm": "Xen"
    },
    {
      "id": 3,
      "host_id": 0,
      "cpu_speed_mips": 1205,
      "memory_mb": 60416,
      "cpu_cores": 40,
      "disk_mb": 1024,
      "bandwidth_mbps": 50,
      "vmm": "Xen"
    },
    {
      "id": 4,
      "host_id": 3,
      "cpu_speed_mips": 3099,
      "memory_mb": 105472,
      "cpu_cores": 16,
      "disk_mb": 1024,
      "bandwidth_mbps": 50,
      "vmm": "Xen"
    },
    {
      "id": 5,
      "host_id": 2,
      "cpu_speed_mips": 2722,
      "memory_mb": 90112,
      "cpu_cores": 16,
      "disk_mb": 1024,
      "bandwidth_mbps": 50,
      "vmm": "Xen"
    },
    {
      "id": 6,
      "host_id": 1,
      "cpu_speed_mips": 3397,
      "memory_mb": 91136,
      "cpu_cores": 56,
      "disk_mb": 1024,
      "bandwidth_mbps": 50,
      "vmm": "Xen"
    },
    {
      "id": 7,
      "host_id": 0,
      "cpu_speed_mips": 1037,
      "memory_mb": 38912,
      "cpu_cores": 40,
      "disk_mb": 1024,
      "bandwidth_mbps": 50,
      "vmm": "Xen"
    },
    {
      "id": 8,
      "host_id": 3,
      "cpu_speed_mips": 2663,
      "memory_mb": 79872,
      "cpu_cores": 16,
      "disk_mb": 1024,
      "bandwidth_mbps": 50,
      "vmm": "Xen"
    },
    {
      "id": 9,
      "host_id": 2,
      "cpu_speed_mips": 2546,
      "memory_mb": 82944,
      "cpu_cores": 16,
      "disk_mb": 1024,
      "bandwidth_mbps": 50,
      "vmm": "Xen"
    },
    {
      "id": 10,
      "host_id": 1,
      "cpu_speed_mips": 2996,
      "memory_mb": 81920,
      "cpu_cores": 56,
      "disk_mb": 1024,
      "bandwidth_mbps": 50,
      "vmm": "Xen"
    },
    {
      "id": 11,
      "host_id": 0,
      "cpu_speed_mips": 599,
      "memory_mb": 84992,
      "cpu_cores": 40,
      "disk_mb": 1024,
      "bandwidth_mbps": 50,
      "vmm": "Xen"
    }
  ],
  "hosts": [
    {
      "id": 0,
      "cores": 40,
      "cpu_speed_mips": 512000,
      "power_idle_watt": 85,
      "power_peak_watt": 450,
      "memory_mb": 131072,
      "disk_mb": 12000000,
      "bandwidth_mbps": 2048
    },
    {
      "id": 1,
      "cores": 56,
      "cpu_speed_mips": 604800,
      "power_idle_watt": 50,
      "power_peak_watt": 432,
      "memory_mb": 167936,
      "disk_mb": 10000000,
      "bandwidth_mbps": 1536
    },
    {
      "id": 2,
      "cores": 16,
      "cpu_speed_mips": 187712,
      "power_idle_watt": 116,
      "power_peak_watt": 475,
      "memory_mb": 49152,
      "disk_mb": 10000000,
      "bandwidth_mbps": 1024
    },
    {
      "id": 3,
      "cores": 16,
      "cpu_speed_mips": 187712,
      "power_idle_watt": 116,
      "power_peak_watt": 475,
      "memory_mb": 49152,
      "disk_mb": 10000000,
      "bandwidth_mbps": 1024
    }
  ]
}