{
  "workflows": [
    {
      "id": 0,
      "tasks": [
        {
          "id": 0,
          "workflow_id": 0,
          "length": 39838,
          "req_memory_mb": 77824,
          "req_cpu_cores": 25,
          "child_ids": [
            1,
            2,
            3,
            5,
            8,
            9,
            11,
            12,
            15,
            16,
            19,
            20,
            21,
            22,
            24,
            26,
            27,
            29
          ]
        },
        {
          "id": 1,
          "workflow_id": 0,
          "length": 50330,
          "req_memory_mb": 72704,
          "req_cpu_cores": 17,
          "child_ids": []
        },
        {
          "id": 2,
          "workflow_id": 0,
          "length": 73769,
          "req_memory_mb": 24576,
          "req_cpu_cores": 20,
          "child_ids": [
            4
          ]
        },
        {
          "id": 3,
          "workflow_id": 0,
          "length": 39534,
          "req_memory_mb": 17408,
          "req_cpu_cores": 20,
          "child_ids": [
            25
          ]
        },
        {
          "id": 4,
          "workflow_id": 0,
          "length": 60906,
          "req_memory_mb": 53248,
          "req_cpu_cores": 3,
          "child_ids": [
            6,
            14
          ]
        },
        {
          "id": 5,
          "workflow_id": 0,
          "length": 68757,
          "req_memory_mb": 16384,
          "req_cpu_cores": 25,
          "child_ids": [
            7
          ]
        },
        {
          "id": 6,
          "workflow_id": 0,
          "length": 55603,
          "req_memory_mb": 22528,
          "req_cpu_cores": 23,
          "child_ids": []
        },
        {
          "id": 7,
          "workflow_id": 0,
          "length": 54232,
          "req_memory_mb": 83968,
          "req_cpu_cores": 14,
          "child_ids": [
            10,
            23
          ]
        },
        {
          "id": 8,
          "workflow_id": 0,
          "length": 19321,
          "req_memory_mb": 29696,
          "req_cpu_cores": 3,
          "child_ids": [
            10,
            18
          ]
        },
        {
          "id": 9,
          "workflow_id": 0,
          "length": 67228,
          "req_memory_mb": 50176,
          "req_cpu_cores": 28,
          "child_ids": []
        },
        {
          "id": 10,
          "workflow_id": 0,
          "length": 28429,
          "req_memory_mb": 74752,
          "req_cpu_cores": 23,
          "child_ids": [
            13
          ]
        },
        {
          "id": 11,
          "workflow_id": 0,
          "length": 55048,
          "req_memory_mb": 75776,
          "req_cpu_cores": 8,
          "child_ids": [
            25
          ]
        },
        {
          "id": 12,
          "workflow_id": 0,
          "length": 45286,
          "req_memory_mb": 72704,
          "req_cpu_cores": 25,
          "child_ids": []
        },
        {
          "id": 13,
          "workflow_id": 0,
          "length": 48483,
          "req_memory_mb": 24576,
          "req_cpu_cores": 20,
          "child_ids": []
        },
        {
          "id": 14,
          "workflow_id": 0,
          "length": 81071,
          "req_memory_mb": 91136,
          "req_cpu_cores": 40,
          "child_ids": [
            17,
            23
          ]
        },
        {
          "id": 15,
          "workflow_id": 0,
          "length": 33931,
          "req_memory_mb": 47104,
          "req_cpu_cores": 28,
          "child_ids": []
        },
        {
          "id": 16,
          "workflow_id": 0,
          "length": 29595,
          "req_memory_mb": 84992,
          "req_cpu_cores": 20,
          "child_ids": []
        },
        {
          "id": 17,
          "workflow_id": 0,
          "length": 74922,
          "req_memory_mb": 56320,
          "req_cpu_cores": 8,
          "child_ids": []
        },
        {
          "id": 18,
          "workflow_id": 0,
          "length": 55526,
          "req_memory_mb": 82944,
          "req_cpu_cores": 8,
          "child_ids": []
        },
        {
          "id": 19,
          "workflow_id": 0,
          "length": 38283,
          "req_memory_mb": 56320,
          "req_cpu_cores": 28,
          "child_ids": []
        },
        {
          "id": 20,
          "workflow_id": 0,
          "length": 52928,
          "req_memory_mb": 72704,
          "req_cpu_cores": 31,
          "child_ids": []
        },
        {
          "id": 21,
          "workflow_id": 0,
          "length": 41234,
          "req_memory_mb": 77824,
          "req_cpu_cores": 11,
          "child_ids": []
        },
        {
          "id": 22,
          "workflow_id": 0,
          "length": 47065,
          "req_memory_mb": 38912,
          "req_cpu_cores": 20,
          "child_ids": []
        },
        {
          "id": 23,
          "workflow_id": 0,
          "length": 37182,
          "req_memory_mb": 45056,
          "req_cpu_cores": 25,
          "child_ids": []
        },
        {
          "id": 24,
          "workflow_id": 0,
          "length": 46883,
          "req_memory_mb": 53248,
          "req_cpu_cores": 25,
          "child_ids": []
        },
        {
          "id": 25,
          "workflow_id": 0,
          "length": 59075,
          "req_memory_mb": 6144,
          "req_cpu_cores": 25,
          "child_ids": [
            28
          ]
        },
        {
          "id": 26,
          "workflow_id": 0,
          "length": 40058,
          "req_memory_mb": 71680,
          "req_cpu_cores": 25,
          "child_ids": []
        },
        {
          "id": 27,
          "workflow_id": 0,
          "length": 37547,
          "req_memory_mb": 44032,
          "req_cpu_cores": 14,
          "child_ids": []
        },
        {
          "id": 28,
          "workflow_id": 0,
          "length": 60866,
          "req_memory_mb": 56320,
          "req_cpu_cores": 8,
          "child_ids": []
        },
        {
          "id": 29,
          "workflow_id": 0,
          "length": 40379,
          "req_memory_mb": 7168,
          "req_cpu_cores": 20,
          "child_ids": []
        }
      ],
      "arrival_time": 0
    }
  ],
  "vms": [
    {
      "id": 0,
      "host_id": 3,
      "cpu_speed_mips": 1533,
      "memory_mb": 106496,
      "cpu_cores": 16,
      "disk_mb": 1024,
      "bandwidth_mbps": 50,
      "vmm": "Xen"
    },
    {
      "id": 1,
      "host_id": 2,
      "cpu_speed_mips": 4873,
      "memory_mb": 86016,
      "cpu_cores": 16,
      "disk_mb": 1024,
      "bandwidth_mbps": 50,
      "vmm": "Xen"
    },
    {
      "id": 2,
      "host_id": 1,
      "cpu_speed_mips": 3968,
      "memory_mb": 117760,
      "cpu_cores": 56,
      "disk_mb": 1024,
      "bandwidth_mbps": 50,
      "vmm": "Xen"
    },
    {
      "id": 3,
      "host_id": 0,
      "cpu_speed_mips": 1205,
      "memory_mb": 60416,
      "cpu_cores": 40,
      "disk_mb": 1024,
      "bandwidth_mbps": 50,
      "vmm": "Xen"
    },
    {
      "id": 4,
      "host_id": 3,
      "cpu_speed_mips": 3099,
      "memory_mb": 105472,
      "cpu_cores": 16,
      "disk_mb": 1024,
      "bandwidth_mbps": 50,
      "vmm": "Xen"
    },
    {
      "id": 5,
      "host_id": 2,
      "cpu_speed_mips": 2722,
      "memory_mb": 90112,
      "cpu_cores": 16,
      "disk_mb": 1024,
      "bandwidth_mbps": 50,
      "vmm": "Xen"
    },
    {
      "id": 6,
      "host_id": 1,
      "cpu_speed_mips": 3397,
      "memory_mb": 91136,
      "cpu_cores": 56,
      "disk_mb": 1024,
      "bandwidth_mbps": 50,
      "vmm": "Xen"
    },
    {
      "id": 7,
      "host_id": 0,
      "cpu_speed_mips": 1037,
      "memory_mb": 38912,
      "cpu_cores": 40,
      "disk_mb": 1024,
      "bandwidth_mbps": 50,
      "vmm": "Xen"
    },
    {
      "id": 8,
      "host_id": 3,
      "cpu_speed_mips": 2663,
      "memory_mb": 79872,
      "cpu_cores": 16,
      "disk_mb": 1024,
      "bandwidth_mbps": 50,
      "vmm": "Xen"
    },
    {
      "id": 9,
      "host_id": 2,
      "cpu_speed_mips": 2546,
      "memory_mb": 82944,
      "cpu_cores": 16,
      "disk_mb": 1024,
      "bandwidth_mbps": 50,
      "vmm": "Xen"
    },
    {
      "id": 10,
      "host_id": 1,
      "cpu_speed_mips": 2996,
      "memory_mb": 81920,
      "cpu_cores": 56,
      "disk_mb": 1024,
      "bandwidth_mbps": 50,
      "vmm": "Xen"
    },
    {
      "id": 11,
      "host_id": 0,
      "cpu_speed_mips": 599,
      "memory_mb": 84992,
      "cpu_cores": 40,
      "disk_mb": 1024,
      "bandwidth_mbps": 50,
      "vmm": "Xen"
    }
  ],
  "hosts": [
    {
      "id": 0,
      "cores": 40,
      "cpu_speed_mips": 512000,
      "power_idle_watt": 85,
      "power_peak_watt": 450,
      "memory_mb": 131072,
      "disk_mb": 12000000,
      "bandwidth_mbps": 2048
    },
    {
      "id": 1,
      "cores": 56,
      "cpu_speed_mips": 604800,
      "power_idle_watt": 50,
      "power_peak_watt": 432,
      "memory_mb": 167936,
      "disk_mb": 10000000,
      "bandwidth_mbps": 1536
    },
    {
      "id": 2,
      "cores": 16,
      "cpu_speed_mips": 187712,
      "power_idle_watt": 116,
      "power_peak_watt": 475,
      "memory_mb": 49152,
      "disk_mb": 10000000,
      "bandwidth_mbps": 1024
    },
    {
      "id": 3,
      "cores": 16,
      "cpu_speed_mips": 187712,
      "power_idle_watt": 116,
      "power_peak_watt": 475,
      "memory_mb": 49152,
      "disk_mb": 10000000,
      "bandwidth_mbps": 1024
    }
  ]
}