{
  "workflows": [
    {
      "id": 0,
      "tasks": [
        {
          "id": 0,
          "workflow_id": 0,
          "length": 45378,
          "req_memory_mb": 32768,
          "req_cpu_cores": 42,
          "child_ids": [
            1,
            2,
            3,
            4,
            5,
            6,
            7,
            9,
            10,
            14,
            16,
            17,
            20,
            21,
            22,
            23
          ]
        },
        {
          "id": 1,
          "workflow_id": 0,
          "length": 55787,
          "req_memory_mb": 39936,
          "req_cpu_cores": 42,
          "child_ids": [
            18
          ]
        },
        {
          "id": 2,
          "workflow_id": 0,
          "length": 40090,
          "req_memory_mb": 57344,
          "req_cpu_cores": 18,
          "child_ids": [
            13
          ]
        },
        {
          "id": 3,
          "workflow_id": 0,
          "length": 64423,
          "req_memory_mb": 95232,
          "req_cpu_cores": 33,
          "child_ids": [
            11
          ]
        },
        {
          "id": 4,
          "workflow_id": 0,
          "length": 50911,
          "req_memory_mb": 98304,
          "req_cpu_cores": 24,
          "child_ids": [
            13,
            15
          ]
        },
        {
          "id": 5,
          "workflow_id": 0,
          "length": 51031,
          "req_memory_mb": 64512,
          "req_cpu_cores": 15,
          "child_ids": []
        },
        {
          "id": 6,
          "workflow_id": 0,
          "length": 27039,
          "req_memory_mb": 91136,
          "req_cpu_cores": 15,
          "child_ids": [
            15
          ]
        },
        {
          "id": 7,
          "workflow_id": 0,
          "length": 51993,
          "req_memory_mb": 64512,
          "req_cpu_cores": 27,
          "child_ids": [
            8
          ]
        },
        {
          "id": 8,
          "workflow_id": 0,
          "length": 40538,
          "req_memory_mb": 53248,
          "req_cpu_cores": 6,
          "child_ids": [
            24
          ]
        },
        {
          "id": 9,
          "workflow_id": 0,
          "length": 8185,
          "req_memory_mb": 104448,
          "req_cpu_cores": 24,
          "child_ids": []
        },
        {
          "id": 10,
          "workflow_id": 0,
          "length": 34161,
          "req_memory_mb": 25600,
          "req_cpu_cores": 42,
          "child_ids": [
            27
          ]
        },
        {
          "id": 11,
          "workflow_id": 0,
          "length": 73889,
          "req_memory_mb": 2048,
          "req_cpu_cores": 3,
          "child_ids": [
            25,
            12
          ]
        },
        {
          "id": 12,
          "workflow_id": 0,
          "length": 53640,
          "req_memory_mb": 11264,
          "req_cpu_cores": 18,
          "child_ids": []
        },
        {
          "id": 13,
          "workflow_id": 0,
          "length": 66175,
          "req_memory_mb": 36864,
          "req_cpu_cores": 21,
          "child_ids": []
        },
        {
          "id": 14,
          "workflow_id": 0,
          "length": 58081,
          "req_memory_mb": 16384,
          "req_cpu_cores": 42,
          "child_ids": [
            19
          ]
        },
        {
          "id": 15,
          "workflow_id": 0,
          "length": 47254,
          "req_memory_mb": 97280,
          "req_cpu_cores": 39,
          "child_ids": []
        },
        {
          "id": 16,
          "workflow_id": 0,
          "length": 58533,
          "req_memory_mb": 58368,
          "req_cpu_cores": 30,
          "child_ids": [
            18
          ]
        },
        {
          "id": 17,
          "workflow_id": 0,
          "length": 35193,
          "req_memory_mb": 48128,
          "req_cpu_cores": 24,
          "child_ids": []
        },
        {
          "id": 18,
          "workflow_id": 0,
          "length": 51121,
          "req_memory_mb": 101376,
          "req_cpu_cores": 21,
          "child_ids": []
        },
        {
          "id": 19,
          "workflow_id": 0,
          "length": 44375,
          "req_memory_mb": 94208,
          "req_cpu_cores": 3,
          "child_ids": []
        },
        {
          "id": 20,
          "workflow_id": 0,
          "length": 37138,
          "req_memory_mb": 75776,
          "req_cpu_cores": 15,
          "child_ids": []
        },
        {
          "id": 21,
          "workflow_id": 0,
          "length": 9460,
          "req_memory_mb": 71680,
          "req_cpu_cores": 15,
          "child_ids": []
        },
        {
          "id": 22,
          "workflow_id": 0,
          "length": 56161,
          "req_memory_mb": 16384,
          "req_cpu_cores": 21,
          "child_ids": []
        },
        {
          "id": 23,
          "workflow_id": 0,
          "length": 56742,
          "req_memory_mb": 97280,
          "req_cpu_cores": 24,
          "child_ids": [
            27
          ]
        },
        {
          "id": 24,
          "workflow_id": 0,
          "length": 34811,
          "req_memory_mb": 62464,
          "req_cpu_cores": 30,
          "child_ids": []
        },
        {
          "id": 25,
          "workflow_id": 0,
          "length": 38526,
          "req_memory_mb": 77824,
          "req_cpu_cores": 6,
          "child_ids": [
            26
          ]
        },
        {
          "id": 26,
          "workflow_id": 0,
          "length": 64569,
          "req_memory_mb": 6144,
          "req_cpu_cores": 18,
          "child_ids": [
            28
          ]
        },
        {
          "id": 27,
          "workflow_id": 0,
          "length": 72759,
          "req_memory_mb": 49152,
          "req_cpu_cores": 3,
          "child_ids": []
        },
        {
          "id": 28,
          "workflow_id": 0,
          "length": 40469,
          "req_memory_mb": 10240,
          "req_cpu_cores": 3,
          "child_ids": []
        }
      ],
      "arrival_time": 0
    }
  ],
  "vms": [
    {
      "id": 0,
      "host_id": 3,
      "cpu_speed_mips": 1533,
      "memory_mb": 106496,
      "cpu_cores": 16,
      "disk_mb": 1024,
      "bandwidth_mbps": 50,
      "vmm": "Xen"
    },
    {
      "id": 1,
      "host_id": 2,
      "cpu_speed_mips": 4873,
      "memory_mb": 86016,
      "cpu_cores": 16,
      "disk_mb": 1024,
      "bandwidth_mbps": 50,
      "vmm": "Xen"
    },
    {
      "id": 2,
      "host_id": 1,
      "cpu_speed_mips": 3968,
      "memory_mb": 117760,
      "cpu_cores": 56,
      "disk_mb": 1024,
      "bandwidth_mbps": 50,
      "vmm": "Xen"
    },
    {
      "id": 3,
      "host_id": 0,
      "cpu_speed_mips": 1205,
      "memory_mb": 60416,
      "cpu_cores": 40,
      "disk_mb": 1024,
      "bandwidth_mbps": 50,
      "vmm": "Xen"
    },
    {
      "id": 4,
      "host_id": 3,
      "cpu_speed_mips": 3099,
      "memory_mb": 105472,
      "cpu_cores": 16,
      "disk_mb": 1024,
      "bandwidth_mbps": 50,
      "vmm": "Xen"
    },
    {
      "id": 5,
      "host_id": 2,
      "cpu_speed_mips": 2722,
      "memory_mb": 90112,
      "cpu_cores": 16,
      "disk_mb": 1024,
      "bandwidth_mbps": 50,
      "vmm": "Xen"
    },
    {
      "id": 6,
      "host_id": 1,
      "cpu_speed_mips": 3397,
      "memory_mb": 91136,
      "cpu_cores": 56,
      "disk_mb": 1024,
      "bandwidth_mbps": 50,
      "vmm": "Xen"
    },
    {
      "id": 7,
      "host_id": 0,
      "cpu_speed_mips": 1037,
      "memory_mb": 38912,
      "cpu_cores": 40,
      "disk_mb": 1024,
      "bandwidth_mbps": 50,
      "vmm": "Xen"
    },
    {
      "id": 8,
      "host_id": 3,
      "cpu_speed_mips": 2663,
      "memory_mb": 79872,
      "cpu_cores": 16,
      "disk_mb": 1024,
      "bandwidth_mbps": 50,
      "vmm": "Xen"
    },
    {
      "id": 9,
      "host_id": 2,
      "cpu_speed_mips": 2546,
      "memory_mb": 82944,
      "cpu_cores": 16,
      "disk_mb": 1024,
      "bandwidth_mbps": 50,
      "vmm": "Xen"
    },
    {
      "id": 10,
      "host_id": 1,
      "cpu_speed_mips": 2996,
      "memory_mb": 81920,
      "cpu_cores": 56,
      "disk_mb": 1024,
      "bandwidth_mbps": 50,
      "vmm": "Xen"
    },
    {
      "id": 11,
      "host_id": 0,
      "cpu_speed_mips": 599,
      "memory_mb": 84992,
      "cpu_cores": 40,
      "disk_mb": 1024,
      "bandwidth_mbps": 50,
      "vmm": "Xen"
    }
  ],
  "hosts": [
    {
      "id": 0,
      "cores": 40,
      "cpu_speed_mips": 512000,
      "power_idle_watt": 85,
      "power_peak_watt": 450,
      "memory_mb": 131072,
      "disk_mb": 12000000,
      "bandwidth_mbps": 2048
    },
    {
      "id": 1,
      "cores": 56,
      "cpu_speed_mips": 604800,
      "power_idle_watt": 50,
      "power_peak_watt": 432,
      "memory_mb": 167936,
      "disk_mb": 10000000,
      "bandwidth_mbps": 1536
    },
    {
      "id": 2,
      "cores": 16,
      "cpu_speed_mips": 187712,
      "power_idle_watt": 116,
      "power_peak_watt": 475,
      "memory_mb": 49152,
      "disk_mb": 10000000,
      "bandwidth_mbps": 1024
    },
    {
      "id": 3,
      "cores": 16,
      "cpu_speed_mips": 187712,
      "power_idle_watt": 116,
      "power_peak_watt": 475,
      "memory_mb": 49152,
      "disk_mb": 10000000,
      "bandwidth_mbps": 1024
    }
  ]
}