{
  "workflows": [
    {
      "id": 0,
      "tasks": [
        {
          "id": 0,
          "workflow_id": 0,
          "length": 30157,
          "req_memory_mb": 50176,
          "req_cpu_cores": 37,
          "child_ids": [
            1,
            2,
            3,
            4,
            5,
            6,
            8,
            10,
            11,
            12,
            13,
            14,
            15,
            28
          ]
        },
        {
          "id": 1,
          "workflow_id": 0,
          "length": 51059,
          "req_memory_mb": 40960,
          "req_cpu_cores": 24,
          "child_ids": [
            17,
            29
          ]
        },
        {
          "id": 2,
          "workflow_id": 0,
          "length": 43747,
          "req_memory_mb": 62464,
          "req_cpu_cores": 29,
          "child_ids": []
        },
        {
          "id": 3,
          "workflow_id": 0,
          "length": 47146,
          "req_memory_mb": 97280,
          "req_cpu_cores": 26,
          "child_ids": [
            24,
            27,
            22
          ]
        },
        {
          "id": 4,
          "workflow_id": 0,
          "length": 36340,
          "req_memory_mb": 74752,
          "req_cpu_cores": 21,
          "child_ids": []
        },
        {
          "id": 5,
          "workflow_id": 0,
          "length": 10125,
          "req_memory_mb": 45056,
          "req_cpu_cores": 2,
          "child_ids": [
            7
          ]
        },
        {
          "id": 6,
          "workflow_id": 0,
          "length": 35971,
          "req_memory_mb": 16384,
          "req_cpu_cores": 8,
          "child_ids": [
            16,
            9,
            18
          ]
        },
        {
          "id": 7,
          "workflow_id": 0,
          "length": 72843,
          "req_memory_mb": 15360,
          "req_cpu_cores": 8,
          "child_ids": []
        },
        {
          "id": 8,
          "workflow_id": 0,
          "length": 37101,
          "req_memory_mb": 97280,
          "req_cpu_cores": 31,
          "child_ids": [
            25
          ]
        },
        {
          "id": 9,
          "workflow_id": 0,
          "length": 70667,
          "req_memory_mb": 24576,
          "req_cpu_cores": 11,
          "child_ids": []
        },
        {
          "id": 10,
          "workflow_id": 0,
          "length": 39725,
          "req_memory_mb": 97280,
          "req_cpu_cores": 2,
          "child_ids": [
            16
          ]
        },
        {
          "id": 11,
          "workflow_id": 0,
          "length": 24631,
          "req_memory_mb": 10240,
          "req_cpu_cores": 19,
          "child_ids": [
            24,
            26,
            19
          ]
        },
        {
          "id": 12,
          "workflow_id": 0,
          "length": 56924,
          "req_memory_mb": 7168,
          "req_cpu_cores": 35,
          "child_ids": []
        },
        {
          "id": 13,
          "workflow_id": 0,
          "length": 55855,
          "req_memory_mb": 72704,
          "req_cpu_cores": 32,
          "child_ids": [
            23
          ]
        },
        {
          "id": 14,
          "workflow_id": 0,
          "length": 34999,
          "req_memory_mb": 97280,
          "req_cpu_cores": 22,
          "child_ids": []
        },
        {
          "id": 15,
          "workflow_id": 0,
          "length": 47827,
          "req_memory_mb": 3072,
          "req_cpu_cores": 8,
          "child_ids": [
            18
          ]
        },
        {
          "id": 16,
          "workflow_id": 0,
          "length": 49286,
          "req_memory_mb": 40960,
          "req_cpu_cores": 29,
          "child_ids": [
            20
          ]
        },
        {
          "id": 17,
          "workflow_id": 0,
          "length": 38825,
          "req_memory_mb": 38912,
          "req_cpu_cores": 26,
          "child_ids": [
            21
          ]
        },
        {
          "id": 18,
          "workflow_id": 0,
          "length": 47577,
          "req_memory_mb": 33792,
          "req_cpu_cores": 16,
          "child_ids": []
        },
        {
          "id": 19,
          "workflow_id": 0,
          "length": 60073,
          "req_memory_mb": 50176,
          "req_cpu_cores": 35,
          "child_ids": []
        },
        {
          "id": 20,
          "workflow_id": 0,
          "length": 31221,
          "req_memory_mb": 94208,
          "req_cpu_cores": 37,
          "child_ids": []
        },
        {
          "id": 21,
          "workflow_id": 0,
          "length": 36604,
          "req_memory_mb": 97280,
          "req_cpu_cores": 5,
          "child_ids": []
        },
        {
          "id": 22,
          "workflow_id": 0,
          "length": 54249,
          "req_memory_mb": 19456,
          "req_cpu_cores": 11,
          "child_ids": []
        },
        {
          "id": 23,
          "workflow_id": 0,
          "length": 40137,
          "req_memory_mb": 67584,
          "req_cpu_cores": 11,
          "child_ids": []
        },
        {
          "id": 24,
          "workflow_id": 0,
          "length": 82094,
          "req_memory_mb": 1024,
          "req_cpu_cores": 8,
          "child_ids": []
        },
        {
          "id": 25,
          "workflow_id": 0,
          "length": 42024,
          "req_memory_mb": 24576,
          "req_cpu_cores": 16,
          "child_ids": []
        },
        {
          "id": 26,
          "workflow_id": 0,
          "length": 59904,
          "req_memory_mb": 7168,
          "req_cpu_cores": 19,
          "child_ids": []
        },
        {
          "id": 27,
          "workflow_id": 0,
          "length": 56314,
          "req_memory_mb": 35840,
          "req_cpu_cores": 2,
          "child_ids": []
        },
        {
          "id": 28,
          "workflow_id": 0,
          "length": 72108,
          "req_memory_mb": 97280,
          "req_cpu_cores": 31,
          "child_ids": [
            29
          ]
        },
        {
          "id": 29,
          "workflow_id": 0,
          "length": 60934,
          "req_memory_mb": 97280,
          "req_cpu_cores": 16,
          "child_ids": []
        }
      ],
      "arrival_time": 0
    }
  ],
  "vms": [
    {
      "id": 0,
      "host_id": 3,
      "cpu_speed_mips": 1533,
      "memory_mb": 106496,
      "cpu_cores": 16,
      "disk_mb": 1024,
      "bandwidth_mbps": 50,
      "vmm": "Xen"
    },
    {
      "id": 1,
      "host_id": 2,
      "cpu_speed_mips": 4873,
      "memory_mb": 86016,
      "cpu_cores": 16,
      "disk_mb": 1024,
      "bandwidth_mbps": 50,
      "vmm": "Xen"
    },
    {
      "id": 2,
      "host_id": 1,
      "cpu_speed_mips": 3968,
      "memory_mb": 117760,
      "cpu_cores": 56,
      "disk_mb": 1024,
      "bandwidth_mbps": 50,
      "vmm": "Xen"
    },
    {
      "id": 3,
      "host_id": 0,
      "cpu_speed_mips": 1205,
      "memory_mb": 60416,
      "cpu_cores": 40,
      "disk_mb": 1024,
      "bandwidth_mbps": 50,
      "vmm": "Xen"
    },
    {
      "id": 4,
      "host_id": 3,
      "cpu_speed_mips": 3099,
      "memory_mb": 105472,
      "cpu_cores": 16,
      "disk_mb": 1024,
      "bandwidth_mbps": 50,
      "vmm": "Xen"
    },
    {
      "id": 5,
      "host_id": 2,
      "cpu_speed_mips": 2722,
      "memory_mb": 90112,
      "cpu_cores": 16,
      "disk_mb": 1024,
      "bandwidth_mbps": 50,
      "vmm": "Xen"
    },
    {
      "id": 6,
      "host_id": 1,
      "cpu_speed_mips": 3397,
      "memory_mb": 91136,
      "cpu_cores": 56,
      "disk_mb": 1024,
      "bandwidth_mbps": 50,
      "vmm": "Xen"
    },
    {
      "id": 7,
      "host_id": 0,
      "cpu_speed_mips": 1037,
      "memory_mb": 38912,
      "cpu_cores": 40,
      "disk_mb": 1024,
      "bandwidth_mbps": 50,
      "vmm": "Xen"
    },
    {
      "id": 8,
      "host_id": 3,
      "cpu_speed_mips": 2663,
      "memory_mb": 79872,
      "cpu_cores": 16,
      "disk_mb": 1024,
      "bandwidth_mbps": 50,
      "vmm": "Xen"
    },
    {
      "id": 9,
      "host_id": 2,
      "cpu_speed_mips": 2546,
      "memory_mb": 82944,
      "cpu_cores": 16,
      "disk_mb": 1024,
      "bandwidth_mbps": 50,
      "vmm": "Xen"
    },
    {
      "id": 10,
      "host_id": 1,
      "cpu_speed_mips": 2996,
      "memory_mb": 81920,
      "cpu_cores": 56,
      "disk_mb": 1024,
      "bandwidth_mbps": 50,
      "vmm": "Xen"
    },
    {
      "id": 11,
      "host_id": 0,
      "cpu_speed_mips": 599,
      "memory_mb": 84992,
      "cpu_cores": 40,
      "disk_mb": 1024,
      "bandwidth_mbps": 50,
      "vmm": "Xen"
    }
  ],
  "hosts": [
    {
      "id": 0,
      "cores": 40,
      "cpu_speed_mips": 512000,
      "power_idle_watt": 85,
      "power_peak_watt": 450,
      "memory_mb": 131072,
      "disk_mb": 12000000,
      "bandwidth_mbps": 2048
    },
    {
      "id": 1,
      "cores": 56,
      "cpu_speed_mips": 604800,
      "power_idle_watt": 50,
      "power_peak_watt": 432,
      "memory_mb": 167936,
      "disk_mb": 10000000,
      "bandwidth_mbps": 1536
    },
    {
      "id": 2,
      "cores": 16,
      "cpu_speed_mips": 187712,
      "power_idle_watt": 116,
      "power_peak_watt": 475,
      "memory_mb": 49152,
      "disk_mb": 10000000,
      "bandwidth_mbps": 1024
    },
    {
      "id": 3,
      "cores": 16,
      "cpu_speed_mips": 187712,
      "power_idle_watt": 116,
      "power_peak_watt": 475,
      "memory_mb": 49152,
      "disk_mb": 10000000,
      "bandwidth_mbps": 1024
    }
  ]
}