{"workflows": [{"id": 0, "tasks": [{"id": 0, "workflow_id": 0, "length": 63636, "req_memory_mb": 23552, "req_cpu_cores": 3, "child_ids": [1, 2, 3, 4, 5, 6, 7, 8, 10, 12, 13, 14, 15, 17, 18, 19, 21, 22, 24, 25]}, {"id": 1, "workflow_id": 0, "length": 38272, "req_memory_mb": 15360, "req_cpu_cores": 8, "child_ids": [20]}, {"id": 2, "workflow_id": 0, "length": 28102, "req_memory_mb": 39936, "req_cpu_cores": 7, "child_ids": [11]}, {"id": 3, "workflow_id": 0, "length": 51315, "req_memory_mb": 93184, "req_cpu_cores": 7, "child_ids": [21, 24, 25, 27]}, {"id": 4, "workflow_id": 0, "length": 85957, "req_memory_mb": 36864, "req_cpu_cores": 4, "child_ids": [14, 24]}, {"id": 5, "workflow_id": 0, "length": 22880, "req_memory_mb": 17408, "req_cpu_cores": 1, "child_ids": [26]}, {"id": 6, "workflow_id": 0, "length": 42521, "req_memory_mb": 21504, "req_cpu_cores": 13, "child_ids": [16]}, {"id": 7, "workflow_id": 0, "length": 66764, "req_memory_mb": 47104, "req_cpu_cores": 3, "child_ids": [9]}, {"id": 8, "workflow_id": 0, "length": 65598, "req_memory_mb": 9216, "req_cpu_cores": 6, "child_ids": [23]}, {"id": 9, "workflow_id": 0, "length": 56685, "req_memory_mb": 31744, "req_cpu_cores": 8, "child_ids": []}, {"id": 10, "workflow_id": 0, "length": 43791, "req_memory_mb": 84992, "req_cpu_cores": 8, "child_ids": []}, {"id": 11, "workflow_id": 0, "length": 80826, "req_memory_mb": 96256, "req_cpu_cores": 10, "child_ids": []}, {"id": 12, "workflow_id": 0, "length": 56886, "req_memory_mb": 82944, "req_cpu_cores": 7, "child_ids": [20, 26]}, {"id": 13, "workflow_id": 0, "length": 55667, "req_memory_mb": 80896, "req_cpu_cores": 3, "child_ids": []}, {"id": 14, "workflow_id": 0, "length": 64635, "req_memory_mb": 53248, "req_cpu_cores": 2, "child_ids": [15, 23]}, {"id": 15, "workflow_id": 0, "length": 23499, "req_memory_mb": 67584, "req_cpu_cores": 6, "child_ids": []}, {"id": 16, "workflow_id": 0, "length": 43583, "req_memory_mb": 28672, "req_cpu_cores": 7, "child_ids": []}, {"id": 17, "workflow_id": 0, "length": 56946, "req_memory_mb": 38912, "req_cpu_cores": 9, "child_ids": [27]}, {"id": 18, "workflow_id": 0, "length": 35919, "req_memory_mb": 25600, "req_cpu_cores": 13, "child_ids": []}, {"id": 19, "workflow_id": 0, "length": 54208, "req_memory_mb": 105472, "req_cpu_cores": 7, "child_ids": []}, {"id": 20, "workflow_id": 0, "length": 79595, "req_memory_mb": 26624, "req_cpu_cores": 12, "child_ids": []}, {"id": 21, "workflow_id": 0, "length": 56516, "req_memory_mb": 101376, "req_cpu_cores": 12, "child_ids": []}, {"id": 22, "workflow_id": 0, "length": 8686, "req_memory_mb": 53248, "req_cpu_cores": 4, "child_ids": [23, 25, 26, 27]}, {"id": 23, "workflow_id": 0, "length": 75229, "req_memory_mb": 97280, "req_cpu_cores": 5, "child_ids": [24, 25]}, {"id": 24, "workflow_id": 0, "length": 52117, "req_memory_mb": 65536, "req_cpu_cores": 7, "child_ids": []}, {"id": 25, "workflow_id": 0, "length": 32587, "req_memory_mb": 7168, "req_cpu_cores": 1, "child_ids": []}, {"id": 26, "workflow_id": 0, "length": 53877, "req_memory_mb": 105472, "req_cpu_cores": 6, "child_ids": []}, {"id": 27, "workflow_id": 0, "length": 33011, "req_memory_mb": 35840, "req_cpu_cores": 5, "child_ids": []}], "arrival_time": 0}]}