{"workflows": [{"id": 8, "tasks": [{"id": 0, "workflow_id": 8, "length": 46594, "req_memory_mb": 28672, "req_cpu_cores": 5, "child_ids": [1, 4]}, {"id": 1, "workflow_id": 8, "length": 53436, "req_memory_mb": 93184, "req_cpu_cores": 3, "child_ids": [2, 8, 9, 12]}, {"id": 2, "workflow_id": 8, "length": 26986, "req_memory_mb": 77824, "req_cpu_cores": 10, "child_ids": [3, 9, 11]}, {"id": 3, "workflow_id": 8, "length": 21947, "req_memory_mb": 78848, "req_cpu_cores": 2, "child_ids": [5, 6, 7, 9, 10, 11, 13]}, {"id": 4, "workflow_id": 8, "length": 41997, "req_memory_mb": 57344, "req_cpu_cores": 4, "child_ids": [5, 6, 7, 8, 9, 10, 12, 13]}, {"id": 5, "workflow_id": 8, "length": 25760, "req_memory_mb": 67584, "req_cpu_cores": 13, "child_ids": [6, 7, 8, 9, 11, 12]}, {"id": 6, "workflow_id": 8, "length": 62797, "req_memory_mb": 11264, "req_cpu_cores": 12, "child_ids": [7, 8, 9, 10, 11, 13]}, {"id": 7, "workflow_id": 8, "length": 51749, "req_memory_mb": 51200, "req_cpu_cores": 2, "child_ids": [8, 10, 11, 12]}, {"id": 8, "workflow_id": 8, "length": 59904, "req_memory_mb": 95232, "req_cpu_cores": 7, "child_ids": [11, 12]}, {"id": 9, "workflow_id": 8, "length": 58515, "req_memory_mb": 16384, "req_cpu_cores": 3, "child_ids": [10, 11, 12, 13]}, {"id": 10, "workflow_id": 8, "length": 72798, "req_memory_mb": 49152, "req_cpu_cores": 9, "child_ids": [11, 12, 13]}, {"id": 11, "workflow_id": 8, "length": 74810, "req_memory_mb": 26624, "req_cpu_cores": 2, "child_ids": [12, 13]}, {"id": 12, "workflow_id": 8, "length": 46387, "req_memory_mb": 80896, "req_cpu_cores": 9, "child_ids": []}, {"id": 13, "workflow_id": 8, "length": 38289, "req_memory_mb": 93184, "req_cpu_cores": 1, "child_ids": []}], "arrival_time": 0}]}