{"workflows": [{"id": 2, "tasks": [{"id": 0, "workflow_id": 2, "length": 80633, "req_memory_mb": 56320, "req_cpu_cores": 11, "child_ids": [1, 3, 4]}, {"id": 1, "workflow_id": 2, "length": 13572, "req_memory_mb": 38912, "req_cpu_cores": 3, "child_ids": [2, 7, 8, 9, 10, 11, 15]}, {"id": 2, "workflow_id": 2, "length": 68306, "req_memory_mb": 89088, "req_cpu_cores": 4, "child_ids": [6, 9]}, {"id": 3, "workflow_id": 2, "length": 39976, "req_memory_mb": 21504, "req_cpu_cores": 8, "child_ids": [5, 6, 7, 8, 9, 10, 11, 12, 13, 14, 15]}, {"id": 4, "workflow_id": 2, "length": 51509, "req_memory_mb": 93184, "req_cpu_cores": 8, "child_ids": [7, 8, 10, 11, 12, 14]}, {"id": 5, "workflow_id": 2, "length": 61906, "req_memory_mb": 24576, "req_cpu_cores": 4, "child_ids": [6, 7, 8, 9, 10, 11, 12, 13, 14]}, {"id": 6, "workflow_id": 2, "length": 39660, "req_memory_mb": 22528, "req_cpu_cores": 13, "child_ids": [7, 8, 9, 10, 11, 12, 14, 15]}, {"id": 7, "workflow_id": 2, "length": 56469, "req_memory_mb": 82944, "req_cpu_cores": 12, "child_ids": [10, 11, 12, 15]}, {"id": 8, "workflow_id": 2, "length": 77486, "req_memory_mb": 24576, "req_cpu_cores": 5, "child_ids": [9, 10, 11, 13, 14]}, {"id": 9, "workflow_id": 2, "length": 65458, "req_memory_mb": 51200, "req_cpu_cores": 3, "child_ids": [10, 11, 12, 13, 15]}, {"id": 10, "workflow_id": 2, "length": 56958, "req_memory_mb": 33792, "req_cpu_cores": 8, "child_ids": [11, 13, 14, 15]}, {"id": 11, "workflow_id": 2, "length": 33614, "req_memory_mb": 12288, "req_cpu_cores": 2, "child_ids": [12, 13, 14, 15]}, {"id": 12, "workflow_id": 2, "length": 28256, "req_memory_mb": 63488, "req_cpu_cores": 5, "child_ids": []}, {"id": 13, "workflow_id": 2, "length": 34431, "req_memory_mb": 59392, "req_cpu_cores": 8, "child_ids": []}, {"id": 14, "workflow_id": 2, "length": 54305, "req_memory_mb": 72704, "req_cpu_cores": 7, "child_ids": [15]}, {"id": 15, "workflow_id": 2, "length": 54210, "req_memory_mb": 105472, "req_cpu_cores": 6, "child_ids": []}], "arrival_time": 0}]}