{"workflows": [{"id": 3, "tasks": [{"id": 0, "workflow_id": 3, "length": 42407, "req_memory_mb": 11264, "req_cpu_cores": 5, "child_ids": [1, 2, 3, 4, 6, 7, 9, 10, 11, 13, 14, 16, 17, 19, 23, 26]}, {"id": 1, "workflow_id": 3, "length": 46883, "req_memory_mb": 39936, "req_cpu_cores": 12, "child_ids": []}, {"id": 2, "workflow_id": 3, "length": 40499, "req_memory_mb": 100352, "req_cpu_cores": 7, "child_ids": [7, 8, 10, 12, 14, 16, 18, 19, 21, 27]}, {"id": 3, "workflow_id": 3, "length": 63912, "req_memory_mb": 92160, "req_cpu_cores": 3, "child_ids": []}, {"id": 4, "workflow_id": 3, "length": 59233, "req_memory_mb": 94208, "req_cpu_cores": 2, "child_ids": [5, 12, 24]}, {"id": 5, "workflow_id": 3, "length": 38644, "req_memory_mb": 80896, "req_cpu_cores": 5, "child_ids": [21, 22]}, {"id": 6, "workflow_id": 3, "length": 75017, "req_memory_mb": 88064, "req_cpu_cores": 9, "child_ids": []}, {"id": 7, "workflow_id": 3, "length": 58509, "req_memory_mb": 102400, "req_cpu_cores": 13, "child_ids": [8]}, {"id": 8, "workflow_id": 3, "length": 51844, "req_memory_mb": 55296, "req_cpu_cores": 10, "child_ids": []}, {"id": 9, "workflow_id": 3, "length": 74263, "req_memory_mb": 111616, "req_cpu_cores": 11, "child_ids": []}, {"id": 10, "workflow_id": 3, "length": 38792, "req_memory_mb": 13312, "req_cpu_cores": 9, "child_ids": [27]}, {"id": 11, "workflow_id": 3, "length": 62305, "req_memory_mb": 62464, "req_cpu_cores": 3, "child_ids": []}, {"id": 12, "workflow_id": 3, "length": 49046, "req_memory_mb": 19456, "req_cpu_cores": 11, "child_ids": [15]}, {"id": 13, "workflow_id": 3, "length": 82038, "req_memory_mb": 30720, "req_cpu_cores": 12, "child_ids": []}, {"id": 14, "workflow_id": 3, "length": 44305, "req_memory_mb": 44032, "req_cpu_cores": 11, "child_ids": [20, 27]}, {"id": 15, "workflow_id": 3, "length": 64216, "req_memory_mb": 38912, "req_cpu_cores": 9, "child_ids": [24]}, {"id": 16, "workflow_id": 3, "length": 50727, "req_memory_mb": 6144, "req_cpu_cores": 9, "child_ids": []}, {"id": 17, "workflow_id": 3, "length": 52731, "req_memory_mb": 22528, "req_cpu_cores": 4, "child_ids": [18]}, {"id": 18, "workflow_id": 3, "length": 52771, "req_memory_mb": 79872, "req_cpu_cores": 9, "child_ids": [27]}, {"id": 19, "workflow_id": 3, "length": 28301, "req_memory_mb": 35840, "req_cpu_cores": 11, "child_ids": []}, {"id": 20, "workflow_id": 3, "length": 37739, "req_memory_mb": 108544, "req_cpu_cores": 10, "child_ids": []}, {"id": 21, "workflow_id": 3, "length": 51581, "req_memory_mb": 4096, "req_cpu_cores": 9, "child_ids": []}, {"id": 22, "workflow_id": 3, "length": 28661, "req_memory_mb": 15360, "req_cpu_cores": 8, "child_ids": [25]}, {"id": 23, "workflow_id": 3, "length": 81615, "req_memory_mb": 38912, "req_cpu_cores": 13, "child_ids": []}, {"id": 24, "workflow_id": 3, "length": 68525, "req_memory_mb": 105472, "req_cpu_cores": 6, "child_ids": []}, {"id": 25, "workflow_id": 3, "length": 58603, "req_memory_mb": 10240, "req_cpu_cores": 6, "child_ids": []}, {"id": 26, "workflow_id": 3, "length": 25789, "req_memory_mb": 32768, "req_cpu_cores": 3, "child_ids": []}, {"id": 27, "workflow_id": 3, "length": 51589, "req_memory_mb": 89088, "req_cpu_cores": 7, "child_ids": []}], "arrival_time": 0}]}