{"workflows": [{"id": 11, "tasks": [{"id": 0, "workflow_id": 11, "length": 55240, "req_memory_mb": 88064, "req_cpu_cores": 3, "child_ids": [1]}, {"id": 1, "workflow_id": 11, "length": 58727, "req_memory_mb": 62464, "req_cpu_cores": 7, "child_ids": [2, 3, 4, 5, 6, 7, 8, 9, 11, 12, 13, 14, 15, 16, 17]}, {"id": 2, "workflow_id": 11, "length": 27041, "req_memory_mb": 72704, "req_cpu_cores": 8, "child_ids": [11, 12, 13, 14, 16]}, {"id": 3, "workflow_id": 11, "length": 10045, "req_memory_mb": 24576, "req_cpu_cores": 9, "child_ids": [14, 15, 16]}, {"id": 4, "workflow_id": 11, "length": 44252, "req_memory_mb": 92160, "req_cpu_cores": 11, "child_ids": [5, 6, 7, 8, 11, 12, 13, 14, 16, 17]}, {"id": 5, "workflow_id": 11, "length": 49132, "req_memory_mb": 99328, "req_cpu_cores": 14, "child_ids": [6, 7, 8, 9, 10, 11, 12, 13, 16, 17]}, {"id": 6, "workflow_id": 11, "length": 26622, "req_memory_mb": 106496, "req_cpu_cores": 5, "child_ids": [8, 9, 10, 12, 13, 15, 16, 17]}, {"id": 7, "workflow_id": 11, "length": 58615, "req_memory_mb": 72704, "req_cpu_cores": 10, "child_ids": [8, 11, 12, 13, 14, 15, 16]}, {"id": 8, "workflow_id": 11, "length": 72751, "req_memory_mb": 15360, "req_cpu_cores": 6, "child_ids": [9, 11, 12, 13, 14, 15, 17]}, {"id": 9, "workflow_id": 11, "length": 48092, "req_memory_mb": 79872, "req_cpu_cores": 7, "child_ids": [10, 11, 12, 14, 16, 17]}, {"id": 10, "workflow_id": 11, "length": 50390, "req_memory_mb": 31744, "req_cpu_cores": 3, "child_ids": [11, 12, 13, 15]}, {"id": 11, "workflow_id": 11, "length": 35266, "req_memory_mb": 109568, "req_cpu_cores": 2, "child_ids": [12, 13, 14, 17]}, {"id": 12, "workflow_id": 11, "length": 77079, "req_memory_mb": 100352, "req_cpu_cores": 5, "child_ids": [13, 14, 15, 16, 17]}, {"id": 13, "workflow_id": 11, "length": 40806, "req_memory_mb": 47104, "req_cpu_cores": 14, "child_ids": []}, {"id": 14, "workflow_id": 11, "length": 73037, "req_memory_mb": 51200, "req_cpu_cores": 7, "child_ids": [15, 16, 17]}, {"id": 15, "workflow_id": 11, "length": 47547, "req_memory_mb": 31744, "req_cpu_cores": 11, "child_ids": []}, {"id": 16, "workflow_id": 11, "length": 31732, "req_memory_mb": 45056, "req_cpu_cores": 5, "child_ids": []}, {"id": 17, "workflow_id": 11, "length": 41726, "req_memory_mb": 40960, "req_cpu_cores": 12, "child_ids": []}], "arrival_time": 0}]}