{"workflows": [{"id": 9, "tasks": [{"id": 0, "workflow_id": 9, "length": 61962, "req_memory_mb": 58368, "req_cpu_cores": 6, "child_ids": [1, 2, 3, 4, 6, 7, 8, 10, 11, 12, 13, 14, 15, 18, 19, 20, 22, 23, 24, 25, 26]}, {"id": 1, "workflow_id": 9, "length": 49820, "req_memory_mb": 72704, "req_cpu_cores": 7, "child_ids": []}, {"id": 2, "workflow_id": 9, "length": 42984, "req_memory_mb": 92160, "req_cpu_cores": 13, "child_ids": [15, 18, 26]}, {"id": 3, "workflow_id": 9, "length": 81869, "req_memory_mb": 104448, "req_cpu_cores": 5, "child_ids": [6, 15, 17, 21, 22, 23]}, {"id": 4, "workflow_id": 9, "length": 63020, "req_memory_mb": 39936, "req_cpu_cores": 8, "child_ids": [5, 9, 17]}, {"id": 5, "workflow_id": 9, "length": 32833, "req_memory_mb": 105472, "req_cpu_cores": 4, "child_ids": []}, {"id": 6, "workflow_id": 9, "length": 43406, "req_memory_mb": 43008, "req_cpu_cores": 12, "child_ids": []}, {"id": 7, "workflow_id": 9, "length": 44068, "req_memory_mb": 58368, "req_cpu_cores": 13, "child_ids": []}, {"id": 8, "workflow_id": 9, "length": 48448, "req_memory_mb": 81920, "req_cpu_cores": 7, "child_ids": [16, 18, 21]}, {"id": 9, "workflow_id": 9, "length": 65129, "req_memory_mb": 78848, "req_cpu_cores": 8, "child_ids": []}, {"id": 10, "workflow_id": 9, "length": 20023, "req_memory_mb": 59392, "req_cpu_cores": 9, "child_ids": []}, {"id": 11, "workflow_id": 9, "length": 77486, "req_memory_mb": 5120, "req_cpu_cores": 5, "child_ids": [17, 18, 22, 23]}, {"id": 12, "workflow_id": 9, "length": 45018, "req_memory_mb": 94208, "req_cpu_cores": 10, "child_ids": [18, 23, 26]}, {"id": 13, "workflow_id": 9, "length": 52073, "req_memory_mb": 100352, "req_cpu_cores": 14, "child_ids": [21]}, {"id": 14, "workflow_id": 9, "length": 20837, "req_memory_mb": 53248, "req_cpu_cores": 6, "child_ids": []}, {"id": 15, "workflow_id": 9, "length": 39933, "req_memory_mb": 43008, "req_cpu_cores": 14, "child_ids": [23]}, {"id": 16, "workflow_id": 9, "length": 47803, "req_memory_mb": 34816, "req_cpu_cores": 3, "child_ids": [18]}, {"id": 17, "workflow_id": 9, "length": 51796, "req_memory_mb": 32768, "req_cpu_cores": 11, "child_ids": []}, {"id": 18, "workflow_id": 9, "length": 36446, "req_memory_mb": 109568, "req_cpu_cores": 1, "child_ids": []}, {"id": 19, "workflow_id": 9, "length": 6284, "req_memory_mb": 10240, "req_cpu_cores": 9, "child_ids": []}, {"id": 20, "workflow_id": 9, "length": 29321, "req_memory_mb": 76800, "req_cpu_cores": 7, "child_ids": []}, {"id": 21, "workflow_id": 9, "length": 54544, "req_memory_mb": 27648, "req_cpu_cores": 1, "child_ids": []}, {"id": 22, "workflow_id": 9, "length": 38708, "req_memory_mb": 33792, "req_cpu_cores": 12, "child_ids": []}, {"id": 23, "workflow_id": 9, "length": 78177, "req_memory_mb": 54272, "req_cpu_cores": 6, "child_ids": []}, {"id": 24, "workflow_id": 9, "length": 50715, "req_memory_mb": 90112, "req_cpu_cores": 2, "child_ids": []}, {"id": 25, "workflow_id": 9, "length": 65895, "req_memory_mb": 87040, "req_cpu_cores": 4, "child_ids": []}, {"id": 26, "workflow_id": 9, "length": 23553, "req_memory_mb": 108544, "req_cpu_cores": 6, "child_ids": []}], "arrival_time": 0}]}