{
  "workflows": [
    {
      "id": 0,
      "tasks": [
        {
          "id": 0,
          "workflow_id": 0,
          "length": 44271,
          "req_memory_mb": 4096,
          "req_cpu_cores": 47,
          "child_ids": [
            1
          ]
        },
        {
          "id": 1,
          "workflow_id": 0,
          "length": 51537,
          "req_memory_mb": 4096,
          "req_cpu_cores": 53,
          "child_ids": [
            2,
            3,
            4,
            6,
            7,
            9,
            10,
            11
          ]
        },
        {
          "id": 2,
          "workflow_id": 0,
          "length": 49223,
          "req_memory_mb": 3072,
          "req_cpu_cores": 53,
          "child_ids": [
            3,
            4,
            5,
            9,
            11
          ]
        },
        {
          "id": 3,
          "workflow_id": 0,
          "length": 59802,
          "req_memory_mb": 9216,
          "req_cpu_cores": 18,
          "child_ids": [
            9,
            10,
            4,
            7
          ]
        },
        {
          "id": 4,
          "workflow_id": 0,
          "length": 44008,
          "req_memory_mb": 4096,
          "req_cpu_cores": 47,
          "child_ids": [
            5,
            6,
            7,
            8,
            9,
            10,
            11
          ]
        },
        {
          "id": 5,
          "workflow_id": 0,
          "length": 48968,
          "req_memory_mb": 9216,
          "req_cpu_cores": 16,
          "child_ids": [
            8,
            9,
            11,
            6
          ]
        },
        {
          "id": 6,
          "workflow_id": 0,
          "length": 60155,
          "req_memory_mb": 6144,
          "req_cpu_cores": 48,
          "child_ids": [
            8,
            10,
            7
          ]
        },
        {
          "id": 7,
          "workflow_id": 0,
          "length": 36139,
          "req_memory_mb": 9216,
          "req_cpu_cores": 32,
          "child_ids": [
            9,
            11
          ]
        },
        {
          "id": 8,
          "workflow_id": 0,
          "length": 29018,
          "req_memory_mb": 7168,
          "req_cpu_cores": 38,
          "child_ids": [
            9,
            10,
            11
          ]
        },
        {
          "id": 9,
          "workflow_id": 0,
          "length": 47107,
          "req_memory_mb": 6144,
          "req_cpu_cores": 38,
          "child_ids": [
            11
          ]
        },
        {
          "id": 10,
          "workflow_id": 0,
          "length": 52132,
          "req_memory_mb": 8192,
          "req_cpu_cores": 38,
          "child_ids": []
        },
        {
          "id": 11,
          "workflow_id": 0,
          "length": 46740,
          "req_memory_mb": 6144,
          "req_cpu_cores": 38,
          "child_ids": []
        }
      ],
      "arrival_time": 0
    }
  ],
  "vms": [
    {
      "id": 0,
      "host_id": 3,
      "cpu_speed_mips": 1533,
      "memory_mb": 8192,
      "cpu_cores": 16,
      "disk_mb": 1024,
      "bandwidth_mbps": 50,
      "vmm": "Xen"
    },
    {
      "id": 1,
      "host_id": 2,
      "cpu_speed_mips": 4873,
      "memory_mb": 4096,
      "cpu_cores": 16,
      "disk_mb": 1024,
      "bandwidth_mbps": 50,
      "vmm": "Xen"
    },
    {
      "id": 2,
      "host_id": 1,
      "cpu_speed_mips": 3968,
      "memory_mb": 3072,
      "cpu_cores": 56,
      "disk_mb": 1024,
      "bandwidth_mbps": 50,
      "vmm": "Xen"
    },
    {
      "id": 3,
      "host_id": 0,
      "cpu_speed_mips": 3099,
      "memory_mb": 2048,
      "cpu_cores": 40,
      "disk_mb": 1024,
      "bandwidth_mbps": 50,
      "vmm": "Xen"
    },
    {
      "id": 4,
      "host_id": 3,
      "cpu_speed_mips": 2722,
      "memory_mb": 8192,
      "cpu_cores": 16,
      "disk_mb": 1024,
      "bandwidth_mbps": 50,
      "vmm": "Xen"
    },
    {
      "id": 5,
      "host_id": 2,
      "cpu_speed_mips": 3397,
      "memory_mb": 9216,
      "cpu_cores": 16,
      "disk_mb": 1024,
      "bandwidth_mbps": 50,
      "vmm": "Xen"
    },
    {
      "id": 6,
      "host_id": 1,
      "cpu_speed_mips": 1037,
      "memory_mb": 6144,
      "cpu_cores": 56,
      "disk_mb": 1024,
      "bandwidth_mbps": 50,
      "vmm": "Xen"
    },
    {
      "id": 7,
      "host_id": 0,
      "cpu_speed_mips": 2663,
      "memory_mb": 9216,
      "cpu_cores": 40,
      "disk_mb": 1024,
      "bandwidth_mbps": 50,
      "vmm": "Xen"
    },
    {
      "id": 8,
      "host_id": 3,
      "cpu_speed_mips": 2546,
      "memory_mb": 1024,
      "cpu_cores": 16,
      "disk_mb": 1024,
      "bandwidth_mbps": 50,
      "vmm": "Xen"
    },
    {
      "id": 9,
      "host_id": 2,
      "cpu_speed_mips": 599,
      "memory_mb": 1024,
      "cpu_cores": 16,
      "disk_mb": 1024,
      "bandwidth_mbps": 50,
      "vmm": "Xen"
    }
  ],
  "hosts": [
    {
      "id": 0,
      "cores": 40,
      "cpu_speed_mips": 512000,
      "power_idle_watt": 85,
      "power_peak_watt": 450,
      "memory_mb": 131072,
      "disk_mb": 12000000,
      "bandwidth_mbps": 2048
    },
    {
      "id": 1,
      "cores": 56,
      "cpu_speed_mips": 604800,
      "power_idle_watt": 50,
      "power_peak_watt": 432,
      "memory_mb": 65536,
      "disk_mb": 10000000,
      "bandwidth_mbps": 1536
    },
    {
      "id": 2,
      "cores": 16,
      "cpu_speed_mips": 187712,
      "power_idle_watt": 116,
      "power_peak_watt": 475,
      "memory_mb": 49152,
      "disk_mb": 10000000,
      "bandwidth_mbps": 1024
    },
    {
      "id": 3,
      "cores": 16,
      "cpu_speed_mips": 187712,
      "power_idle_watt": 116,
      "power_peak_watt": 475,
      "memory_mb": 49152,
      "disk_mb": 10000000,
      "bandwidth_mbps": 1024
    }
  ]
}