{
  "workflows": [
    {
      "id": 0,
      "layer_sizes": [
        1,
        1
      ],
      "edges": {
        "0": [],
        "1": []
      },
      "target": {
        "tasks": 0.4699760274609279,
        "edges": 0.4257720872074585,
        "width_peak": -0.07641359431789435,
        "depth_avg": 0.11492468340810147,
        "Pbar": 0.16796763654489494,
        "burstiness": -0.5606948088823636,
        "cp_frac": -0.11537300853270926
      },
      "realized": {
        "tasks": 2.0,
        "edges": 0.0,
        "width_peak": 1.0,
        "depth_avg": 0.5
      }
    },
    {
      "id": 1,
      "layer_sizes": [
        1,
        1
      ],
      "edges": {
        "0": [],
        "1": []
      },
      "target": {
        "tasks": -0.5064790198850782,
        "edges": -0.44538760342026884,
        "width_peak": -0.03362198149987394,
        "depth_avg": -0.1462677788830386,
        "Pbar": -0.1767010157518143,
        "burstiness": 0.29381628095348455,
        "cp_frac": 0.12794256483262334
      },
      "realized": {
        "tasks": 2.0,
        "edges": 0.0,
        "width_peak": 1.0,
        "depth_avg": 0.5
      }
    },
    {
      "id": 2,
      "layer_sizes": [
        1,
        1
      ],
      "edges": {
        "0": [],
        "1": []
      },
      "target": {
        "tasks": -0.6798682338997892,
        "edges": -0.6040425139650536,
        "width_peak": -0.009169631318147409,
        "depth_avg": -0.4596987336324073,
        "Pbar": 0.08547201111728386,
        "burstiness": -0.06257513903826067,
        "cp_frac": -0.08935649289881648
      },
      "realized": {
        "tasks": 2.0,
        "edges": 0.0,
        "width_peak": 1.0,
        "depth_avg": 0.5
      }
    },
    {
      "id": 3,
      "layer_sizes": [
        1,
        1
      ],
      "edges": {
        "0": [],
        "1": []
      },
      "target": {
        "tasks": -0.02281437026509381,
        "edges": -0.12807778233069905,
        "width_peak": 0.12531829468134653,
        "depth_avg": -0.2507447637994947,
        "Pbar": 0.31632540467724946,
        "burstiness": -0.5966474933786652,
        "cp_frac": -0.17038819229519508
      },
      "realized": {
        "tasks": 2.0,
        "edges": 0.0,
        "width_peak": 1.0,
        "depth_avg": 0.5
      }
    },
    {
      "id": 4,
      "layer_sizes": [
        1,
        1
      ],
      "edges": {
        "0": [],
        "1": []
      },
      "target": {
        "tasks": 0.05019161458320526,
        "edges": 0.0623081103230424,
        "width_peak": 0.08252668186332596,
        "depth_avg": 0.0975118525886925,
        "Pbar": -0.18172066541271503,
        "burstiness": 1.1538195122851067,
        "cp_frac": 0.02102143729517736
      },
      "realized": {
        "tasks": 2.0,
        "edges": 0.0,
        "width_peak": 1.0,
        "depth_avg": 0.5
      }
    },
    {
      "id": 5,
      "layer_sizes": [
        1,
        1
      ],
      "edges": {
        "0": [],
        "1": []
      },
      "target": {
        "tasks": 0.44259878314281564,
        "edges": 0.4911571412501575,
        "width_peak": -0.06418741922703136,
        "depth_avg": 0.47188771520599354,
        "Pbar": -0.29064343740593757,
        "burstiness": 0.4171049874376405,
        "cp_frac": 0.1350612250759995
      },
      "realized": {
        "tasks": 2.0,
        "edges": 0.0,
        "width_peak": 1.0,
        "depth_avg": 0.5
      }
    },
    {
      "id": 6,
      "layer_sizes": [
        1,
        1
      ],
      "edges": {
        "0": [],
        "1": []
      },
      "target": {
        "tasks": 0.11407185132546771,
        "edges": -0.00980775810640483,
        "width_peak": 0.16810990749936827,
        "depth_avg": -0.024377963147172887,
        "Pbar": 0.18089502262176538,
        "burstiness": 0.30852602474335505,
        "cp_frac": -0.061495852490282166
      },
      "realized": {
        "tasks": 2.0,
        "edges": 0.0,
        "width_peak": 1.0,
        "depth_avg": 0.5
      }
    },
    {
      "id": 7,
      "layer_sizes": [
        1,
        1
      ],
      "edges": {
        "0": [
          1
        ],
        "1": []
      },
      "target": {
        "tasks": 0.7163712263239387,
        "edges": 0.7738513454935922,
        "width_peak": -0.009169631318147242,
        "depth_avg": 0.5067133768448133,
        "Pbar": -0.016341414674306387,
        "burstiness": 0.004927769258088688,
        "cp_frac": 0.05482162361109855
      },
      "realized": {
        "tasks": 2.0,
        "edges": 1.0,
        "width_peak": 1.0,
        "depth_avg": 0.5
      }
    },
    {
      "id": 8,
      "layer_sizes": [
        1,
        1
      ],
      "edges": {
        "0": [],
        "1": []
      },
      "target": {
        "tasks": -0.6433652414756396,
        "edges": -0.5828885258924159,
        "width_peak": -0.13143138222677875,
        "depth_avg": -0.3639281641256559,
        "Pbar": -0.01404779490305802,
        "burstiness": -0.8062320722970948,
        "cp_frac": 0.07068984444883453
      },
      "realized": {
        "tasks": 2.0,
        "edges": 0.0,
        "width_peak": 1.0,
        "depth_avg": 0.5
      }
    },
    {
      "id": 9,
      "layer_sizes": [
        1,
        1
      ],
      "edges": {
        "0": [],
        "1": []
      },
      "target": {
        "tasks": 0.05931736268924337,
        "edges": 0.01711549944058849,
        "width_peak": -0.051961244136168316,
        "depth_avg": 0.05397977554016892,
        "Pbar": -0.07120574681336328,
        "burstiness": -0.15204506108129212,
        "cp_frac": 0.027076850953268616
      },
      "realized": {
        "tasks": 2.0,
        "edges": 0.0,
        "width_peak": 1.0,
        "depth_avg": 0.5
      }
    }
  ],
  "feature_names": [
    "tasks",
    "edges",
    "width_peak",
    "depth_avg",
    "Pbar",
    "burstiness",
    "cp_frac"
  ]
}